                 t           Prod
0         0.000000      54.856321
1         0.080091     109.712642
2         0.160182     164.568963
3         0.240272     219.425283
4         0.320363     274.281604
5         0.400454     329.137925
6         0.480545     383.994246
7         0.560635     438.850567
8         0.640726     493.706888
9         0.720817     548.563208
10        0.800908     603.419529
11        0.880998     658.275850
12        0.961089     713.132171
13        1.041180     767.988492
14        1.121271     822.844813
15        1.201362     877.701134
16        1.281452     932.557454
17        1.361543     987.413775
18        1.441634    1042.270096
19        1.521725    1097.126417
20        1.601815    1151.982738
21        1.681906    1206.839059
22        1.761997    1261.695380
23        1.842088    1316.551700
24        1.922178    1371.408021
25        2.002269    1426.264342
26        2.082360    1481.120663
27        2.162451    1535.976984
28        2.242542    1590.833305
29        2.322632    1645.689625
30        2.402723    1700.545946
31        2.482814    1755.402267
32        2.562905    1810.258588
33        2.642995    1865.114909
34        2.723086    1919.971230
35        2.803177    1974.827551
36        2.883268    2029.683871
37        2.963358    2084.540192
38        3.043449    2139.396513
39        3.123540    2194.252834
40        3.203631    2249.109155
41        3.283722    2303.965476
42        3.363812    2358.821796
43        3.443903    2413.678117
44        3.523994    2468.534438
45        3.604085    2523.390759
46        3.684175    2578.247080
47        3.764266    2633.103401
48        3.844357    2687.959722
49        3.924448    2742.816042
50        4.004538    2797.672363
51        4.084629    2852.528684
52        4.164720    2907.385005
53        4.244811    2962.241326
54        4.324902    3017.097647
55        4.404992    3071.953967
56        4.485083    3126.810288
57        4.565174    3181.666609
58        4.645265    3236.522930
59        4.725355    3291.379251
60        4.805446    3346.235572
61        4.885537    3401.091893
62        4.965628    3455.948213
63        5.045718    3510.804534
64        5.125809    3565.660855
65        5.205900    3620.517176
66        5.285991    3675.373497
67        5.366082    3730.229818
68        5.446172    3785.086139
69        5.526263    3839.942459
70        5.606354    3894.798780
71        5.686445    3949.655101
72        5.766535    4004.511422
73        5.846626    4059.367743
74        5.926717    4114.224064
75        6.006808    4169.080384
76        6.086898    4223.936705
77        6.166989    4278.793026
78        6.247080    4333.649347
79        6.327171    4388.505668
80        6.407262    4443.361989
81        6.487352    4498.218310
82        6.567443    4553.074630
83        6.647534    4607.930951
84        6.727625    4662.787272
85        6.807715    4717.643593
86        6.887806    4772.499914
87        6.967897    4827.356235
88        7.047988    4882.212555
89        7.128078    4937.068876
90        7.208169    4991.925197
91        7.288260    5046.781518
92        7.368351    5101.637839
93        7.448442    5156.494160
94        7.528532    5211.350481
95        7.608623    5266.206801
96        7.688714    5321.063122
97        7.768805    5375.919443
98        7.848895    5430.775764
99        7.928986    5485.632085
100       8.009077    5540.488406
101       8.089168    5595.344726
102       8.169258    5650.201047
103       8.249349    5705.057368
104       8.329440    5759.913689
105       8.409531    5814.770010
106       8.489622    5869.626331
107       8.569712    5924.482652
108       8.649803    5979.338972
109       8.729894    6034.195293
110       8.809985    6089.051614
111       8.890075    6143.907935
112       8.970166    6198.764256
113       9.050257    6253.620577
114       9.130348    6308.476898
115       9.210438    6363.333218
116       9.290529    6418.189539
117       9.370620    6473.045860
118       9.450711    6527.902181
119       9.530802    6582.758502
120       9.610892    6637.614823
121       9.690983    6692.471143
122       9.771074    6747.327464
123       9.851165    6802.183785
124       9.931255    6857.040106
125      10.011346    6911.896427
126      10.091437    6966.752748
127      10.171528    7021.609069
128      10.251619    7076.465389
129      10.331709    7131.321710
130      10.411800    7186.178031
131      10.491891    7241.034352
132      10.571982    7295.890673
133      10.652072    7350.746994
134      10.732163    7405.603314
135      10.812254    7460.459635
136      10.892345    7515.315956
137      10.972435    7570.172277
138      11.052526    7625.028598
139      11.132617    7679.884919
140      11.212708    7734.741240
141      11.292799    7789.597560
142      11.372889    7844.453881
143      11.452980    7899.310202
144      11.533071    7954.166523
145      11.613162    8009.022844
146      11.693252    8063.879165
147      11.773343    8118.735485
148      11.853434    8173.591806
149      11.933525    8228.448127
150      12.013615    8283.304448
151      12.093706    8338.160769
152      12.173797    8393.017090
153      12.253888    8447.873411
154      12.333979    8502.729731
155      12.414069    8557.586052
156      12.494160    8612.442373
157      12.574251    8667.298694
158      12.654342    8722.155015
159      12.734432    8777.011336
160      12.814523    8831.867657
161      12.894614    8886.723977
162      12.974705    8941.580298
163      13.054795    8996.436619
164      13.134886    9051.292940
165      13.214977    9106.149261
166      13.295068    9161.005582
167      13.375159    9215.861902
168      13.455249    9270.718223
169      13.535340    9325.574544
170      13.615431    9380.430865
171      13.695522    9435.287186
172      13.775612    9490.143507
173      13.855703    9544.999828
174      13.935794    9599.856148
175      14.015885    9654.712469
176      14.095975    9709.568790
177      14.176066    9764.425111
178      14.256157    9819.281432
179      14.336248    9874.137753
180      14.416339    9928.994073
181      14.496429    9983.850394
182      14.576520   10038.706715
183      14.656611   10093.563036
184      14.736702   10148.419357
185      14.816792   10203.275678
186      14.896883   10258.131999
187      14.976974   10312.988319
188      15.057065   10367.844640
189      15.137155   10422.700961
190      15.217246   10477.557282
191      15.297337   10532.413603
192      15.377428   10587.269924
193      15.457519   10642.126244
194      15.537609   10696.982565
195      15.617700   10751.838886
196      15.697791   10806.695207
197      15.777882   10861.551528
198      15.857972   10916.407849
199      15.938063   10971.264170
200      16.018154   11026.120490
201      16.098245   11080.976811
202      16.178335   11135.833132
203      16.258426   11190.689453
204      16.338517   11245.545774
205      16.418608   11300.402095
206      16.498699   11355.258416
207      16.578789   11410.114736
208      16.658880   11464.971057
209      16.738971   11519.827378
210      16.819062   11574.683699
211      16.899152   11629.540020
212      16.979243   11684.396341
213      17.059334   11739.252661
214      17.139425   11794.108982
215      17.219515   11848.965303
216      17.299606   11903.821624
217      17.379697   11958.677945
218      17.459788   12013.534266
219      17.539879   12068.390587
220      17.619969   12123.246907
221      17.700060   12178.103228
222      17.780151   12232.959549
223      17.860242   12287.815870
224      17.940332   12342.672191
225      18.020423   12397.528512
226      18.100514   12452.384832
227      18.180605   12507.241153
228      18.260695   12562.097474
229      18.340786   12616.953795
230      18.420877   12671.810116
231      18.500968   12726.666437
232      18.581059   12781.522758
233      18.661149   12836.379078
234      18.741240   12891.235399
235      18.821331   12946.091720
236      18.901422   13000.948041
237      18.981512   13055.804362
238      19.061603   13110.660683
239      19.141694   13165.517003
240      19.221785   13220.373324
241      19.301875   13275.229645
242      19.381966   13330.085966
243      19.462057   13384.942287
244      19.542148   13439.798608
245      19.622239   13494.654929
246      19.702329   13549.511249
247      19.782420   13604.367570
248      19.862511   13659.223891
249      19.942602   13714.080212
250      20.022692   13768.936533
251      20.102783   13823.792854
252      20.182874   13878.649175
253      20.262965   13933.505495
254      20.343055   13988.361816
255      20.423146   14043.218137
256      20.503237   14098.074458
257      20.583328   14152.930779
258      20.663419   14207.787100
259      20.743509   14262.643420
260      20.823600   14317.499741
261      20.903691   14372.356062
262      20.983782   14427.212383
263      21.063872   14482.068704
264      21.143963   14536.925025
265      21.224054   14591.781346
266      21.304145   14646.637666
267      21.384235   14701.493987
268      21.464326   14756.350308
269      21.544417   14811.206629
270      21.624508   14866.062950
271      21.704599   14920.919271
272      21.784689   14975.775591
273      21.864780   15030.631912
274      21.944871   15085.488233
275      22.024962   15140.344554
276      22.105052   15195.200875
277      22.185143   15250.057196
278      22.265234   15304.913517
279      22.345325   15359.769837
280      22.425415   15414.626158
281      22.505506   15469.482479
282      22.585597   15524.338800
283      22.665688   15579.195121
284      22.745779   15634.051442
285      22.825869   15688.907762
286      22.905960   15743.764083
287      22.986051   15798.620404
288      23.066142   15853.476725
289      23.146232   15908.333046
290      23.226323   15963.189367
291      23.306414   16018.045688
292      23.386505   16072.902008
293      23.466595   16127.758329
294      23.546686   16182.614650
295      23.626777   16237.470971
296      23.706868   16292.327292
297      23.786959   16347.183613
298      23.867049   16402.039934
299      23.947140   16456.896254
300      24.027231   16511.752575
301      24.107322   16566.608896
302      24.187412   16621.465217
303      24.267503   16676.321538
304      24.347594   16731.177859
305      24.427685   16786.034179
306      24.507775   16840.890500
307      24.587866   16895.746821
308      24.667957   16950.603142
309      24.748048   17005.459463
310      24.828139   17060.315784
311      24.908229   17115.172105
312      24.988320   17170.028425
313      25.068411   17224.884746
314      25.148502   17279.741067
315      25.228592   17334.597388
316      25.308683   17389.453709
317      25.388774   17444.310030
318      25.468865   17499.166350
319      25.548955   17554.022671
320      25.629046   17608.878992
321      25.709137   17663.735313
322      25.789228   17718.591634
323      25.869319   17773.447955
324      25.949409   17828.304276
325      26.029500   17883.160596
326      26.109591   17938.016917
327      26.189682   17992.873238
328      26.269772   18047.729559
329      26.349863   18102.585880
330      26.429954   18157.442201
331      26.510045   18212.298522
332      26.590135   18267.154842
333      26.670226   18322.011163
334      26.750317   18376.867484
335      26.830408   18431.723805
336      26.910499   18486.580126
337      26.990589   18541.436447
338      27.070680   18596.292767
339      27.150771   18651.149088
340      27.230862   18706.005409
341      27.310952   18760.861730
342      27.391043   18815.718051
343      27.471134   18870.574372
344      27.551225   18925.430693
345      27.631315   18980.287013
346      27.711406   19035.143334
347      27.791497   19089.999655
348      27.871588   19144.855976
349      27.951679   19199.712297
350      28.031769   19254.568618
351      28.111860   19309.424938
352      28.191951   19364.281259
353      28.272042   19419.137580
354      28.352132   19473.993901
355      28.432223   19528.850222
356      28.512314   19583.706543
357      28.592405   19638.562864
358      28.672495   19693.419184
359      28.752586   19748.275505
360      28.832677   19803.131826
361      28.912768   19857.988147
362      28.992859   19912.844468
363      29.072949   19967.700789
364      29.153040   20022.557109
365      29.233131   20077.413430
366      29.313222   20132.269751
367      29.393312   20187.126072
368      29.473403   20241.982393
369      29.553494   20296.838714
370      29.633585   20351.695035
371      29.713675   20406.551355
372      29.793766   20461.407676
373      29.873857   20516.263997
374      29.953948   20571.120318
375      30.034039   20625.976639
376      30.114129   20680.832960
377      30.194220   20735.689281
378      30.274311   20790.545601
379      30.354402   20845.401922
380      30.434492   20900.258243
381      30.514583   20955.114564
382      30.594674   21009.970885
383      30.674765   21064.827206
384      30.754856   21119.683526
385      30.834946   21174.539847
386      30.915037   21229.396168
387      30.995128   21284.252489
388      31.075219   21339.108810
389      31.155309   21393.965131
390      31.235400   21448.821452
391      31.315491   21503.677772
392      31.395582   21558.534093
393      31.475672   21613.390414
394      31.555763   21668.246735
395      31.635854   21723.103056
396      31.715945   21777.959377
397      31.796036   21832.815697
398      31.876126   21887.672018
399      31.956217   21942.528339
400      32.036308   21997.384660
401      32.116399   22052.240981
402      32.196489   22107.097302
403      32.276580   22161.953623
404      32.356671   22216.809943
405      32.436762   22271.666264
406      32.516852   22326.522585
407      32.596943   22381.378906
408      32.677034   22436.235227
409      32.757125   22491.091548
410      32.837216   22545.947868
411      32.917306   22600.804189
412      32.997397   22655.660510
413      33.077488   22710.516831
414      33.157579   22765.373152
415      33.237669   22820.229473
416      33.317760   22875.085794
417      33.397851   22929.942114
418      33.477942   22984.798435
419      33.558032   23039.654756
420      33.638123   23094.511077
421      33.718214   23149.367398
422      33.798305   23204.223719
423      33.878396   23259.080040
424      33.958486   23313.936360
425      34.038577   23368.792681
426      34.118668   23423.649002
427      34.198759   23478.505323
428      34.278849   23533.361644
429      34.358940   23588.217965
430      34.439031   23643.074285
431      34.519122   23697.930606
432      34.599212   23752.786927
433      34.679303   23807.643248
434      34.759394   23862.499569
435      34.839485   23917.355890
436      34.919576   23972.212211
437      34.999666   24027.068531
438      35.079757   24081.924852
439      35.159848   24136.781173
440      35.239939   24191.637494
441      35.320029   24246.493815
442      35.400120   24301.350136
443      35.480211   24356.206456
444      35.560302   24411.062777
445      35.640392   24465.919098
446      35.720483   24520.775419
447      35.800574   24575.631740
448      35.880665   24630.488061
449      35.960756   24685.344382
450      36.040846   24740.200702
451      36.120937   24795.057023
452      36.201028   24849.913344
453      36.281119   24904.769665
454      36.361209   24959.625986
455      36.441300   25014.482307
456      36.521391   25069.338627
457      36.601482   25124.194948
458      36.681572   25179.051269
459      36.761663   25233.907590
460      36.841754   25288.763911
461      36.921845   25343.620232
462      37.001936   25398.476553
463      37.082026   25453.332873
464      37.162117   25508.189194
465      37.242208   25563.045515
466      37.322299   25617.901836
467      37.402389   25672.758157
468      37.482480   25727.614478
469      37.562571   25782.470799
470      37.642662   25837.327119
471      37.722752   25892.183440
472      37.802843   25947.039761
473      37.882934   26001.896082
474      37.963025   26056.752403
475      38.043116   26111.608724
476      38.123206   26166.465044
477      38.203297   26221.321365
478      38.283388   26276.177686
479      38.363479   26331.034007
480      38.443569   26385.890328
481      38.523660   26440.746649
482      38.603751   26495.602970
483      38.683842   26550.459290
484      38.763932   26605.315611
485      38.844023   26660.171932
486      38.924114   26715.028253
487      39.004205   26769.884574
488      39.084296   26824.740895
489      39.164386   26879.597215
490      39.244477   26934.453536
491      39.324568   26989.309857
492      39.404659   27044.166178
493      39.484749   27099.022499
494      39.564840   27153.878820
495      39.644931   27208.735141
496      39.725022   27263.591461
497      39.805112   27318.447782
498      39.885203   27373.304103
499      39.965294   27428.160424
500      40.045385   27483.016745
501      40.125476   27537.873066
502      40.205566   27592.729386
503      40.285657   27647.585707
504      40.365748   27702.442028
505      40.445839   27757.298349
506      40.525929   27812.154670
507      40.606020   27867.010991
508      40.686111   27921.867312
509      40.766202   27976.723632
510      40.846292   28031.579953
511      40.926383   28086.436274
512      41.006474   28141.292595
513      41.086565   28196.148916
514      41.166656   28251.005237
515      41.246746   28305.861558
516      41.326837   28360.717878
517      41.406928   28415.574199
518      41.487019   28470.430520
519      41.567109   28525.286841
520      41.647200   28580.143162
521      41.727291   28634.999483
522      41.807382   28689.855803
523      41.887472   28744.712124
524      41.967563   28799.568445
525      42.047654   28854.424766
526      42.127745   28909.281087
527      42.207836   28964.137408
528      42.287926   29018.993729
529      42.368017   29073.850049
530      42.448108   29128.706370
531      42.528199   29183.562691
532      42.608289   29238.419012
533      42.688380   29293.275333
534      42.768471   29348.131654
535      42.848562   29402.987974
536      42.928652   29457.844295
537      43.008743   29512.700616
538      43.088834   29567.556937
539      43.168925   29622.413258
540      43.249016   29677.269579
541      43.329106   29732.125900
542      43.409197   29786.982220
543      43.489288   29841.838541
544      43.569379   29896.694862
545      43.649469   29951.551183
546      43.729560   30006.407504
547      43.809651   30061.263825
548      43.889742   30116.120145
549      43.969832   30170.976466
550      44.049923   30225.832787
551      44.130014   30280.689108
552      44.210105   30335.545429
553      44.290196   30390.401750
554      44.370286   30445.258071
555      44.450377   30500.114391
556      44.530468   30554.970712
557      44.610559   30609.827033
558      44.690649   30664.683354
559      44.770740   30719.539675
560      44.850831   30774.395996
561      44.930922   30829.252317
562      45.011012   30884.108637
563      45.091103   30938.964958
564      45.171194   30993.821279
565      45.251285   31048.677600
566      45.331376   31103.533921
567      45.411466   31158.390242
568      45.491557   31213.246562
569      45.571648   31268.102883
570      45.651739   31322.959204
571      45.731829   31377.815525
572      45.811920   31432.671846
573      45.892011   31487.528167
574      45.972102   31542.384488
575      46.052192   31597.240808
576      46.132283   31652.097129
577      46.212374   31706.953450
578      46.292465   31761.809771
579      46.372556   31816.666092
580      46.452646   31871.522413
581      46.532737   31926.378733
582      46.612828   31981.235054
583      46.692919   32036.091375
584      46.773009   32090.947696
585      46.853100   32145.804017
586      46.933191   32200.660338
587      47.013282   32255.516659
588      47.093372   32310.372979
589      47.173463   32365.229300
590      47.253554   32420.085621
591      47.333645   32474.941942
592      47.413736   32529.798263
593      47.493826   32584.654584
594      47.573917   32639.510905
595      47.654008   32694.367225
596      47.734099   32749.223546
597      47.814189   32804.079867
598      47.894280   32858.936188
599      47.974371   32913.792509
600      48.054462   32968.648830
601      48.134552   33023.505150
602      48.214643   33078.361471
603      48.294734   33133.217792
604      48.374825   33188.074113
605      48.454916   33242.930434
606      48.535006   33297.786755
607      48.615097   33352.643076
608      48.695188   33407.499396
609      48.775279   33462.355717
610      48.855369   33517.212038
611      48.935460   33572.068359
612      49.015551   33626.924680
613      49.095642   33681.781001
614      49.175732   33736.637321
615      49.255823   33791.493642
616      49.335914   33846.349963
617      49.416005   33901.206284
618      49.496096   33956.062605
619      49.576186   34010.918926
620      49.656277   34065.775247
621      49.736368   34120.631567
622      49.816459   34175.487888
623      49.896549   34230.344209
624      49.976640   34285.200530
625      50.056731   34340.056851
626      50.136822   34394.913172
627      50.216913   34449.769492
628      50.297003   34504.625813
629      50.377094   34559.482134
630      50.457185   34614.338455
631      50.537276   34669.194776
632      50.617366   34724.051097
633      50.697457   34778.907418
634      50.777548   34833.763738
635      50.857639   34888.620059
636      50.937729   34943.476380
637      51.017820   34998.332701
638      51.097911   35053.189022
639      51.178002   35108.045343
640      51.258093   35162.901664
641      51.338183   35217.757984
642      51.418274   35272.614305
643      51.498365   35327.470626
644      51.578456   35382.326947
645      51.658546   35437.183268
646      51.738637   35492.039589
647      51.818728   35546.895909
648      51.898819   35601.752230
649      51.978909   35656.608551
650      52.059000   35711.464872
651      52.139091   35766.321193
652      52.219182   35821.177514
653      52.299273   35876.033835
654      52.379363   35930.890155
655      52.459454   35985.746476
656      52.539545   36040.602797
657      52.619636   36095.459118
658      52.699726   36150.315439
659      52.779817   36205.171760
660      52.859908   36260.028080
661      52.939999   36314.884401
662      53.020089   36369.740722
663      53.100180   36424.597043
664      53.180271   36479.453364
665      53.260362   36534.309685
666      53.340453   36589.166006
667      53.420543   36644.022326
668      53.500634   36698.878647
669      53.580725   36753.734968
670      53.660816   36808.591289
671      53.740906   36863.447610
672      53.820997   36918.303931
673      53.901088   36973.160251
674      53.981179   37028.016572
675      54.061269   37082.872893
676      54.141360   37137.729214
677      54.221451   37192.585535
678      54.301542   37247.441856
679      54.381633   37302.298177
680      54.461723   37357.154497
681      54.541814   37412.010818
682      54.621905   37466.867139
683      54.701996   37521.723460
684      54.782086   37576.579781
685      54.862177   37631.436102
686      54.942268   37686.292423
687      55.022359   37741.148743
688      55.102449   37796.005064
689      55.182540   37850.861385
690      55.262631   37905.717706
691      55.342722   37960.574027
692      55.422813   38015.430348
693      55.502903   38070.286668
694      55.582994   38125.142989
695      55.663085   38179.999310
696      55.743176   38234.855631
697      55.823266   38289.711952
698      55.903357   38344.568273
699      55.983448   38399.424594
700      56.063539   38454.280914
701      56.143629   38509.137235
702      56.223720   38563.993556
703      56.303811   38618.849877
704      56.383902   38673.706198
705      56.463993   38728.562519
706      56.544083   38783.418839
707      56.624174   38838.275160
708      56.704265   38893.131481
709      56.784356   38947.987802
710      56.864446   39002.844123
711      56.944537   39057.700444
712      57.024628   39112.556765
713      57.104719   39167.413085
714      57.184809   39222.269406
715      57.264900   39277.125727
716      57.344991   39331.982048
717      57.425082   39386.838369
718      57.505173   39441.694690
719      57.585263   39496.551010
720      57.665354   39551.407331
721      57.745445   39606.263652
722      57.825536   39661.119973
723      57.905626   39715.976294
724      57.985717   39770.832615
725      58.065808   39825.688936
726      58.145899   39880.545256
727      58.225989   39935.401577
728      58.306080   39990.257898
729      58.386171   40045.114219
730      58.466262   40099.970540
731      58.546353   40154.826861
732      58.626443   40209.683182
733      58.706534   40264.539502
734      58.786625   40319.395823
735      58.866716   40374.252144
736      58.946806   40429.108465
737      59.026897   40483.964786
738      59.106988   40538.821107
739      59.187079   40593.677427
740      59.267169   40648.533748
741      59.347260   40703.390069
742      59.427351   40758.246390
743      59.507442   40813.102711
744      59.587533   40867.959032
745      59.667623   40922.815353
746      59.747714   40977.671673
747      59.827805   41032.527994
748      59.907896   41087.384315
749      59.987986   41142.240636
750      60.068077   41197.096957
751      60.148168   41251.953278
752      60.228259   41306.809598
753      60.308349   41361.665919
754      60.388440   41416.522240
755      60.468531   41471.378561
756      60.548622   41526.234882
757      60.628713   41581.091203
758      60.708803   41635.947524
759      60.788894   41690.803844
760      60.868985   41745.660165
761      60.949076   41800.516486
762      61.029166   41855.372807
763      61.109257   41910.229128
764      61.189348   41965.085449
765      61.269439   42019.941769
766      61.349529   42074.798090
767      61.429620   42129.654411
768      61.509711   42184.510732
769      61.589802   42239.367053
770      61.669893   42294.223374
771      61.749983   42349.079695
772      61.830074   42403.936015
773      61.910165   42458.792336
774      61.990256   42513.648657
775      62.070346   42568.504978
776      62.150437   42623.361299
777      62.230528   42678.217620
778      62.310619   42733.073941
779      62.390709   42787.930261
780      62.470800   42842.786582
781      62.550891   42897.642903
782      62.630982   42952.499224
783      62.711073   43007.355545
784      62.791163   43062.211866
785      62.871254   43117.068186
786      62.951345   43171.924507
787      63.031436   43226.780828
788      63.111526   43281.637149
789      63.191617   43336.493470
790      63.271708   43391.349791
791      63.351799   43446.206112
792      63.431889   43501.062432
793      63.511980   43555.918753
794      63.592071   43610.775074
795      63.672162   43665.631395
796      63.752253   43720.487716
797      63.832343   43775.344037
798      63.912434   43830.200357
799      63.992525   43885.056678
800      64.072616   43939.912999
801      64.152706   43994.769320
802      64.232797   44049.625641
803      64.312888   44104.481962
804      64.392979   44159.338283
805      64.473069   44214.194603
806      64.553160   44269.050924
807      64.633251   44323.907245
808      64.713342   44378.763566
809      64.793433   44433.619887
810      64.873523   44488.476208
811      64.953614   44543.332528
812      65.033705   44598.188849
813      65.113796   44653.045170
814      65.193886   44707.901491
815      65.273977   44762.757812
816      65.354068   44817.614133
817      65.434159   44872.470454
818      65.514249   44927.326774
819      65.594340   44982.183095
820      65.674431   45037.039416
821      65.754522   45091.895737
822      65.834613   45146.752058
823      65.914703   45201.608379
824      65.994794   45256.464700
825      66.074885   45311.321020
826      66.154976   45366.177341
827      66.235066   45421.033662
828      66.315157   45475.889983
829      66.395248   45530.746304
830      66.475339   45585.602625
831      66.555429   45640.458945
832      66.635520   45695.315266
833      66.715611   45750.171587
834      66.795702   45805.027908
835      66.875793   45859.884229
836      66.955883   45914.740550
837      67.035974   45969.596871
838      67.116065   46024.453191
839      67.196156   46079.309512
840      67.276246   46134.165833
841      67.356337   46189.022154
842      67.436428   46243.878475
843      67.516519   46298.734796
844      67.596609   46353.591116
845      67.676700   46408.447437
846      67.756791   46463.303758
847      67.836882   46518.160079
848      67.916973   46573.016400
849      67.997063   46627.872721
850      68.077154   46682.729042
851      68.157245   46737.585362
852      68.237336   46792.441683
853      68.317426   46847.298004
854      68.397517   46902.154325
855      68.477608   46957.010646
856      68.557699   47011.866967
857      68.637789   47066.723287
858      68.717880   47121.579608
859      68.797971   47176.435929
860      68.878062   47231.292250
861      68.958153   47286.148571
862      69.038243   47341.004892
863      69.118334   47395.861213
864      69.198425   47450.717533
865      69.278516   47505.573854
866      69.358606   47560.430175
867      69.438697   47615.286496
868      69.518788   47670.142817
869      69.598879   47724.999138
870      69.678969   47779.855459
871      69.759060   47834.711779
872      69.839151   47889.568100
873      69.919242   47944.424421
874      69.999333   47999.280742
875      70.079423   48054.137063
876      70.159514   48108.993384
877      70.239605   48163.849704
878      70.319696   48218.706025
879      70.399786   48273.562346
880      70.479877   48328.418667
881      70.559968   48383.274988
882      70.640059   48438.131309
883      70.720150   48492.987630
884      70.800240   48547.843950
885      70.880331   48602.700271
886      70.960422   48657.556592
887      71.040513   48712.412913
888      71.120603   48767.269234
889      71.200694   48822.125555
890      71.280785   48876.981875
891      71.360876   48931.838196
892      71.440966   48986.694517
893      71.521057   49041.550838
894      71.601148   49096.407159
895      71.681239   49151.263480
896      71.761330   49206.119801
897      71.841420   49260.976121
898      71.921511   49315.832442
899      72.001602   49370.688763
900      72.081693   49425.545084
901      72.161783   49480.401405
902      72.241874   49535.257726
903      72.321965   49590.114047
904      72.402056   49644.970367
905      72.482146   49699.826688
906      72.562237   49754.683009
907      72.642328   49809.539330
908      72.722419   49864.395651
909      72.802510   49919.251972
910      72.882600   49974.108292
911      72.962691   50028.964613
912      73.042782   50083.820934
913      73.122873   50138.677255
914      73.202963   50193.533576
915      73.283054   50248.389897
916      73.363145   50303.246218
917      73.443236   50358.102538
918      73.523326   50412.958859
919      73.603417   50467.815180
920      73.683508   50522.671501
921      73.763599   50577.527822
922      73.843690   50632.384143
923      73.923780   50687.240463
924      74.003871   50742.096784
925      74.083962   50796.953105
926      74.164053   50851.809426
927      74.244143   50906.665747
928      74.324234   50961.522068
929      74.404325   51016.378389
930      74.484416   51071.234709
931      74.564506   51126.091030
932      74.644597   51180.947351
933      74.724688   51235.803672
934      74.804779   51290.659993
935      74.884870   51345.516314
936      74.964960   51400.372634
937      75.045051   51455.228955
938      75.125142   51510.085276
939      75.205233   51564.941597
940      75.285323   51619.797918
941      75.365414   51674.654239
942      75.445505   51729.510560
943      75.525596   51784.366880
944      75.605686   51839.223201
945      75.685777   51894.079522
946      75.765868   51948.935843
947      75.845959   52003.792164
948      75.926050   52058.648485
949      76.006140   52113.504806
950      76.086231   52168.361126
951      76.166322   52223.217447
952      76.246413   52278.073768
953      76.326503   52332.930089
954      76.406594   52387.786410
955      76.486685   52442.642731
956      76.566776   52497.499051
957      76.646866   52552.355372
958      76.726957   52607.211693
959      76.807048   52662.068014
960      76.887139   52716.924335
961      76.967230   52771.780656
962      77.047320   52826.636977
963      77.127411   52881.493297
964      77.207502   52936.349618
965      77.287593   52991.205939
966      77.367683   53046.062260
967      77.447774   53100.918581
968      77.527865   53155.774902
969      77.607956   53210.631222
970      77.688046   53265.487543
971      77.768137   53320.343864
972      77.848228   53375.200185
973      77.928319   53430.056506
974      78.008410   53484.912827
975      78.088500   53539.769148
976      78.168591   53594.625468
977      78.248682   53649.481789
978      78.328773   53704.338110
979      78.408863   53759.194431
980      78.488954   53814.050752
981      78.569045   53868.907073
982      78.649136   53923.763393
983      78.729226   53978.619714
984      78.809317   54033.476035
985      78.889408   54088.332356
986      78.969499   54143.188677
987      79.049590   54198.044998
988      79.129680   54252.901319
989      79.209771   54307.757639
990      79.289862   54362.613960
991      79.369953   54417.470281
992      79.450043   54472.326602
993      79.530134   54527.182923
994      79.610225   54582.039244
995      79.690316   54636.895565
996      79.770406   54691.751885
997      79.850497   54746.608206
998      79.930588   54801.464527
999      80.010679   54856.320848
1000     80.090770   54911.177169
1001     80.170860   54966.033490
1002     80.250951   55020.889810
1003     80.331042   55075.746131
1004     80.411133   55130.602452
1005     80.491223   55185.458773
1006     80.571314   55240.315094
1007     80.651405   55295.171415
1008     80.731496   55350.027736
1009     80.811586   55404.884056
1010     80.891677   55459.740377
1011     80.971768   55514.596698
1012     81.051859   55569.453019
1013     81.131950   55624.309340
1014     81.212040   55679.165661
1015     81.292131   55734.021981
1016     81.372222   55788.878302
1017     81.452313   55843.734623
1018     81.532403   55898.590944
1019     81.612494   55953.447265
1020     81.692585   56008.303586
1021     81.772676   56063.159907
1022     81.852766   56118.016227
1023     81.932857   56172.872548
1024     82.012948   56227.728869
1025     82.093039   56282.585190
1026     82.173130   56337.441511
1027     82.253220   56392.297832
1028     82.333311   56447.154152
1029     82.413402   56502.010473
1030     82.493493   56556.866794
1031     82.573583   56611.723115
1032     82.653674   56666.579436
1033     82.733765   56721.435757
1034     82.813856   56776.292078
1035     82.893946   56831.148398
1036     82.974037   56886.004719
1037     83.054128   56940.861040
1038     83.134219   56995.717361
1039     83.214310   57050.573682
1040     83.294400   57105.430003
1041     83.374491   57160.286324
1042     83.454582   57215.142644
1043     83.534673   57269.998965
1044     83.614763   57324.855286
1045     83.694854   57379.711607
1046     83.774945   57434.567928
1047     83.855036   57489.424249
1048     83.935126   57544.280569
1049     84.015217   57599.136890
1050     84.095308   57653.993211
1051     84.175399   57708.849532
1052     84.255490   57763.705853
1053     84.335580   57818.562174
1054     84.415671   57873.418495
1055     84.495762   57928.274815
1056     84.575853   57983.131136
1057     84.655943   58037.987457
1058     84.736034   58092.843778
1059     84.816125   58147.700099
1060     84.896216   58202.556420
1061     84.976306   58257.412740
1062     85.056397   58312.269061
1063     85.136488   58367.125382
1064     85.216579   58421.981703
1065     85.296670   58476.838024
1066     85.376760   58531.694345
1067     85.456851   58586.550666
1068     85.536942   58641.406986
1069     85.617033   58696.263307
1070     85.697123   58751.119628
1071     85.777214   58805.975949
1072     85.857305   58860.832270
1073     85.937396   58915.688591
1074     86.017486   58970.544911
1075     86.097577   59025.401232
1076     86.177668   59080.257553
1077     86.257759   59135.113874
1078     86.337850   59189.970195
1079     86.417940   59244.826516
1080     86.498031   59299.682837
1081     86.578122   59354.539157
1082     86.658213   59409.395478
1083     86.738303   59464.251799
1084     86.818394   59519.108120
1085     86.898485   59573.964441
1086     86.978576   59628.820762
1087     87.058666   59683.677083
1088     87.138757   59738.533403
1089     87.218848   59793.389724
1090     87.298939   59848.246045
1091     87.379030   59903.102366
1092     87.459120   59957.958687
1093     87.539211   60012.815008
1094     87.619302   60067.671328
1095     87.699393   60122.527649
1096     87.779483   60177.383970
1097     87.859574   60232.240291
1098     87.939665   60287.096612
1099     88.019756   60341.952933
1100     88.099846   60396.809254
1101     88.179937   60451.665574
1102     88.260028   60506.521895
1103     88.340119   60561.378216
1104     88.420210   60616.234537
1105     88.500300   60671.090858
1106     88.580391   60725.947179
1107     88.660482   60780.803499
1108     88.740573   60835.659820
1109     88.820663   60890.516141
1110     88.900754   60945.372462
1111     88.980845   61000.228783
1112     89.060936   61055.085104
1113     89.141026   61109.941425
1114     89.221117   61164.797745
1115     89.301208   61219.654066
1116     89.381299   61274.510387
1117     89.461390   61329.366708
1118     89.541480   61384.223029
1119     89.621571   61439.079350
1120     89.701662   61493.935670
1121     89.781753   61548.791991
1122     89.861843   61603.648312
1123     89.941934   61658.504633
1124     90.022025   61713.360954
1125     90.102116   61768.217275
1126     90.182207   61823.073596
1127     90.262297   61877.929916
1128     90.342388   61932.786237
1129     90.422479   61987.642558
1130     90.502570   62042.498879
1131     90.582660   62097.355200
1132     90.662751   62152.211521
1133     90.742842   62207.067842
1134     90.822933   62261.924162
1135     90.903023   62316.780483
1136     90.983114   62371.636804
1137     91.063205   62426.493125
1138     91.143296   62481.349446
1139     91.223387   62536.205767
1140     91.303477   62591.062087
1141     91.383568   62645.918408
1142     91.463659   62700.774729
1143     91.543750   62755.631050
1144     91.623840   62810.487371
1145     91.703931   62865.343692
1146     91.784022   62920.200013
1147     91.864113   62975.056333
1148     91.944203   63029.912654
1149     92.024294   63084.768975
1150     92.104385   63139.625296
1151     92.184476   63194.481617
1152     92.264567   63249.337938
1153     92.344657   63304.194258
1154     92.424748   63359.050579
1155     92.504839   63413.906900
1156     92.584930   63468.763221
1157     92.665020   63523.619542
1158     92.745111   63578.475863
1159     92.825202   63633.332184
1160     92.905293   63688.188504
1161     92.985383   63743.044825
1162     93.065474   63797.901146
1163     93.145565   63852.757467
1164     93.225656   63907.613788
1165     93.305747   63962.470109
1166     93.385837   64017.326430
1167     93.465928   64072.182750
1168     93.546019   64127.039071
1169     93.626110   64181.895392
1170     93.706200   64236.751713
1171     93.786291   64291.608034
1172     93.866382   64346.464355
1173     93.946473   64401.320675
1174     94.026563   64456.176996
1175     94.106654   64511.033317
1176     94.186745   64565.889638
1177     94.266836   64620.745959
1178     94.346927   64675.602280
1179     94.427017   64730.458601
1180     94.507108   64785.314921
1181     94.587199   64840.171242
1182     94.667290   64895.027563
1183     94.747380   64949.883884
1184     94.827471   65004.740205
1185     94.907562   65059.596526
1186     94.987653   65114.452846
1187     95.067743   65169.309167
1188     95.147834   65224.165488
1189     95.227925   65279.021809
1190     95.308016   65333.878130
1191     95.388107   65388.734451
1192     95.468197   65443.590772
1193     95.548288   65498.447092
1194     95.628379   65553.303413
1195     95.708470   65608.159734
1196     95.788560   65663.016055
1197     95.868651   65717.872376
1198     95.948742   65772.728697
1199     96.028833   65827.585017
1200     96.108923   65882.441338
1201     96.189014   65937.297659
1202     96.269105   65992.153980
1203     96.349196   66047.010301
1204     96.429287   66101.866622
1205     96.509377   66156.722943
1206     96.589468   66211.579263
1207     96.669559   66266.435584
1208     96.749650   66321.291905
1209     96.829740   66376.148226
1210     96.909831   66431.004547
1211     96.989922   66485.860868
1212     97.070013   66540.717189
1213     97.150103   66595.573509
1214     97.230194   66650.429830
1215     97.310285   66705.286151
1216     97.390376   66760.142472
1217     97.470467   66814.998793
1218     97.550557   66869.855114
1219     97.630648   66924.711434
1220     97.710739   66979.567755
1221     97.790830   67034.424076
1222     97.870920   67089.280397
1223     97.951011   67144.136718
1224     98.031102   67198.993039
1225     98.111193   67253.849360
1226     98.191283   67308.705680
1227     98.271374   67363.562001
1228     98.351465   67418.418322
1229     98.431556   67473.274643
1230     98.511647   67528.130964
1231     98.591737   67582.987285
1232     98.671828   67637.843605
1233     98.751919   67692.699926
1234     98.832010   67747.556247
1235     98.912100   67802.412568
1236     98.992191   67857.268889
1237     99.072282   67912.125210
1238     99.152373   67966.981531
1239     99.232463   68021.837851
1240     99.312554   68076.694172
1241     99.392645   68131.550493
1242     99.472736   68186.406814
1243     99.552827   68241.263135
1244     99.632917   68296.119456
1245     99.713008   68350.975776
1246     99.793099   68405.832097
1247     99.873190   68460.688418
1248     99.953280   68515.544739
1249    100.033371   68570.401060
1250    100.113462   68625.257381
1251    100.193553   68680.113702
1252    100.273643   68734.970022
1253    100.353734   68789.826343
1254    100.433825   68844.682664
1255    100.513916   68899.538985
1256    100.594007   68954.395306
1257    100.674097   69009.251627
1258    100.754188   69064.107948
1259    100.834279   69118.964268
1260    100.914370   69173.820589
1261    100.994460   69228.676910
1262    101.074551   69283.533231
1263    101.154642   69338.389552
1264    101.234733   69393.245873
1265    101.314823   69448.102193
1266    101.394914   69502.958514
1267    101.475005   69557.814835
1268    101.555096   69612.671156
1269    101.635187   69667.527477
1270    101.715277   69722.383798
1271    101.795368   69777.240119
1272    101.875459   69832.096439
1273    101.955550   69886.952760
1274    102.035640   69941.809081
1275    102.115731   69996.665402
1276    102.195822   70051.521723
1277    102.275913   70106.378044
1278    102.356003   70161.234364
1279    102.436094   70216.090685
1280    102.516185   70270.947006
1281    102.596276   70325.803327
1282    102.676367   70380.659648
1283    102.756457   70435.515969
1284    102.836548   70490.372290
1285    102.916639   70545.228610
1286    102.996730   70600.084931
1287    103.076820   70654.941252
1288    103.156911   70709.797573
1289    103.237002   70764.653894
1290    103.317093   70819.510215
1291    103.397183   70874.366535
1292    103.477274   70929.222856
1293    103.557365   70984.079177
1294    103.637456   71038.935498
1295    103.717547   71093.791819
1296    103.797637   71148.648140
1297    103.877728   71203.504461
1298    103.957819   71258.360781
1299    104.037910   71313.217102
1300    104.118000   71368.073423
1301    104.198091   71422.929744
1302    104.278182   71477.786065
1303    104.358273   71532.642386
1304    104.438363   71587.498707
1305    104.518454   71642.355027
1306    104.598545   71697.211348
1307    104.678636   71752.067669
1308    104.758727   71806.923990
1309    104.838817   71861.780311
1310    104.918908   71916.636632
1311    104.998999   71971.492952
1312    105.079090   72026.349273
1313    105.159180   72081.205594
1314    105.239271   72136.061915
1315    105.319362   72190.918236
1316    105.399453   72245.774557
1317    105.479543   72300.630878
1318    105.559634   72355.487198
1319    105.639725   72410.343519
1320    105.719816   72465.199840
1321    105.799907   72520.056161
1322    105.879997   72574.912482
1323    105.960088   72629.768803
1324    106.040179   72684.625123
1325    106.120270   72739.481444
1326    106.200360   72794.337765
1327    106.280451   72849.194086
1328    106.360542   72904.050407
1329    106.440633   72958.906728
1330    106.520723   73013.763049
1331    106.600814   73068.619369
1332    106.680905   73123.475690
1333    106.760996   73178.332011
1334    106.841087   73233.188332
1335    106.921177   73288.044653
1336    107.001268   73342.900974
1337    107.081359   73397.757294
1338    107.161450   73452.613615
1339    107.241540   73507.469936
1340    107.321631   73562.326257
1341    107.401722   73617.182578
1342    107.481813   73672.038899
1343    107.561903   73726.895220
1344    107.641994   73781.751540
1345    107.722085   73836.607861
1346    107.802176   73891.464182
1347    107.882267   73946.320503
1348    107.962357   74001.176824
1349    108.042448   74056.033145
1350    108.122539   74110.889466
1351    108.202630   74165.745786
1352    108.282720   74220.602107
1353    108.362811   74275.458428
1354    108.442902   74330.314749
1355    108.522993   74385.171070
1356    108.603083   74440.027391
1357    108.683174   74494.883711
1358    108.763265   74549.740032
1359    108.843356   74604.596353
1360    108.923447   74659.452674
1361    109.003537   74714.308995
1362    109.083628   74769.165316
1363    109.163719   74824.021637
1364    109.243810   74878.877957
1365    109.323900   74933.734278
1366    109.403991   74988.590599
1367    109.484082   75043.446920
1368    109.564173   75098.303241
1369    109.644263   75153.159562
1370    109.724354   75208.015882
1371    109.804445   75262.872203
1372    109.884536   75317.728524
1373    109.964627   75372.584845
1374    110.044717   75427.441166
1375    110.124808   75482.297487
1376    110.204899   75537.153808
1377    110.284990   75592.010128
1378    110.365080   75646.866449
1379    110.445171   75701.722770
1380    110.525262   75756.579091
1381    110.605353   75811.435412
1382    110.685444   75866.291733
1383    110.765534   75921.148053
1384    110.845625   75976.004374
1385    110.925716   76030.860695
1386    111.005807   76085.717016
1387    111.085897   76140.573337
1388    111.165988   76195.429658
1389    111.246079   76250.285979
1390    111.326170   76305.142299
1391    111.406260   76359.998620
1392    111.486351   76414.854941
1393    111.566442   76469.711262
1394    111.646533   76524.567583
1395    111.726624   76579.423904
1396    111.806714   76634.280225
1397    111.886805   76689.136545
1398    111.966896   76743.992866
1399    112.046987   76798.849187
1400    112.127077   76853.705508
1401    112.207168   76908.561829
1402    112.287259   76963.418150
1403    112.367350   77018.274470
1404    112.447440   77073.130791
1405    112.527531   77127.987112
1406    112.607622   77182.843433
1407    112.687713   77237.699754
1408    112.767804   77292.556075
1409    112.847894   77347.412396
1410    112.927985   77402.268716
1411    113.008076   77457.125037
1412    113.088167   77511.981358
1413    113.168257   77566.837679
1414    113.248348   77621.694000
1415    113.328439   77676.550321
1416    113.408530   77731.406641
1417    113.488620   77786.262962
1418    113.568711   77841.119283
1419    113.648802   77895.975604
1420    113.728893   77950.831925
1421    113.808984   78005.688246
1422    113.889074   78060.544567
1423    113.969165   78115.400887
1424    114.049256   78170.257208
1425    114.129347   78225.113529
1426    114.209437   78279.969850
1427    114.289528   78334.826171
1428    114.369619   78389.682492
1429    114.449710   78444.538812
1430    114.529800   78499.395133
1431    114.609891   78554.251454
1432    114.689982   78609.107775
1433    114.770073   78663.964096
1434    114.850164   78718.820417
1435    114.930254   78773.676738
1436    115.010345   78828.533058
1437    115.090436   78883.389379
1438    115.170527   78938.245700
1439    115.250617   78993.102021
1440    115.330708   79047.958342
1441    115.410799   79102.814663
1442    115.490890   79157.670984
1443    115.570980   79212.527304
1444    115.651071   79267.383625
1445    115.731162   79322.239946
1446    115.811253   79377.096267
1447    115.891344   79431.952588
1448    115.971434   79486.808909
1449    116.051525   79541.665229
1450    116.131616   79596.521550
1451    116.211707   79651.377871
1452    116.291797   79706.234192
1453    116.371888   79761.090513
1454    116.451979   79815.946834
1455    116.532070   79870.803155
1456    116.612160   79925.659475
1457    116.692251   79980.515796
1458    116.772342   80035.372117
1459    116.852433   80090.228438
1460    116.932524   80145.084759
1461    117.012614   80199.941080
1462    117.092705   80254.797400
1463    117.172796   80309.653721
1464    117.252887   80364.510042
1465    117.332977   80419.366363
1466    117.413068   80474.222684
1467    117.493159   80529.079005
1468    117.573250   80583.935326
1469    117.653340   80638.791646
1470    117.733431   80693.647967
1471    117.813522   80748.504288
1472    117.893613   80803.360609
1473    117.973704   80858.216930
1474    118.053794   80913.073251
1475    118.133885   80967.929572
1476    118.213976   81022.785892
1477    118.294067   81077.642213
1478    118.374157   81132.498534
1479    118.454248   81187.354855
1480    118.534339   81242.211176
1481    118.614430   81297.067497
1482    118.694520   81351.923817
1483    118.774611   81406.780138
1484    118.854702   81461.636459
1485    118.934793   81516.492780
1486    119.014884   81571.349101
1487    119.094974   81626.205422
1488    119.175065   81681.061743
1489    119.255156   81735.918063
1490    119.335247   81790.774384
1491    119.415337   81845.630705
1492    119.495428   81900.487026
1493    119.575519   81955.343347
1494    119.655610   82010.199668
1495    119.735700   82065.055988
1496    119.815791   82119.912309
1497    119.895882   82174.768630
1498    119.975973   82229.624951
1499    120.056064   82284.481272
1500    120.136154   82339.337593
1501    120.216245   82394.193914
1502    120.296336   82449.050234
1503    120.376427   82503.906555
1504    120.456517   82558.762876
1505    120.536608   82613.619197
1506    120.616699   82668.475518
1507    120.696790   82723.331839
1508    120.776880   82778.188159
1509    120.856971   82833.044480
1510    120.937062   82887.900801
1511    121.017153   82942.757122
1512    121.097244   82997.613443
1513    121.177334   83052.469764
1514    121.257425   83107.326085
1515    121.337516   83162.182405
1516    121.417607   83217.038726
1517    121.497697   83271.895047
1518    121.577788   83326.751368
1519    121.657879   83381.607689
1520    121.737970   83436.464010
1521    121.818060   83491.320331
1522    121.898151   83546.176651
1523    121.978242   83601.032972
1524    122.058333   83655.889293
1525    122.138424   83710.745614
1526    122.218514   83765.601935
1527    122.298605   83820.458256
1528    122.378696   83875.314576
1529    122.458787   83930.170897
1530    122.538877   83985.027218
1531    122.618968   84039.883539
1532    122.699059   84094.739860
1533    122.779150   84149.596181
1534    122.859240   84204.452502
1535    122.939331   84259.308822
1536    123.019422   84314.165143
1537    123.099513   84369.021464
1538    123.179604   84423.877785
1539    123.259694   84478.734106
1540    123.339785   84533.590427
1541    123.419876   84588.446747
1542    123.499967   84643.303068
1543    123.580057   84698.159389
1544    123.660148   84753.015710
1545    123.740239   84807.872031
1546    123.820330   84862.728352
1547    123.900420   84917.584673
1548    123.980511   84972.440993
1549    124.060602   85027.297314
1550    124.140693   85082.153635
1551    124.220784   85137.009956
1552    124.300874   85191.866277
1553    124.380965   85246.722598
1554    124.461056   85301.578918
1555    124.541147   85356.435239
1556    124.621237   85411.291560
1557    124.701328   85466.147881
1558    124.781419   85521.004202
1559    124.861510   85575.860523
1560    124.941600   85630.716844
1561    125.021691   85685.573164
1562    125.101782   85740.429485
1563    125.181873   85795.285806
1564    125.261964   85850.142127
1565    125.342054   85904.998448
1566    125.422145   85959.854769
1567    125.502236   86014.711090
1568    125.582327   86069.567410
1569    125.662417   86124.423731
1570    125.742508   86179.280052
1571    125.822599   86234.136373
1572    125.902690   86288.992694
1573    125.982780   86343.849015
1574    126.062871   86398.705335
1575    126.142962   86453.561656
1576    126.223053   86508.417977
1577    126.303144   86563.274298
1578    126.383234   86618.130619
1579    126.463325   86672.986940
1580    126.543416   86727.843261
1581    126.623507   86782.699581
1582    126.703597   86837.555902
1583    126.783688   86892.412223
1584    126.863779   86947.268544
1585    126.943870   87002.124865
1586    127.023960   87056.981186
1587    127.104051   87111.837506
1588    127.184142   87166.693827
1589    127.264233   87221.550148
1590    127.344324   87276.406469
1591    127.424414   87331.262790
1592    127.504505   87386.119111
1593    127.584596   87440.975432
1594    127.664687   87495.831752
1595    127.744777   87550.688073
1596    127.824868   87605.544394
1597    127.904959   87660.400715
1598    127.985050   87715.257036
1599    128.065140   87770.113357
1600    128.145231   87824.969677
1601    128.225322   87879.825998
1602    128.305413   87934.682319
1603    128.385504   87989.538640
1604    128.465594   88044.394961
1605    128.545685   88099.251282
1606    128.625776   88154.107603
1607    128.705867   88208.963923
1608    128.785957   88263.820244
1609    128.866048   88318.676565
1610    128.946139   88373.532886
1611    129.026230   88428.389207
1612    129.106320   88483.245528
1613    129.186411   88538.101849
1614    129.266502   88592.958169
1615    129.346593   88647.814490
1616    129.426684   88702.670811
1617    129.506774   88757.527132
1618    129.586865   88812.383453
1619    129.666956   88867.239774
1620    129.747047   88922.096094
1621    129.827137   88976.952415
1622    129.907228   89031.808736
1623    129.987319   89086.665057
1624    130.067410   89141.521378
1625    130.147501   89196.377699
1626    130.227591   89251.234020
1627    130.307682   89306.090340
1628    130.387773   89360.946661
1629    130.467864   89415.802982
1630    130.547954   89470.659303
1631    130.628045   89525.515624
1632    130.708136   89580.371945
1633    130.788227   89635.228265
1634    130.868317   89690.084586
1635    130.948408   89744.940907
1636    131.028499   89799.797228
1637    131.108590   89854.653549
1638    131.188681   89909.509870
1639    131.268771   89964.366191
1640    131.348862   90019.222511
1641    131.428953   90074.078832
1642    131.509044   90128.935153
1643    131.589134   90183.791474
1644    131.669225   90238.647795
1645    131.749316   90293.504116
1646    131.829407   90348.360436
1647    131.909497   90403.216757
1648    131.989588   90458.073078
1649    132.069679   90512.929399
1650    132.149770   90567.785720
1651    132.229861   90622.642041
1652    132.309951   90677.498362
1653    132.390042   90732.354682
1654    132.470133   90787.211003
1655    132.550224   90842.067324
1656    132.630314   90896.923645
1657    132.710405   90951.779966
1658    132.790496   91006.636287
1659    132.870587   91061.492608
1660    132.950677   91116.348928
1661    133.030768   91171.205249
1662    133.110859   91226.061570
1663    133.190950   91280.917891
1664    133.271041   91335.774212
1665    133.351131   91390.630533
1666    133.431222   91445.486853
1667    133.511313   91500.343174
1668    133.591404   91555.199495
1669    133.671494   91610.055816
1670    133.751585   91664.912137
1671    133.831676   91719.768458
1672    133.911767   91774.624779
1673    133.991857   91829.481099
1674    134.071948   91884.337420
1675    134.152039   91939.193741
1676    134.232130   91994.050062
1677    134.312221   92048.906383
1678    134.392311   92103.762704
1679    134.472402   92158.619024
1680    134.552493   92213.475345
1681    134.632584   92268.331666
1682    134.712674   92323.187987
1683    134.792765   92378.044308
1684    134.872856   92432.900629
1685    134.952947   92487.756950
1686    135.033037   92542.613270
1687    135.113128   92597.469591
1688    135.193219   92652.325912
1689    135.273310   92707.182233
1690    135.353401   92762.038554
1691    135.433491   92816.894875
1692    135.513582   92871.751195
1693    135.593673   92926.607516
1694    135.673764   92981.463837
1695    135.753854   93036.320158
1696    135.833945   93091.176479
1697    135.914036   93146.032800
1698    135.994127   93200.889121
1699    136.074217   93255.745441
1700    136.154308   93310.601762
1701    136.234399   93365.458083
1702    136.314490   93420.314404
1703    136.394581   93475.170725
1704    136.474671   93530.027046
1705    136.554762   93584.883367
1706    136.634853   93639.739687
1707    136.714944   93694.596008
1708    136.795034   93749.452329
1709    136.875125   93804.308650
1710    136.955216   93859.164971
1711    137.035307   93914.021292
1712    137.115397   93968.877612
1713    137.195488   94023.733933
1714    137.275579   94078.590254
1715    137.355670   94133.446575
1716    137.435761   94188.302896
1717    137.515851   94243.159217
1718    137.595942   94298.015538
1719    137.676033   94352.871858
1720    137.756124   94407.728179
1721    137.836214   94462.584500
1722    137.916305   94517.440821
1723    137.996396   94572.297142
1724    138.076487   94627.153463
1725    138.156577   94682.009783
1726    138.236668   94736.866104
1727    138.316759   94791.722425
1728    138.396850   94846.578746
1729    138.476941   94901.435067
1730    138.557031   94956.291388
1731    138.637122   95011.147709
1732    138.717213   95066.004029
1733    138.797304   95120.860350
1734    138.877394   95175.716671
1735    138.957485   95230.572992
1736    139.037576   95285.429313
1737    139.117667   95340.285634
1738    139.197757   95395.141954
1739    139.277848   95449.998275
1740    139.357939   95504.854596
1741    139.438030   95559.710917
1742    139.518121   95614.567238
1743    139.598211   95669.423559
1744    139.678302   95724.279880
1745    139.758393   95779.136200
1746    139.838484   95833.992521
1747    139.918574   95888.848842
1748    139.998665   95943.705163
1749    140.078756   95998.561484
1750    140.158847   96053.417805
1751    140.238937   96108.274126
1752    140.319028   96163.130446
1753    140.399119   96217.986767
1754    140.479210   96272.843088
1755    140.559301   96327.699409
1756    140.639391   96382.555730
1757    140.719482   96437.412051
1758    140.799573   96492.268371
1759    140.879664   96547.124692
1760    140.959754   96601.981013
1761    141.039845   96656.837334
1762    141.119936   96711.693655
1763    141.200027   96766.549976
1764    141.280117   96821.406297
1765    141.360208   96876.262617
1766    141.440299   96931.118938
1767    141.520390   96985.975259
1768    141.600481   97040.831580
1769    141.680571   97095.687901
1770    141.760662   97150.544222
1771    141.840753   97205.400542
1772    141.920844   97260.256863
1773    142.000934   97315.113184
1774    142.081025   97369.969505
1775    142.161116   97424.825826
1776    142.241207   97479.682147
1777    142.321297   97534.538468
1778    142.401388   97589.394788
1779    142.481479   97644.251109
1780    142.561570   97699.107430
1781    142.641661   97753.963751
1782    142.721751   97808.820072
1783    142.801842   97863.676393
1784    142.881933   97918.532714
1785    142.962024   97973.389034
1786    143.042114   98028.245355
1787    143.122205   98083.101676
1788    143.202296   98137.957997
1789    143.282387   98192.814318
1790    143.362477   98247.670639
1791    143.442568   98302.526959
1792    143.522659   98357.383280
1793    143.602750   98412.239601
1794    143.682841   98467.095922
1795    143.762931   98521.952243
1796    143.843022   98576.808564
1797    143.923113   98631.664885
1798    144.003204   98686.521205
1799    144.083294   98741.377526
1800    144.163385   98796.233847
1801    144.243476   98851.090168
1802    144.323567   98905.946489
1803    144.403657   98960.802810
1804    144.483748   99015.659130
1805    144.563839   99070.515451
1806    144.643930   99125.371772
1807    144.724021   99180.228093
1808    144.804111   99235.084414
1809    144.884202   99289.940735
1810    144.964293   99344.797056
1811    145.044384   99399.653376
1812    145.124474   99454.509697
1813    145.204565   99509.366018
1814    145.284656   99564.222339
1815    145.364747   99619.078660
1816    145.444837   99673.934981
1817    145.524928   99728.791301
1818    145.605019   99783.647622
1819    145.685110   99838.503943
1820    145.765201   99893.360264
1821    145.845291   99948.216585
1822    145.925382  100003.072906
1823    146.005473  100057.929227
1824    146.085564  100112.785547
1825    146.165654  100167.641868
1826    146.245745  100222.498189
1827    146.325836  100277.354510
1828    146.405927  100332.210831
1829    146.486017  100387.067152
1830    146.566108  100441.923473
1831    146.646199  100496.779793
1832    146.726290  100551.636114
1833    146.806381  100606.492435
1834    146.886471  100661.348756
1835    146.966562  100716.205077
1836    147.046653  100771.061398
1837    147.126744  100825.917718
1838    147.206834  100880.774039
1839    147.286925  100935.630360
1840    147.367016  100990.486681
1841    147.447107  101045.343002
1842    147.527197  101100.199323
1843    147.607288  101155.055644
1844    147.687379  101209.911964
1845    147.767470  101264.768285
1846    147.847561  101319.624606
1847    147.927651  101374.480927
1848    148.007742  101429.337248
1849    148.087833  101484.193569
1850    148.167924  101539.049889
1851    148.248014  101593.906210
1852    148.328105  101648.762531
1853    148.408196  101703.618852
1854    148.488287  101758.475173
1855    148.568377  101813.331494
1856    148.648468  101868.187815
1857    148.728559  101923.044135
1858    148.808650  101977.900456
1859    148.888741  102032.756777
1860    148.968831  102087.613098
1861    149.048922  102142.469419
1862    149.129013  102197.325740
1863    149.209104  102252.182060
1864    149.289194  102307.038381
1865    149.369285  102361.894702
1866    149.449376  102416.751023
1867    149.529467  102471.607344
1868    149.609557  102526.463665
1869    149.689648  102581.319986
1870    149.769739  102636.176306
1871    149.849830  102691.032627
1872    149.929921  102745.888948
1873    150.010011  102800.745269
1874    150.090102  102855.601590
1875    150.170193  102910.457911
1876    150.250284  102965.314232
1877    150.330374  103020.170552
1878    150.410465  103075.026873
1879    150.490556  103129.883194
1880    150.570647  103184.739515
1881    150.650738  103239.595836
1882    150.730828  103294.452157
1883    150.810919  103349.308477
1884    150.891010  103404.164798
1885    150.971101  103459.021119
1886    151.051191  103513.877440
1887    151.131282  103568.733761
1888    151.211373  103623.590082
1889    151.291464  103678.446403
1890    151.371554  103733.302723
1891    151.451645  103788.159044
1892    151.531736  103843.015365
1893    151.611827  103897.871686
1894    151.691918  103952.728007
1895    151.772008  104007.584328
1896    151.852099  104062.440648
1897    151.932190  104117.296969
1898    152.012281  104172.153290
1899    152.092371  104227.009611
1900    152.172462  104281.865932
1901    152.252553  104336.722253
1902    152.332644  104391.578574
1903    152.412734  104446.434894
1904    152.492825  104501.291215
1905    152.572916  104556.147536
1906    152.653007  104611.003857
1907    152.733098  104665.860178
1908    152.813188  104720.716499
1909    152.893279  104775.572819
1910    152.973370  104830.429140
1911    153.053461  104885.285461
1912    153.133551  104940.141782
1913    153.213642  104994.998103
1914    153.293733  105049.854424
1915    153.373824  105104.710745
1916    153.453914  105159.567065
1917    153.534005  105214.423386
1918    153.614096  105269.279707
1919    153.694187  105324.136028
1920    153.774278  105378.992349
1921    153.854368  105433.848670
1922    153.934459  105488.704991
1923    154.014550  105543.561311
1924    154.094641  105598.417632
1925    154.174731  105653.273953
1926    154.254822  105708.130274
1927    154.334913  105762.986595
1928    154.415004  105817.842916
1929    154.495094  105872.699236
1930    154.575185  105927.555557
1931    154.655276  105982.411878
1932    154.735367  106037.268199
1933    154.815458  106092.124520
1934    154.895548  106146.980841
1935    154.975639  106201.837162
1936    155.055730  106256.693482
1937    155.135821  106311.549803
1938    155.215911  106366.406124
1939    155.296002  106421.262445
1940    155.376093  106476.118766
1941    155.456184  106530.975087
1942    155.536274  106585.831407
1943    155.616365  106640.687728
1944    155.696456  106695.544049
1945    155.776547  106750.400370
1946    155.856638  106805.256691
1947    155.936728  106860.113012
1948    156.016819  106914.969333
1949    156.096910  106969.825653
1950    156.177001  107024.681974
1951    156.257091  107079.538295
1952    156.337182  107134.394616
1953    156.417273  107189.250937
1954    156.497364  107244.107258
1955    156.577454  107298.963578
1956    156.657545  107353.819899
1957    156.737636  107408.676220
1958    156.817727  107463.532541
1959    156.897818  107518.388862
1960    156.977908  107573.245183
1961    157.057999  107628.101504
1962    157.138090  107682.957824
1963    157.218181  107737.814145
1964    157.298271  107792.670466
1965    157.378362  107847.526787
1966    157.458453  107902.383108
1967    157.538544  107957.239429
1968    157.618634  108012.095750
1969    157.698725  108066.952070
1970    157.778816  108121.808391
1971    157.858907  108176.664712
1972    157.938998  108231.521033
1973    158.019088  108286.377354
1974    158.099179  108341.233675
1975    158.179270  108396.089995
1976    158.259361  108450.946316
1977    158.339451  108505.802637
1978    158.419542  108560.658958
1979    158.499633  108615.515279
1980    158.579724  108670.371600
1981    158.659814  108725.227921
1982    158.739905  108780.084241
1983    158.819996  108834.940562
1984    158.900087  108889.796883
1985    158.980178  108944.653204
1986    159.060268  108999.509525
1987    159.140359  109054.365846
1988    159.220450  109109.222166
1989    159.300541  109164.078487
1990    159.380631  109218.934808
1991    159.460722  109273.791129
1992    159.540813  109328.647450
1993    159.620904  109383.503771
1994    159.700994  109438.360092
1995    159.781085  109493.216412
1996    159.861176  109548.072733
1997    159.941267  109602.929054
1998    160.021358  109657.785375
1999    160.101448  109712.641696
2000    160.181539  109767.498017
2001    160.261630  109822.354337
2002    160.341721  109877.210658
2003    160.421811  109932.066979
2004    160.501902  109986.923300
2005    160.581993  110041.779621
2006    160.662084  110096.635942
2007    160.742174  110151.492263
2008    160.822265  110206.348583
2009    160.902356  110261.204904
2010    160.982447  110316.061225
2011    161.062538  110370.917546
2012    161.142628  110425.773867
2013    161.222719  110480.630188
2014    161.302810  110535.486509
2015    161.382901  110590.342829
2016    161.462991  110645.199150
2017    161.543082  110700.055471
2018    161.623173  110754.911792
2019    161.703264  110809.768113
2020    161.783354  110864.624434
2021    161.863445  110919.480754
2022    161.943536  110974.337075
2023    162.023627  111029.193396
2024    162.103718  111084.049717
2025    162.183808  111138.906038
2026    162.263899  111193.762359
2027    162.343990  111248.618680
2028    162.424081  111303.475000
2029    162.504171  111358.331321
2030    162.584262  111413.187642
2031    162.664353  111468.043963
2032    162.744444  111522.900284
2033    162.824534  111577.756605
2034    162.904625  111632.612925
2035    162.984716  111687.469246
2036    163.064807  111742.325567
2037    163.144898  111797.181888
2038    163.224988  111852.038209
2039    163.305079  111906.894530
2040    163.385170  111961.750851
2041    163.465261  112016.607171
2042    163.545351  112071.463492
2043    163.625442  112126.319813
2044    163.705533  112181.176134
2045    163.785624  112236.032455
2046    163.865714  112290.888776
2047    163.945805  112345.745096
2048    164.025896  112400.601417
2049    164.105987  112455.457738
2050    164.186078  112510.314059
2051    164.266168  112565.170380
2052    164.346259  112620.026701
2053    164.426350  112674.883022
2054    164.506441  112729.739342
2055    164.586531  112784.595663
2056    164.666622  112839.451984
2057    164.746713  112894.308305
2058    164.826804  112949.164626
2059    164.906894  113004.020947
2060    164.986985  113058.877268
2061    165.067076  113113.733588
2062    165.147167  113168.589909
2063    165.227258  113223.446230
2064    165.307348  113278.302551
2065    165.387439  113333.158872
2066    165.467530  113388.015193
2067    165.547621  113442.871513
2068    165.627711  113497.727834
2069    165.707802  113552.584155
2070    165.787893  113607.440476
2071    165.867984  113662.296797
2072    165.948074  113717.153118
2073    166.028165  113772.009439
2074    166.108256  113826.865759
2075    166.188347  113881.722080
2076    166.268438  113936.578401
2077    166.348528  113991.434722
2078    166.428619  114046.291043
2079    166.508710  114101.147364
2080    166.588801  114156.003684
2081    166.668891  114210.860005
2082    166.748982  114265.716326
2083    166.829073  114320.572647
2084    166.909164  114375.428968
2085    166.989254  114430.285289
2086    167.069345  114485.141610
2087    167.149436  114539.997930
2088    167.229527  114594.854251
2089    167.309618  114649.710572
2090    167.389708  114704.566893
2091    167.469799  114759.423214
2092    167.549890  114814.279535
2093    167.629981  114869.135856
2094    167.710071  114923.992176
2095    167.790162  114978.848497
2096    167.870253  115033.704818
2097    167.950344  115088.561139
2098    168.030434  115143.417460
2099    168.110525  115198.273781
2100    168.190616  115253.130101
2101    168.270707  115307.986422
2102    168.350798  115362.842743
2103    168.430888  115417.699064
2104    168.510979  115472.555385
2105    168.591070  115527.411706
2106    168.671161  115582.268027
2107    168.751251  115637.124347
2108    168.831342  115691.980668
2109    168.911433  115746.836989
2110    168.991524  115801.693310
2111    169.071614  115856.549631
2112    169.151705  115911.405952
2113    169.231796  115966.262272
2114    169.311887  116021.118593
2115    169.391978  116075.974914
2116    169.472068  116130.831235
2117    169.552159  116185.687556
2118    169.632250  116240.543877
2119    169.712341  116295.400198
2120    169.792431  116350.256518
2121    169.872522  116405.112839
2122    169.952613  116459.969160
2123    170.032704  116514.825481
2124    170.112795  116569.681802
2125    170.192885  116624.538123
2126    170.272976  116679.394443
2127    170.353067  116734.250764
2128    170.433158  116789.107085
2129    170.513248  116843.963406
2130    170.593339  116898.819727
2131    170.673430  116953.676048
2132    170.753521  117008.532369
2133    170.833611  117063.388689
2134    170.913702  117118.245010
2135    170.993793  117173.101331
2136    171.073884  117227.957652
2137    171.153975  117282.813973
2138    171.234065  117337.670294
2139    171.314156  117392.526615
2140    171.394247  117447.382935
2141    171.474338  117502.239256
2142    171.554428  117557.095577
2143    171.634519  117611.951898
2144    171.714610  117666.808219
2145    171.794701  117721.664540
2146    171.874791  117776.520860
2147    171.954882  117831.377181
2148    172.034973  117886.233502
2149    172.115064  117941.089823
2150    172.195155  117995.946144
2151    172.275245  118050.802465
2152    172.355336  118105.658786
2153    172.435427  118160.515106
2154    172.515518  118215.371427
2155    172.595608  118270.227748
2156    172.675699  118325.084069
2157    172.755790  118379.940390
2158    172.835881  118434.796711
2159    172.915971  118489.653031
2160    172.996062  118544.509352
2161    173.076153  118599.365673
2162    173.156244  118654.221994
2163    173.236335  118709.078315
2164    173.316425  118763.934636
2165    173.396516  118818.790957
2166    173.476607  118873.647277
2167    173.556698  118928.503598
2168    173.636788  118983.359919
2169    173.716879  119038.216240
2170    173.796970  119093.072561
2171    173.877061  119147.928882
2172    173.957151  119202.785202
2173    174.037242  119257.641523
2174    174.117333  119312.497844
2175    174.197424  119367.354165
2176    174.277515  119422.210486
2177    174.357605  119477.066807
2178    174.437696  119531.923128
2179    174.517787  119586.779448
2180    174.597878  119641.635769
2181    174.677968  119696.492090
2182    174.758059  119751.348411
2183    174.838150  119806.204732
2184    174.918241  119861.061053
2185    174.998331  119915.917374
2186    175.078422  119970.773694
2187    175.158513  120025.630015
2188    175.238604  120080.486336
2189    175.318695  120135.342657
2190    175.398785  120190.198978
2191    175.478876  120245.055299
2192    175.558967  120299.911619
2193    175.639058  120354.767940
2194    175.719148  120409.624261
2195    175.799239  120464.480582
2196    175.879330  120519.336903
2197    175.959421  120574.193224
2198    176.039511  120629.049545
2199    176.119602  120683.905865
2200    176.199693  120738.762186
2201    176.279784  120793.618507
2202    176.359875  120848.474828
2203    176.439965  120903.331149
2204    176.520056  120958.187470
2205    176.600147  121013.043790
2206    176.680238  121067.900111
2207    176.760328  121122.756432
2208    176.840419  121177.612753
2209    176.920510  121232.469074
2210    177.000601  121287.325395
2211    177.080691  121342.181716
2212    177.160782  121397.038036
2213    177.240873  121451.894357
2214    177.320964  121506.750678
2215    177.401055  121561.606999
2216    177.481145  121616.463320
2217    177.561236  121671.319641
2218    177.641327  121726.175961
2219    177.721418  121781.032282
2220    177.801508  121835.888603
2221    177.881599  121890.744924
2222    177.961690  121945.601245
2223    178.041781  122000.457566
2224    178.121871  122055.313887
2225    178.201962  122110.170207
2226    178.282053  122165.026528
2227    178.362144  122219.882849
2228    178.442235  122274.739170
2229    178.522325  122329.595491
2230    178.602416  122384.451812
2231    178.682507  122439.308133
2232    178.762598  122494.164453
2233    178.842688  122549.020774
2234    178.922779  122603.877095
2235    179.002870  122658.733416
2236    179.082961  122713.589737
2237    179.163051  122768.446058
2238    179.243142  122823.302378
2239    179.323233  122878.158699
2240    179.403324  122933.015020
2241    179.483415  122987.871341
2242    179.563505  123042.727662
2243    179.643596  123097.583983
2244    179.723687  123152.440304
2245    179.803778  123207.296624
2246    179.883868  123262.152945
2247    179.963959  123317.009266
2248    180.044050  123371.865587
2249    180.124141  123426.721908
2250    180.204231  123481.578229
2251    180.284322  123536.434549
2252    180.364413  123591.290870
2253    180.444504  123646.147191
2254    180.524595  123701.003512
2255    180.604685  123755.859833
2256    180.684776  123810.716154
2257    180.764867  123865.572475
2258    180.844958  123920.428795
2259    180.925048  123975.285116
2260    181.005139  124030.141437
2261    181.085230  124084.997758
2262    181.165321  124139.854079
2263    181.245411  124194.710400
2264    181.325502  124249.566720
2265    181.405593  124304.423041
2266    181.485684  124359.279362
2267    181.565775  124414.135683
2268    181.645865  124468.992004
2269    181.725956  124523.848325
2270    181.806047  124578.704646
2271    181.886138  124633.560966
2272    181.966228  124688.417287
2273    182.046319  124743.273608
2274    182.126410  124798.129929
2275    182.206501  124852.986250
2276    182.286591  124907.842571
2277    182.366682  124962.698892
2278    182.446773  125017.555212
2279    182.526864  125072.411533
2280    182.606955  125127.267854
2281    182.687045  125182.124175
2282    182.767136  125236.980496
2283    182.847227  125291.836817
2284    182.927318  125346.693137
2285    183.007408  125401.549458
2286    183.087499  125456.405779
2287    183.167590  125511.262100
2288    183.247681  125566.118421
2289    183.327771  125620.974742
2290    183.407862  125675.831063
2291    183.487953  125730.687383
2292    183.568044  125785.543704
2293    183.648135  125840.400025
2294    183.728225  125895.256346
2295    183.808316  125950.112667
2296    183.888407  126004.968988
2297    183.968498  126059.825308
2298    184.048588  126114.681629
2299    184.128679  126169.537950
2300    184.208770  126224.394271
2301    184.288861  126279.250592
2302    184.368951  126334.106913
2303    184.449042  126388.963234
2304    184.529133  126443.819554
2305    184.609224  126498.675875
2306    184.689315  126553.532196
2307    184.769405  126608.388517
2308    184.849496  126663.244838
2309    184.929587  126718.101159
2310    185.009678  126772.957479
2311    185.089768  126827.813800
2312    185.169859  126882.670121
2313    185.249950  126937.526442
2314    185.330041  126992.382763
2315    185.410131  127047.239084
2316    185.490222  127102.095405
2317    185.570313  127156.951725
2318    185.650404  127211.808046
2319    185.730495  127266.664367
2320    185.810585  127321.520688
2321    185.890676  127376.377009
2322    185.970767  127431.233330
2323    186.050858  127486.089651
2324    186.130948  127540.945971
2325    186.211039  127595.802292
2326    186.291130  127650.658613
2327    186.371221  127705.514934
2328    186.451311  127760.371255
2329    186.531402  127815.227576
2330    186.611493  127870.083896
2331    186.691584  127924.940217
2332    186.771675  127979.796538
2333    186.851765  128034.652859
2334    186.931856  128089.509180
2335    187.011947  128144.365501
2336    187.092038  128199.221822
2337    187.172128  128254.078142
2338    187.252219  128308.934463
2339    187.332310  128363.790784
2340    187.412401  128418.647105
2341    187.492491  128473.503426
2342    187.572582  128528.359747
2343    187.652673  128583.216067
2344    187.732764  128638.072388
2345    187.812855  128692.928709
2346    187.892945  128747.785030
2347    187.973036  128802.641351
2348    188.053127  128857.497672
2349    188.133218  128912.353993
2350    188.213308  128967.210313
2351    188.293399  129022.066634
2352    188.373490  129076.922955
2353    188.453581  129131.779276
2354    188.533671  129186.635597
2355    188.613762  129241.491918
2356    188.693853  129296.348238
2357    188.773944  129351.204559
2358    188.854035  129406.060880
2359    188.934125  129460.917201
2360    189.014216  129515.773522
2361    189.094307  129570.629843
2362    189.174398  129625.486164
2363    189.254488  129680.342484
2364    189.334579  129735.198805
2365    189.414670  129790.055126
2366    189.494761  129844.911447
2367    189.574851  129899.767768
2368    189.654942  129954.624089
2369    189.735033  130009.480410
2370    189.815124  130064.336730
2371    189.895215  130119.193051
2372    189.975305  130174.049372
2373    190.055396  130228.905693
2374    190.135487  130283.762014
2375    190.215578  130338.618335
2376    190.295668  130393.474655
2377    190.375759  130448.330976
2378    190.455850  130503.187297
2379    190.535941  130558.043618
2380    190.616032  130612.899939
2381    190.696122  130667.756260
2382    190.776213  130722.612581
2383    190.856304  130777.468901
2384    190.936395  130832.325222
2385    191.016485  130887.181543
2386    191.096576  130942.037864
2387    191.176667  130996.894185
2388    191.256758  131051.750506
2389    191.336848  131106.606826
2390    191.416939  131161.463147
2391    191.497030  131216.319468
2392    191.577121  131271.175789
2393    191.657212  131326.032110
2394    191.737302  131380.888431
2395    191.817393  131435.744752
2396    191.897484  131490.601072
2397    191.977575  131545.457393
2398    192.057665  131600.313714
2399    192.137756  131655.170035
2400    192.217847  131710.026356
2401    192.297938  131764.882677
2402    192.378028  131819.738998
2403    192.458119  131874.595318
2404    192.538210  131929.451639
2405    192.618301  131984.307960
2406    192.698392  132039.164281
2407    192.778482  132094.020602
2408    192.858573  132148.876923
2409    192.938664  132203.733243
2410    193.018755  132258.589564
2411    193.098845  132313.445885
2412    193.178936  132368.302206
2413    193.259027  132423.158527
2414    193.339118  132478.014848
2415    193.419208  132532.871169
2416    193.499299  132587.727489
2417    193.579390  132642.583810
2418    193.659481  132697.440131
2419    193.739572  132752.296452
2420    193.819662  132807.152773
2421    193.899753  132862.009094
2422    193.979844  132916.865414
2423    194.059935  132971.721735
2424    194.140025  133026.578056
2425    194.220116  133081.434377
2426    194.300207  133136.290698
2427    194.380298  133191.147019
2428    194.460388  133246.003340
2429    194.540479  133300.859660
2430    194.620570  133355.715981
2431    194.700661  133410.572302
2432    194.780752  133465.428623
2433    194.860842  133520.284944
2434    194.940933  133575.141265
2435    195.021024  133629.997585
2436    195.101115  133684.853906
2437    195.181205  133739.710227
2438    195.261296  133794.566548
2439    195.341387  133849.422869
2440    195.421478  133904.279190
2441    195.501568  133959.135511
2442    195.581659  134013.991831
2443    195.661750  134068.848152
2444    195.741841  134123.704473
2445    195.821932  134178.560794
2446    195.902022  134233.417115
2447    195.982113  134288.273436
2448    196.062204  134343.129757
2449    196.142295  134397.986077
2450    196.222385  134452.842398
2451    196.302476  134507.698719
2452    196.382567  134562.555040
2453    196.462658  134617.411361
2454    196.542748  134672.267682
2455    196.622839  134727.124002
2456    196.702930  134781.980323
2457    196.783021  134836.836644
2458    196.863112  134891.692965
2459    196.943202  134946.549286
2460    197.023293  135001.405607
2461    197.103384  135056.261928
2462    197.183475  135111.118248
2463    197.263565  135165.974569
2464    197.343656  135220.830890
2465    197.423747  135275.687211
2466    197.503838  135330.543532
2467    197.583928  135385.399853
2468    197.664019  135440.256173
2469    197.744110  135495.112494
2470    197.824201  135549.968815
2471    197.904292  135604.825136
2472    197.984382  135659.681457
2473    198.064473  135714.537778
2474    198.144564  135769.394099
2475    198.224655  135824.250419
2476    198.304745  135879.106740
2477    198.384836  135933.963061
2478    198.464927  135988.819382
2479    198.545018  136043.675703
2480    198.625108  136098.532024
2481    198.705199  136153.388344
2482    198.785290  136208.244665
2483    198.865381  136263.100986
2484    198.945472  136317.957307
2485    199.025562  136372.813628
2486    199.105653  136427.669949
2487    199.185744  136482.526270
2488    199.265835  136537.382590
2489    199.345925  136592.238911
2490    199.426016  136647.095232
2491    199.506107  136701.951553
2492    199.586198  136756.807874
2493    199.666288  136811.664195
2494    199.746379  136866.520516
2495    199.826470  136921.376836
2496    199.906561  136976.233157
2497    199.986652  137031.089478
2498    200.066742  137085.945799
2499    200.146833  137140.802120
2500    200.226924  137195.658441
2501    200.307015  137250.514761
2502    200.387105  137305.371082
2503    200.467196  137360.227403
2504    200.547287  137415.083724
2505    200.627378  137469.940045
2506    200.707468  137524.796366
2507    200.787559  137579.652687
2508    200.867650  137634.509007
2509    200.947741  137689.365328
2510    201.027832  137744.221649
2511    201.107922  137799.077970
2512    201.188013  137853.934291
2513    201.268104  137908.790612
2514    201.348195  137963.646932
2515    201.428285  138018.503253
2516    201.508376  138073.359574
2517    201.588467  138128.215895
2518    201.668558  138183.072216
2519    201.748648  138237.928537
2520    201.828739  138292.784858
2521    201.908830  138347.641178
2522    201.988921  138402.497499
2523    202.069012  138457.353820
2524    202.149102  138512.210141
2525    202.229193  138567.066462
2526    202.309284  138621.922783
2527    202.389375  138676.779103
2528    202.469465  138731.635424
2529    202.549556  138786.491745
2530    202.629647  138841.348066
2531    202.709738  138896.204387
2532    202.789828  138951.060708
2533    202.869919  139005.917029
2534    202.950010  139060.773349
2535    203.030101  139115.629670
2536    203.110192  139170.485991
2537    203.190282  139225.342312
2538    203.270373  139280.198633
2539    203.350464  139335.054954
2540    203.430555  139389.911275
2541    203.510645  139444.767595
2542    203.590736  139499.623916
2543    203.670827  139554.480237
2544    203.750918  139609.336558
2545    203.831008  139664.192879
2546    203.911099  139719.049200
2547    203.991190  139773.905520
2548    204.071281  139828.761841
2549    204.151372  139883.618162
2550    204.231462  139938.474483
2551    204.311553  139993.330804
2552    204.391644  140048.187125
2553    204.471735  140103.043446
2554    204.551825  140157.899766
2555    204.631916  140212.756087
2556    204.712007  140267.612408
2557    204.792098  140322.468729
2558    204.872188  140377.325050
2559    204.952279  140432.181371
2560    205.032370  140487.037691
2561    205.112461  140541.894012
2562    205.192552  140596.750333
2563    205.272642  140651.606654
2564    205.352733  140706.462975
2565    205.432824  140761.319296
2566    205.512915  140816.175617
2567    205.593005  140871.031937
2568    205.673096  140925.888258
2569    205.753187  140980.744579
2570    205.833278  141035.600900
2571    205.913368  141090.457221
2572    205.993459  141145.313542
2573    206.073550  141200.169862
2574    206.153641  141255.026183
2575    206.233732  141309.882504
2576    206.313822  141364.738825
2577    206.393913  141419.595146
2578    206.474004  141474.451467
2579    206.554095  141529.307788
2580    206.634185  141584.164108
2581    206.714276  141639.020429
2582    206.794367  141693.876750
2583    206.874458  141748.733071
2584    206.954548  141803.589392
2585    207.034639  141858.445713
2586    207.114730  141913.302034
2587    207.194821  141968.158354
2588    207.274912  142023.014675
2589    207.355002  142077.870996
2590    207.435093  142132.727317
2591    207.515184  142187.583638
2592    207.595275  142242.439959
2593    207.675365  142297.296279
2594    207.755456  142352.152600
2595    207.835547  142407.008921
2596    207.915638  142461.865242
2597    207.995728  142516.721563
2598    208.075819  142571.577884
2599    208.155910  142626.434205
2600    208.236001  142681.290525
2601    208.316092  142736.146846
2602    208.396182  142791.003167
2603    208.476273  142845.859488
2604    208.556364  142900.715809
2605    208.636455  142955.572130
2606    208.716545  143010.428450
2607    208.796636  143065.284771
2608    208.876727  143120.141092
2609    208.956818  143174.997413
2610    209.036908  143229.853734
2611    209.116999  143284.710055
2612    209.197090  143339.566376
2613    209.277181  143394.422696
2614    209.357272  143449.279017
2615    209.437362  143504.135338
2616    209.517453  143558.991659
2617    209.597544  143613.847980
2618    209.677635  143668.704301
2619    209.757725  143723.560621
2620    209.837816  143778.416942
2621    209.917907  143833.273263
2622    209.997998  143888.129584
2623    210.078089  143942.985905
2624    210.158179  143997.842226
2625    210.238270  144052.698547
2626    210.318361  144107.554867
2627    210.398452  144162.411188
2628    210.478542  144217.267509
2629    210.558633  144272.123830
2630    210.638724  144326.980151
2631    210.718815  144381.836472
2632    210.798905  144436.692793
2633    210.878996  144491.549113
2634    210.959087  144546.405434
2635    211.039178  144601.261755
2636    211.119269  144656.118076
2637    211.199359  144710.974397
2638    211.279450  144765.830718
2639    211.359541  144820.687038
2640    211.439632  144875.543359
2641    211.519722  144930.399680
2642    211.599813  144985.256001
2643    211.679904  145040.112322
2644    211.759995  145094.968643
2645    211.840085  145149.824964
2646    211.920176  145204.681284
2647    212.000267  145259.537605
2648    212.080358  145314.393926
2649    212.160449  145369.250247
2650    212.240539  145424.106568
2651    212.320630  145478.962889
2652    212.400721  145533.819209
2653    212.480812  145588.675530
2654    212.560902  145643.531851
2655    212.640993  145698.388172
2656    212.721084  145753.244493
2657    212.801175  145808.100814
2658    212.881265  145862.957135
2659    212.961356  145917.813455
2660    213.041447  145972.669776
2661    213.121538  146027.526097
2662    213.201629  146082.382418
2663    213.281719  146137.238739
2664    213.361810  146192.095060
2665    213.441901  146246.951380
2666    213.521992  146301.807701
2667    213.602082  146356.664022
2668    213.682173  146411.520343
2669    213.762264  146466.376664
2670    213.842355  146521.232985
2671    213.922445  146576.089306
2672    214.002536  146630.945626
2673    214.082627  146685.801947
2674    214.162718  146740.658268
2675    214.242809  146795.514589
2676    214.322899  146850.370910
2677    214.402990  146905.227231
2678    214.483081  146960.083552
2679    214.563172  147014.939872
2680    214.643262  147069.796193
2681    214.723353  147124.652514
2682    214.803444  147179.508835
2683    214.883535  147234.365156
2684    214.963625  147289.221477
2685    215.043716  147344.077797
2686    215.123807  147398.934118
2687    215.203898  147453.790439
2688    215.283989  147508.646760
2689    215.364079  147563.503081
2690    215.444170  147618.359402
2691    215.524261  147673.215723
2692    215.604352  147728.072043
2693    215.684442  147782.928364
2694    215.764533  147837.784685
2695    215.844624  147892.641006
2696    215.924715  147947.497327
2697    216.004805  148002.353648
2698    216.084896  148057.209968
2699    216.164987  148112.066289
2700    216.245078  148166.922610
2701    216.325169  148221.778931
2702    216.405259  148276.635252
2703    216.485350  148331.491573
2704    216.565441  148386.347894
2705    216.645532  148441.204214
2706    216.725622  148496.060535
2707    216.805713  148550.916856
2708    216.885804  148605.773177
2709    216.965895  148660.629498
2710    217.045985  148715.485819
2711    217.126076  148770.342139
2712    217.206167  148825.198460
2713    217.286258  148880.054781
2714    217.366349  148934.911102
2715    217.446439  148989.767423
2716    217.526530  149044.623744
2717    217.606621  149099.480065
2718    217.686712  149154.336385
2719    217.766802  149209.192706
2720    217.846893  149264.049027
2721    217.926984  149318.905348
2722    218.007075  149373.761669
2723    218.087165  149428.617990
2724    218.167256  149483.474311
2725    218.247347  149538.330631
2726    218.327438  149593.186952
2727    218.407529  149648.043273
2728    218.487619  149702.899594
2729    218.567710  149757.755915
2730    218.647801  149812.612236
2731    218.727892  149867.468556
2732    218.807982  149922.324877
2733    218.888073  149977.181198
2734    218.968164  150032.037519
2735    219.048255  150086.893840
2736    219.128345  150141.750161
2737    219.208436  150196.606482
2738    219.288527  150251.462802
2739    219.368618  150306.319123
2740    219.448709  150361.175444
2741    219.528799  150416.031765
2742    219.608890  150470.888086
2743    219.688981  150525.744407
2744    219.769072  150580.600727
2745    219.849162  150635.457048
2746    219.929253  150690.313369
2747    220.009344  150745.169690
2748    220.089435  150800.026011
2749    220.169525  150854.882332
2750    220.249616  150909.738653
2751    220.329707  150964.594973
2752    220.409798  151019.451294
2753    220.489889  151074.307615
2754    220.569979  151129.163936
2755    220.650070  151184.020257
2756    220.730161  151238.876578
2757    220.810252  151293.732899
2758    220.890342  151348.589219
2759    220.970433  151403.445540
2760    221.050524  151458.301861
2761    221.130615  151513.158182
2762    221.210705  151568.014503
2763    221.290796  151622.870824
2764    221.370887  151677.727144
2765    221.450978  151732.583465
2766    221.531069  151787.439786
2767    221.611159  151842.296107
2768    221.691250  151897.152428
2769    221.771341  151952.008749
2770    221.851432  152006.865070
2771    221.931522  152061.721390
2772    222.011613  152116.577711
2773    222.091704  152171.434032
2774    222.171795  152226.290353
2775    222.251885  152281.146674
2776    222.331976  152336.002995
2777    222.412067  152390.859315
2778    222.492158  152445.715636
2779    222.572249  152500.571957
2780    222.652339  152555.428278
2781    222.732430  152610.284599
2782    222.812521  152665.140920
2783    222.892612  152719.997241
2784    222.972702  152774.853561
2785    223.052793  152829.709882
2786    223.132884  152884.566203
2787    223.212975  152939.422524
2788    223.293065  152994.278845
2789    223.373156  153049.135166
2790    223.453247  153103.991486
2791    223.533338  153158.847807
2792    223.613429  153213.704128
2793    223.693519  153268.560449
2794    223.773610  153323.416770
2795    223.853701  153378.273091
2796    223.933792  153433.129412
2797    224.013882  153487.985732
2798    224.093973  153542.842053
2799    224.174064  153597.698374
2800    224.254155  153652.554695
2801    224.334245  153707.411016
2802    224.414336  153762.267337
2803    224.494427  153817.123658
2804    224.574518  153871.979978
2805    224.654609  153926.836299
2806    224.734699  153981.692620
2807    224.814790  154036.548941
2808    224.894881  154091.405262
2809    224.974972  154146.261583
2810    225.055062  154201.117903
2811    225.135153  154255.974224
2812    225.215244  154310.830545
2813    225.295335  154365.686866
2814    225.375425  154420.543187
2815    225.455516  154475.399508
2816    225.535607  154530.255829
2817    225.615698  154585.112149
2818    225.695789  154639.968470
2819    225.775879  154694.824791
2820    225.855970  154749.681112
2821    225.936061  154804.537433
2822    226.016152  154859.393754
2823    226.096242  154914.250074
2824    226.176333  154969.106395
2825    226.256424  155023.962716
2826    226.336515  155078.819037
2827    226.416605  155133.675358
2828    226.496696  155188.531679
2829    226.576787  155243.388000
2830    226.656878  155298.244320
2831    226.736969  155353.100641
2832    226.817059  155407.956962
2833    226.897150  155462.813283
2834    226.977241  155517.669604
2835    227.057332  155572.525925
2836    227.137422  155627.382245
2837    227.217513  155682.238566
2838    227.297604  155737.094887
2839    227.377695  155791.951208
2840    227.457785  155846.807529
2841    227.537876  155901.663850
2842    227.617967  155956.520171
2843    227.698058  156011.376491
2844    227.778149  156066.232812
2845    227.858239  156121.089133
2846    227.938330  156175.945454
2847    228.018421  156230.801775
2848    228.098512  156285.658096
2849    228.178602  156340.514417
2850    228.258693  156395.370737
2851    228.338784  156450.227058
2852    228.418875  156505.083379
2853    228.498965  156559.939700
2854    228.579056  156614.796021
2855    228.659147  156669.652342
2856    228.739238  156724.508662
2857    228.819329  156779.364983
2858    228.899419  156834.221304
2859    228.979510  156889.077625
2860    229.059601  156943.933946
2861    229.139692  156998.790267
2862    229.219782  157053.646588
2863    229.299873  157108.502908
2864    229.379964  157163.359229
2865    229.460055  157218.215550
2866    229.540145  157273.071871
2867    229.620236  157327.928192
2868    229.700327  157382.784513
2869    229.780418  157437.640833
2870    229.860509  157492.497154
2871    229.940599  157547.353475
2872    230.020690  157602.209796
2873    230.100781  157657.066117
2874    230.180872  157711.922438
2875    230.260962  157766.778759
2876    230.341053  157821.635079
2877    230.421144  157876.491400
2878    230.501235  157931.347721
2879    230.581326  157986.204042
2880    230.661416  158041.060363
2881    230.741507  158095.916684
2882    230.821598  158150.773004
2883    230.901689  158205.629325
2884    230.981779  158260.485646
2885    231.061870  158315.341967
2886    231.141961  158370.198288
2887    231.222052  158425.054609
2888    231.302142  158479.910930
2889    231.382233  158534.767250
2890    231.462324  158589.623571
2891    231.542415  158644.479892
2892    231.622506  158699.336213
2893    231.702596  158754.192534
2894    231.782687  158809.048855
2895    231.862778  158863.905176
2896    231.942869  158918.761496
2897    232.022959  158973.617817
2898    232.103050  159028.474138
2899    232.183141  159083.330459
2900    232.263232  159138.186780
2901    232.343322  159193.043101
2902    232.423413  159247.899421
2903    232.503504  159302.755742
2904    232.583595  159357.612063
2905    232.663686  159412.468384
2906    232.743776  159467.324705
2907    232.823867  159522.181026
2908    232.903958  159577.037347
2909    232.984049  159631.893667
2910    233.064139  159686.749988
2911    233.144230  159741.606309
2912    233.224321  159796.462630
2913    233.304412  159851.318951
2914    233.384502  159906.175272
2915    233.464593  159961.031592
2916    233.544684  160015.887913
2917    233.624775  160070.744234
2918    233.704866  160125.600555
2919    233.784956  160180.456876
2920    233.865047  160235.313197
2921    233.945138  160290.169518
2922    234.025229  160345.025838
2923    234.105319  160399.882159
2924    234.185410  160454.738480
2925    234.265501  160509.594801
2926    234.345592  160564.451122
2927    234.425682  160619.307443
2928    234.505773  160674.163763
2929    234.585864  160729.020084
2930    234.665955  160783.876405
2931    234.746046  160838.732726
2932    234.826136  160893.589047
2933    234.906227  160948.445368
2934    234.986318  161003.301689
2935    235.066409  161058.158009
2936    235.146499  161113.014330
2937    235.226590  161167.870651
2938    235.306681  161222.726972
2939    235.386772  161277.583293
2940    235.466862  161332.439614
2941    235.546953  161387.295935
2942    235.627044  161442.152255
2943    235.707135  161497.008576
2944    235.787226  161551.864897
2945    235.867316  161606.721218
2946    235.947407  161661.577539
2947    236.027498  161716.433860
2948    236.107589  161771.290180
2949    236.187679  161826.146501
2950    236.267770  161881.002822
2951    236.347861  161935.859143
2952    236.427952  161990.715464
2953    236.508042  162045.571785
2954    236.588133  162100.428106
2955    236.668224  162155.284426
2956    236.748315  162210.140747
2957    236.828406  162264.997068
2958    236.908496  162319.853389
2959    236.988587  162374.709710
2960    237.068678  162429.566031
2961    237.148769  162484.422351
2962    237.228859  162539.278672
2963    237.308950  162594.134993
2964    237.389041  162648.991314
2965    237.469132  162703.847635
2966    237.549222  162758.703956
2967    237.629313  162813.560277
2968    237.709404  162868.416597
2969    237.789495  162923.272918
2970    237.869586  162978.129239
2971    237.949676  163032.985560
2972    238.029767  163087.841881
2973    238.109858  163142.698202
2974    238.189949  163197.554522
2975    238.270039  163252.410843
2976    238.350130  163307.267164
2977    238.430221  163362.123485
2978    238.510312  163416.979806
2979    238.590402  163471.836127
2980    238.670493  163526.692448
2981    238.750584  163581.548768
2982    238.830675  163636.405089
2983    238.910766  163691.261410
2984    238.990856  163746.117731
2985    239.070947  163800.974052
2986    239.151038  163855.830373
2987    239.231129  163910.686694
2988    239.311219  163965.543014
2989    239.391310  164020.399335
2990    239.471401  164075.255656
2991    239.551492  164130.111977
2992    239.631582  164184.968298
2993    239.711673  164239.824619
2994    239.791764  164294.680939
2995    239.871855  164349.537260
2996    239.951946  164404.393581
2997    240.032036  164459.249902
2998    240.112127  164514.106223
2999    240.192218  164568.962544
3000    240.272309  164623.818865
3001    240.352399  164678.675185
3002    240.432490  164733.531506
3003    240.512581  164788.387827
3004    240.592672  164843.244148
3005    240.672762  164898.100469
3006    240.752853  164952.956790
3007    240.832944  165007.813110
3008    240.913035  165062.669431
3009    240.993126  165117.525752
3010    241.073216  165172.382073
3011    241.153307  165227.238394
3012    241.233398  165282.094715
3013    241.313489  165336.951036
3014    241.393579  165391.807356
3015    241.473670  165446.663677
3016    241.553761  165501.519998
3017    241.633852  165556.376319
3018    241.713942  165611.232640
3019    241.794033  165666.088961
3020    241.874124  165720.945281
3021    241.954215  165775.801602
3022    242.034306  165830.657923
3023    242.114396  165885.514244
3024    242.194487  165940.370565
3025    242.274578  165995.226886
3026    242.354669  166050.083207
3027    242.434759  166104.939527
3028    242.514850  166159.795848
3029    242.594941  166214.652169
3030    242.675032  166269.508490
3031    242.755122  166324.364811
3032    242.835213  166379.221132
3033    242.915304  166434.077453
3034    242.995395  166488.933773
3035    243.075486  166543.790094
3036    243.155576  166598.646415
3037    243.235667  166653.502736
3038    243.315758  166708.359057
3039    243.395849  166763.215378
3040    243.475939  166818.071698
3041    243.556030  166872.928019
3042    243.636121  166927.784340
3043    243.716212  166982.640661
3044    243.796302  167037.496982
3045    243.876393  167092.353303
3046    243.956484  167147.209624
3047    244.036575  167202.065944
3048    244.116666  167256.922265
3049    244.196756  167311.778586
3050    244.276847  167366.634907
3051    244.356938  167421.491228
3052    244.437029  167476.347549
3053    244.517119  167531.203869
3054    244.597210  167586.060190
3055    244.677301  167640.916511
3056    244.757392  167695.772832
3057    244.837482  167750.629153
3058    244.917573  167805.485474
3059    244.997664  167860.341795
3060    245.077755  167915.198115
3061    245.157846  167970.054436
3062    245.237936  168024.910757
3063    245.318027  168079.767078
3064    245.398118  168134.623399
3065    245.478209  168189.479720
3066    245.558299  168244.336041
3067    245.638390  168299.192361
3068    245.718481  168354.048682
3069    245.798572  168408.905003
3070    245.878662  168463.761324
3071    245.958753  168518.617645
3072    246.038844  168573.473966
3073    246.118935  168628.330286
3074    246.199026  168683.186607
3075    246.279116  168738.042928
3076    246.359207  168792.899249
3077    246.439298  168847.755570
3078    246.519389  168902.611891
3079    246.599479  168957.468212
3080    246.679570  169012.324532
3081    246.759661  169067.180853
3082    246.839752  169122.037174
3083    246.919842  169176.893495
3084    246.999933  169231.749816
3085    247.080024  169286.606137
3086    247.160115  169341.462457
3087    247.240206  169396.318778
3088    247.320296  169451.175099
3089    247.400387  169506.031420
3090    247.480478  169560.887741
3091    247.560569  169615.744062
3092    247.640659  169670.600383
3093    247.720750  169725.456703
3094    247.800841  169780.313024
3095    247.880932  169835.169345
3096    247.961022  169890.025666
3097    248.041113  169944.881987
3098    248.121204  169999.738308
3099    248.201295  170054.594628
3100    248.281386  170109.450949
3101    248.361476  170164.307270
3102    248.441567  170219.163591
3103    248.521658  170274.019912
3104    248.601749  170328.876233
3105    248.681839  170383.732554
3106    248.761930  170438.588874
3107    248.842021  170493.445195
3108    248.922112  170548.301516
3109    249.002202  170603.157837
3110    249.082293  170658.014158
3111    249.162384  170712.870479
3112    249.242475  170767.726800
3113    249.322566  170822.583120
3114    249.402656  170877.439441
3115    249.482747  170932.295762
3116    249.562838  170987.152083
3117    249.642929  171042.008404
3118    249.723019  171096.864725
3119    249.803110  171151.721045
3120    249.883201  171206.577366
3121    249.963292  171261.433687
3122    250.043383  171316.290008
3123    250.123473  171371.146329
3124    250.203564  171426.002650
3125    250.283655  171480.858971
3126    250.363746  171535.715291
3127    250.443836  171590.571612
3128    250.523927  171645.427933
3129    250.604018  171700.284254
3130    250.684109  171755.140575
3131    250.764199  171809.996896
3132    250.844290  171864.853216
3133    250.924381  171919.709537
3134    251.004472  171974.565858
3135    251.084563  172029.422179
3136    251.164653  172084.278500
3137    251.244744  172139.134821
3138    251.324835  172193.991142
3139    251.404926  172248.847462
3140    251.485016  172303.703783
3141    251.565107  172358.560104
3142    251.645198  172413.416425
3143    251.725289  172468.272746
3144    251.805379  172523.129067
3145    251.885470  172577.985387
3146    251.965561  172632.841708
3147    252.045652  172687.698029
3148    252.125743  172742.554350
3149    252.205833  172797.410671
3150    252.285924  172852.266992
3151    252.366015  172907.123313
3152    252.446106  172961.979633
3153    252.526196  173016.835954
3154    252.606287  173071.692275
3155    252.686378  173126.548596
3156    252.766469  173181.404917
3157    252.846559  173236.261238
3158    252.926650  173291.117559
3159    253.006741  173345.973879
3160    253.086832  173400.830200
3161    253.166923  173455.686521
3162    253.247013  173510.542842
3163    253.327104  173565.399163
3164    253.407195  173620.255484
3165    253.487286  173675.111804
3166    253.567376  173729.968125
3167    253.647467  173784.824446
3168    253.727558  173839.680767
3169    253.807649  173894.537088
3170    253.887739  173949.393409
3171    253.967830  174004.249730
3172    254.047921  174059.106050
3173    254.128012  174113.962371
3174    254.208103  174168.818692
3175    254.288193  174223.675013
3176    254.368284  174278.531334
3177    254.448375  174333.387655
3178    254.528466  174388.243975
3179    254.608556  174443.100296
3180    254.688647  174497.956617
3181    254.768738  174552.812938
3182    254.848829  174607.669259
3183    254.928919  174662.525580
3184    255.009010  174717.381901
3185    255.089101  174772.238221
3186    255.169192  174827.094542
3187    255.249283  174881.950863
3188    255.329373  174936.807184
3189    255.409464  174991.663505
3190    255.489555  175046.519826
3191    255.569646  175101.376146
3192    255.649736  175156.232467
3193    255.729827  175211.088788
3194    255.809918  175265.945109
3195    255.890009  175320.801430
3196    255.970099  175375.657751
3197    256.050190  175430.514072
3198    256.130281  175485.370392
3199    256.210372  175540.226713
3200    256.290463  175595.083034
3201    256.370553  175649.939355
3202    256.450644  175704.795676
3203    256.530735  175759.651997
3204    256.610826  175814.508318
3205    256.690916  175869.364638
3206    256.771007  175924.220959
3207    256.851098  175979.077280
3208    256.931189  176033.933601
3209    257.011279  176088.789922
3210    257.091370  176143.646243
3211    257.171461  176198.502563
3212    257.251552  176253.358884
3213    257.331643  176308.215205
3214    257.411733  176363.071526
3215    257.491824  176417.927847
3216    257.571915  176472.784168
3217    257.652006  176527.640489
3218    257.732096  176582.496809
3219    257.812187  176637.353130
3220    257.892278  176692.209451
3221    257.972369  176747.065772
3222    258.052459  176801.922093
3223    258.132550  176856.778414
3224    258.212641  176911.634734
3225    258.292732  176966.491055
3226    258.372823  177021.347376
3227    258.452913  177076.203697
3228    258.533004  177131.060018
3229    258.613095  177185.916339
3230    258.693186  177240.772660
3231    258.773276  177295.628980
3232    258.853367  177350.485301
3233    258.933458  177405.341622
3234    259.013549  177460.197943
3235    259.093639  177515.054264
3236    259.173730  177569.910585
3237    259.253821  177624.766905
3238    259.333912  177679.623226
3239    259.414003  177734.479547
3240    259.494093  177789.335868
3241    259.574184  177844.192189
3242    259.654275  177899.048510
3243    259.734366  177953.904831
3244    259.814456  178008.761151
3245    259.894547  178063.617472
3246    259.974638  178118.473793
3247    260.054729  178173.330114
3248    260.134819  178228.186435
3249    260.214910  178283.042756
3250    260.295001  178337.899077
3251    260.375092  178392.755397
3252    260.455183  178447.611718
3253    260.535273  178502.468039
3254    260.615364  178557.324360
3255    260.695455  178612.180681
3256    260.775546  178667.037002
3257    260.855636  178721.893322
3258    260.935727  178776.749643
3259    261.015818  178831.605964
3260    261.095909  178886.462285
3261    261.175999  178941.318606
3262    261.256090  178996.174927
3263    261.336181  179051.031248
3264    261.416272  179105.887568
3265    261.496363  179160.743889
3266    261.576453  179215.600210
3267    261.656544  179270.456531
3268    261.736635  179325.312852
3269    261.816726  179380.169173
3270    261.896816  179435.025493
3271    261.976907  179489.881814
3272    262.056998  179544.738135
3273    262.137089  179599.594456
3274    262.217179  179654.450777
3275    262.297270  179709.307098
3276    262.377361  179764.163419
3277    262.457452  179819.019739
3278    262.537543  179873.876060
3279    262.617633  179928.732381
3280    262.697724  179983.588702
3281    262.777815  180038.445023
3282    262.857906  180093.301344
3283    262.937996  180148.157664
3284    263.018087  180203.013985
3285    263.098178  180257.870306
3286    263.178269  180312.726627
3287    263.258359  180367.582948
3288    263.338450  180422.439269
3289    263.418541  180477.295590
3290    263.498632  180532.151910
3291    263.578723  180587.008231
3292    263.658813  180641.864552
3293    263.738904  180696.720873
3294    263.818995  180751.577194
3295    263.899086  180806.433515
3296    263.979176  180861.289836
3297    264.059267  180916.146156
3298    264.139358  180971.002477
3299    264.219449  181025.858798
3300    264.299539  181080.715119
3301    264.379630  181135.571440
3302    264.459721  181190.427761
3303    264.539812  181245.284081
3304    264.619903  181300.140402
3305    264.699993  181354.996723
3306    264.780084  181409.853044
3307    264.860175  181464.709365
3308    264.940266  181519.565686
3309    265.020356  181574.422007
3310    265.100447  181629.278327
3311    265.180538  181684.134648
3312    265.260629  181738.990969
3313    265.340719  181793.847290
3314    265.420810  181848.703611
3315    265.500901  181903.559932
3316    265.580992  181958.416252
3317    265.661083  182013.272573
3318    265.741173  182068.128894
3319    265.821264  182122.985215
3320    265.901355  182177.841536
3321    265.981446  182232.697857
3322    266.061536  182287.554178
3323    266.141627  182342.410498
3324    266.221718  182397.266819
3325    266.301809  182452.123140
3326    266.381899  182506.979461
3327    266.461990  182561.835782
3328    266.542081  182616.692103
3329    266.622172  182671.548423
3330    266.702263  182726.404744
3331    266.782353  182781.261065
3332    266.862444  182836.117386
3333    266.942535  182890.973707
3334    267.022626  182945.830028
3335    267.102716  183000.686349
3336    267.182807  183055.542669
3337    267.262898  183110.398990
3338    267.342989  183165.255311
3339    267.423079  183220.111632
3340    267.503170  183274.967953
3341    267.583261  183329.824274
3342    267.663352  183384.680595
3343    267.743443  183439.536915
3344    267.823533  183494.393236
3345    267.903624  183549.249557
3346    267.983715  183604.105878
3347    268.063806  183658.962199
3348    268.143896  183713.818520
3349    268.223987  183768.674840
3350    268.304078  183823.531161
3351    268.384169  183878.387482
3352    268.464259  183933.243803
3353    268.544350  183988.100124
3354    268.624441  184042.956445
3355    268.704532  184097.812766
3356    268.784623  184152.669086
3357    268.864713  184207.525407
3358    268.944804  184262.381728
3359    269.024895  184317.238049
3360    269.104986  184372.094370
3361    269.185076  184426.950691
3362    269.265167  184481.807011
3363    269.345258  184536.663332
3364    269.425349  184591.519653
3365    269.505439  184646.375974
3366    269.585530  184701.232295
3367    269.665621  184756.088616
3368    269.745712  184810.944937
3369    269.825803  184865.801257
3370    269.905893  184920.657578
3371    269.985984  184975.513899
3372    270.066075  185030.370220
3373    270.146166  185085.226541
3374    270.226256  185140.082862
3375    270.306347  185194.939183
3376    270.386438  185249.795503
3377    270.466529  185304.651824
3378    270.546620  185359.508145
3379    270.626710  185414.364466
3380    270.706801  185469.220787
3381    270.786892  185524.077108
3382    270.866983  185578.933428
3383    270.947073  185633.789749
3384    271.027164  185688.646070
3385    271.107255  185743.502391
3386    271.187346  185798.358712
3387    271.267436  185853.215033
3388    271.347527  185908.071354
3389    271.427618  185962.927674
3390    271.507709  186017.783995
3391    271.587800  186072.640316
3392    271.667890  186127.496637
3393    271.747981  186182.352958
3394    271.828072  186237.209279
3395    271.908163  186292.065599
3396    271.988253  186346.921920
3397    272.068344  186401.778241
3398    272.148435  186456.634562
3399    272.228526  186511.490883
3400    272.308616  186566.347204
3401    272.388707  186621.203525
3402    272.468798  186676.059845
3403    272.548889  186730.916166
3404    272.628980  186785.772487
3405    272.709070  186840.628808
3406    272.789161  186895.485129
3407    272.869252  186950.341450
3408    272.949343  187005.197770
3409    273.029433  187060.054091
3410    273.109524  187114.910412
3411    273.189615  187169.766733
3412    273.269706  187224.623054
3413    273.349796  187279.479375
3414    273.429887  187334.335696
3415    273.509978  187389.192016
3416    273.590069  187444.048337
3417    273.670160  187498.904658
3418    273.750250  187553.760979
3419    273.830341  187608.617300
3420    273.910432  187663.473621
3421    273.990523  187718.329942
3422    274.070613  187773.186262
3423    274.150704  187828.042583
3424    274.230795  187882.898904
3425    274.310886  187937.755225
3426    274.390976  187992.611546
3427    274.471067  188047.467867
3428    274.551158  188102.324187
3429    274.631249  188157.180508
3430    274.711340  188212.036829
3431    274.791430  188266.893150
3432    274.871521  188321.749471
3433    274.951612  188376.605792
3434    275.031703  188431.462113
3435    275.111793  188486.318433
3436    275.191884  188541.174754
3437    275.271975  188596.031075
3438    275.352066  188650.887396
3439    275.432156  188705.743717
3440    275.512247  188760.600038
3441    275.592338  188815.456358
3442    275.672429  188870.312679
3443    275.752520  188925.169000
3444    275.832610  188980.025321
3445    275.912701  189034.881642
3446    275.992792  189089.737963
3447    276.072883  189144.594284
3448    276.152973  189199.450604
3449    276.233064  189254.306925
3450    276.313155  189309.163246
3451    276.393246  189364.019567
3452    276.473336  189418.875888
3453    276.553427  189473.732209
3454    276.633518  189528.588529
3455    276.713609  189583.444850
3456    276.793700  189638.301171
3457    276.873790  189693.157492
3458    276.953881  189748.013813
3459    277.033972  189802.870134
3460    277.114063  189857.726455
3461    277.194153  189912.582775
3462    277.274244  189967.439096
3463    277.354335  190022.295417
3464    277.434426  190077.151738
3465    277.514516  190132.008059
3466    277.594607  190186.864380
3467    277.674698  190241.720701
3468    277.754789  190296.577021
3469    277.834880  190351.433342
3470    277.914970  190406.289663
3471    277.995061  190461.145984
3472    278.075152  190516.002305
3473    278.155243  190570.858626
3474    278.235333  190625.714946
3475    278.315424  190680.571267
3476    278.395515  190735.427588
3477    278.475606  190790.283909
3478    278.555696  190845.140230
3479    278.635787  190899.996551
3480    278.715878  190954.852872
3481    278.795969  191009.709192
3482    278.876060  191064.565513
3483    278.956150  191119.421834
3484    279.036241  191174.278155
3485    279.116332  191229.134476
3486    279.196423  191283.990797
3487    279.276513  191338.847117
3488    279.356604  191393.703438
3489    279.436695  191448.559759
3490    279.516786  191503.416080
3491    279.596876  191558.272401
3492    279.676967  191613.128722
3493    279.757058  191667.985043
3494    279.837149  191722.841363
3495    279.917240  191777.697684
3496    279.997330  191832.554005
3497    280.077421  191887.410326
3498    280.157512  191942.266647
3499    280.237603  191997.122968
3500    280.317693  192051.979288
3501    280.397784  192106.835609
3502    280.477875  192161.691930
3503    280.557966  192216.548251
3504    280.638056  192271.404572
3505    280.718147  192326.260893
3506    280.798238  192381.117214
3507    280.878329  192435.973534
3508    280.958420  192490.829855
3509    281.038510  192545.686176
3510    281.118601  192600.542497
3511    281.198692  192655.398818
3512    281.278783  192710.255139
3513    281.358873  192765.111460
3514    281.438964  192819.967780
3515    281.519055  192874.824101
3516    281.599146  192929.680422
3517    281.679236  192984.536743
3518    281.759327  193039.393064
3519    281.839418  193094.249385
3520    281.919509  193149.105705
3521    281.999600  193203.962026
3522    282.079690  193258.818347
3523    282.159781  193313.674668
3524    282.239872  193368.530989
3525    282.319963  193423.387310
3526    282.400053  193478.243631
3527    282.480144  193533.099951
3528    282.560235  193587.956272
3529    282.640326  193642.812593
3530    282.720416  193697.668914
3531    282.800507  193752.525235
3532    282.880598  193807.381556
3533    282.960689  193862.237876
3534    283.040780  193917.094197
3535    283.120870  193971.950518
3536    283.200961  194026.806839
3537    283.281052  194081.663160
3538    283.361143  194136.519481
3539    283.441233  194191.375802
3540    283.521324  194246.232122
3541    283.601415  194301.088443
3542    283.681506  194355.944764
3543    283.761596  194410.801085
3544    283.841687  194465.657406
3545    283.921778  194520.513727
3546    284.001869  194575.370047
3547    284.081960  194630.226368
3548    284.162050  194685.082689
3549    284.242141  194739.939010
3550    284.322232  194794.795331
3551    284.402323  194849.651652
3552    284.482413  194904.507973
3553    284.562504  194959.364293
3554    284.642595  195014.220614
3555    284.722686  195069.076935
3556    284.802776  195123.933256
3557    284.882867  195178.789577
3558    284.962958  195233.645898
3559    285.043049  195288.502219
3560    285.123140  195343.358539
3561    285.203230  195398.214860
3562    285.283321  195453.071181
3563    285.363412  195507.927502
3564    285.443503  195562.783823
3565    285.523593  195617.640144
3566    285.603684  195672.496464
3567    285.683775  195727.352785
3568    285.763866  195782.209106
3569    285.843956  195837.065427
3570    285.924047  195891.921748
3571    286.004138  195946.778069
3572    286.084229  196001.634390
3573    286.164320  196056.490710
3574    286.244410  196111.347031
3575    286.324501  196166.203352
3576    286.404592  196221.059673
3577    286.484683  196275.915994
3578    286.564773  196330.772315
3579    286.644864  196385.628635
3580    286.724955  196440.484956
3581    286.805046  196495.341277
3582    286.885136  196550.197598
3583    286.965227  196605.053919
3584    287.045318  196659.910240
3585    287.125409  196714.766561
3586    287.205500  196769.622881
3587    287.285590  196824.479202
3588    287.365681  196879.335523
3589    287.445772  196934.191844
3590    287.525863  196989.048165
3591    287.605953  197043.904486
3592    287.686044  197098.760806
3593    287.766135  197153.617127
3594    287.846226  197208.473448
3595    287.926316  197263.329769
3596    288.006407  197318.186090
3597    288.086498  197373.042411
3598    288.166589  197427.898732
3599    288.246680  197482.755052
3600    288.326770  197537.611373
3601    288.406861  197592.467694
3602    288.486952  197647.324015
3603    288.567043  197702.180336
3604    288.647133  197757.036657
3605    288.727224  197811.892978
3606    288.807315  197866.749298
3607    288.887406  197921.605619
3608    288.967496  197976.461940
3609    289.047587  198031.318261
3610    289.127678  198086.174582
3611    289.207769  198141.030903
3612    289.287860  198195.887223
3613    289.367950  198250.743544
3614    289.448041  198305.599865
3615    289.528132  198360.456186
3616    289.608223  198415.312507
3617    289.688313  198470.168828
3618    289.768404  198525.025149
3619    289.848495  198579.881469
3620    289.928586  198634.737790
3621    290.008677  198689.594111
3622    290.088767  198744.450432
3623    290.168858  198799.306753
3624    290.248949  198854.163074
3625    290.329040  198909.019394
3626    290.409130  198963.875715
3627    290.489221  199018.732036
3628    290.569312  199073.588357
3629    290.649403  199128.444678
3630    290.729493  199183.300999
3631    290.809584  199238.157320
3632    290.889675  199293.013640
3633    290.969766  199347.869961
3634    291.049857  199402.726282
3635    291.129947  199457.582603
3636    291.210038  199512.438924
3637    291.290129  199567.295245
3638    291.370220  199622.151565
3639    291.450310  199677.007886
3640    291.530401  199731.864207
3641    291.610492  199786.720528
3642    291.690583  199841.576849
3643    291.770673  199896.433170
3644    291.850764  199951.289491
3645    291.930855  200006.145811
3646    292.010946  200061.002132
3647    292.091037  200115.858453
3648    292.171127  200170.714774
3649    292.251218  200225.571095
3650    292.331309  200280.427416
3651    292.411400  200335.283737
3652    292.491490  200390.140057
3653    292.571581  200444.996378
3654    292.651672  200499.852699
3655    292.731763  200554.709020
3656    292.811853  200609.565341
3657    292.891944  200664.421662
3658    292.972035  200719.277982
3659    293.052126  200774.134303
3660    293.132217  200828.990624
3661    293.212307  200883.846945
3662    293.292398  200938.703266
3663    293.372489  200993.559587
3664    293.452580  201048.415908
3665    293.532670  201103.272228
3666    293.612761  201158.128549
3667    293.692852  201212.984870
3668    293.772943  201267.841191
3669    293.853033  201322.697512
3670    293.933124  201377.553833
3671    294.013215  201432.410153
3672    294.093306  201487.266474
3673    294.173397  201542.122795
3674    294.253487  201596.979116
3675    294.333578  201651.835437
3676    294.413669  201706.691758
3677    294.493760  201761.548079
3678    294.573850  201816.404399
3679    294.653941  201871.260720
3680    294.734032  201926.117041
3681    294.814123  201980.973362
3682    294.894213  202035.829683
3683    294.974304  202090.686004
3684    295.054395  202145.542324
3685    295.134486  202200.398645
3686    295.214577  202255.254966
3687    295.294667  202310.111287
3688    295.374758  202364.967608
3689    295.454849  202419.823929
3690    295.534940  202474.680250
3691    295.615030  202529.536570
3692    295.695121  202584.392891
3693    295.775212  202639.249212
3694    295.855303  202694.105533
3695    295.935393  202748.961854
3696    296.015484  202803.818175
3697    296.095575  202858.674496
3698    296.175666  202913.530816
3699    296.255757  202968.387137
3700    296.335847  203023.243458
3701    296.415938  203078.099779
3702    296.496029  203132.956100
3703    296.576120  203187.812421
3704    296.656210  203242.668741
3705    296.736301  203297.525062
3706    296.816392  203352.381383
3707    296.896483  203407.237704
3708    296.976573  203462.094025
3709    297.056664  203516.950346
3710    297.136755  203571.806667
3711    297.216846  203626.662987
3712    297.296937  203681.519308
3713    297.377027  203736.375629
3714    297.457118  203791.231950
3715    297.537209  203846.088271
3716    297.617300  203900.944592
3717    297.697390  203955.800912
3718    297.777481  204010.657233
3719    297.857572  204065.513554
3720    297.937663  204120.369875
3721    298.017753  204175.226196
3722    298.097844  204230.082517
3723    298.177935  204284.938838
3724    298.258026  204339.795158
3725    298.338117  204394.651479
3726    298.418207  204449.507800
3727    298.498298  204504.364121
3728    298.578389  204559.220442
3729    298.658480  204614.076763
3730    298.738570  204668.933084
3731    298.818661  204723.789404
3732    298.898752  204778.645725
3733    298.978843  204833.502046
3734    299.058933  204888.358367
3735    299.139024  204943.214688
3736    299.219115  204998.071009
3737    299.299206  205052.927329
3738    299.379297  205107.783650
3739    299.459387  205162.639971
3740    299.539478  205217.496292
3741    299.619569  205272.352613
3742    299.699660  205327.208934
3743    299.779750  205382.065255
3744    299.859841  205436.921575
3745    299.939932  205491.777896
3746    300.020023  205546.634217
3747    300.100113  205601.490538
3748    300.180204  205656.346859
3749    300.260295  205711.203180
3750    300.340386  205766.059500
3751    300.420477  205820.915821
3752    300.500567  205875.772142
3753    300.580658  205930.628463
3754    300.660749  205985.484784
3755    300.740840  206040.341105
3756    300.820930  206095.197426
3757    300.901021  206150.053746
3758    300.981112  206204.910067
3759    301.061203  206259.766388
3760    301.141293  206314.622709
3761    301.221384  206369.479030
3762    301.301475  206424.335351
3763    301.381566  206479.191671
3764    301.461657  206534.047992
3765    301.541747  206588.904313
3766    301.621838  206643.760634
3767    301.701929  206698.616955
3768    301.782020  206753.473276
3769    301.862110  206808.329597
3770    301.942201  206863.185917
3771    302.022292  206918.042238
3772    302.102383  206972.898559
3773    302.182473  207027.754880
3774    302.262564  207082.611201
3775    302.342655  207137.467522
3776    302.422746  207192.323843
3777    302.502837  207247.180163
3778    302.582927  207302.036484
3779    302.663018  207356.892805
3780    302.743109  207411.749126
3781    302.823200  207466.605447
3782    302.903290  207521.461768
3783    302.983381  207576.318088
3784    303.063472  207631.174409
3785    303.143563  207686.030730
3786    303.223653  207740.887051
3787    303.303744  207795.743372
3788    303.383835  207850.599693
3789    303.463926  207905.456014
3790    303.544017  207960.312334
3791    303.624107  208015.168655
3792    303.704198  208070.024976
3793    303.784289  208124.881297
3794    303.864380  208179.737618
3795    303.944470  208234.593939
3796    304.024561  208289.450259
3797    304.104652  208344.306580
3798    304.184743  208399.162901
3799    304.264833  208454.019222
3800    304.344924  208508.875543
3801    304.425015  208563.731864
3802    304.505106  208618.588185
3803    304.585197  208673.444505
3804    304.665287  208728.300826
3805    304.745378  208783.157147
3806    304.825469  208838.013468
3807    304.905560  208892.869789
3808    304.985650  208947.726110
3809    305.065741  209002.582430
3810    305.145832  209057.438751
3811    305.225923  209112.295072
3812    305.306013  209167.151393
3813    305.386104  209222.007714
3814    305.466195  209276.864035
3815    305.546286  209331.720356
3816    305.626377  209386.576676
3817    305.706467  209441.432997
3818    305.786558  209496.289318
3819    305.866649  209551.145639
3820    305.946740  209606.001960
3821    306.026830  209660.858281
3822    306.106921  209715.714602
3823    306.187012  209770.570922
3824    306.267103  209825.427243
3825    306.347193  209880.283564
3826    306.427284  209935.139885
3827    306.507375  209989.996206
3828    306.587466  210044.852527
3829    306.667557  210099.708847
3830    306.747647  210154.565168
3831    306.827738  210209.421489
3832    306.907829  210264.277810
3833    306.987920  210319.134131
3834    307.068010  210373.990452
3835    307.148101  210428.846773
3836    307.228192  210483.703093
3837    307.308283  210538.559414
3838    307.388373  210593.415735
3839    307.468464  210648.272056
3840    307.548555  210703.128377
3841    307.628646  210757.984698
3842    307.708737  210812.841018
3843    307.788827  210867.697339
3844    307.868918  210922.553660
3845    307.949009  210977.409981
3846    308.029100  211032.266302
3847    308.109190  211087.122623
3848    308.189281  211141.978944
3849    308.269372  211196.835264
3850    308.349463  211251.691585
3851    308.429553  211306.547906
3852    308.509644  211361.404227
3853    308.589735  211416.260548
3854    308.669826  211471.116869
3855    308.749917  211525.973189
3856    308.830007  211580.829510
3857    308.910098  211635.685831
3858    308.990189  211690.542152
3859    309.070280  211745.398473
3860    309.150370  211800.254794
3861    309.230461  211855.111115
3862    309.310552  211909.967435
3863    309.390643  211964.823756
3864    309.470733  212019.680077
3865    309.550824  212074.536398
3866    309.630915  212129.392719
3867    309.711006  212184.249040
3868    309.791097  212239.105361
3869    309.871187  212293.961681
3870    309.951278  212348.818002
3871    310.031369  212403.674323
3872    310.111460  212458.530644
3873    310.191550  212513.386965
3874    310.271641  212568.243286
3875    310.351732  212623.099606
3876    310.431823  212677.955927
3877    310.511914  212732.812248
3878    310.592004  212787.668569
3879    310.672095  212842.524890
3880    310.752186  212897.381211
3881    310.832277  212952.237532
3882    310.912367  213007.093852
3883    310.992458  213061.950173
3884    311.072549  213116.806494
3885    311.152640  213171.662815
3886    311.232730  213226.519136
3887    311.312821  213281.375457
3888    311.392912  213336.231777
3889    311.473003  213391.088098
3890    311.553094  213445.944419
3891    311.633184  213500.800740
3892    311.713275  213555.657061
3893    311.793366  213610.513382
3894    311.873457  213665.369703
3895    311.953547  213720.226023
3896    312.033638  213775.082344
3897    312.113729  213829.938665
3898    312.193820  213884.794986
3899    312.273910  213939.651307
3900    312.354001  213994.507628
3901    312.434092  214049.363948
3902    312.514183  214104.220269
3903    312.594274  214159.076590
3904    312.674364  214213.932911
3905    312.754455  214268.789232
3906    312.834546  214323.645553
3907    312.914637  214378.501874
3908    312.994727  214433.358194
3909    313.074818  214488.214515
3910    313.154909  214543.070836
3911    313.235000  214597.927157
3912    313.315090  214652.783478
3913    313.395181  214707.639799
3914    313.475272  214762.496120
3915    313.555363  214817.352440
3916    313.635454  214872.208761
3917    313.715544  214927.065082
3918    313.795635  214981.921403
3919    313.875726  215036.777724
3920    313.955817  215091.634045
3921    314.035907  215146.490365
3922    314.115998  215201.346686
3923    314.196089  215256.203007
3924    314.276180  215311.059328
3925    314.356270  215365.915649
3926    314.436361  215420.771970
3927    314.516452  215475.628291
3928    314.596543  215530.484611
3929    314.676634  215585.340932
3930    314.756724  215640.197253
3931    314.836815  215695.053574
3932    314.916906  215749.909895
3933    314.996997  215804.766216
3934    315.077087  215859.622536
3935    315.157178  215914.478857
3936    315.237269  215969.335178
3937    315.317360  216024.191499
3938    315.397450  216079.047820
3939    315.477541  216133.904141
3940    315.557632  216188.760462
3941    315.637723  216243.616782
3942    315.717814  216298.473103
3943    315.797904  216353.329424
3944    315.877995  216408.185745
3945    315.958086  216463.042066
3946    316.038177  216517.898387
3947    316.118267  216572.754707
3948    316.198358  216627.611028
3949    316.278449  216682.467349
3950    316.358540  216737.323670
3951    316.438630  216792.179991
3952    316.518721  216847.036312
3953    316.598812  216901.892633
3954    316.678903  216956.748953
3955    316.758994  217011.605274
3956    316.839084  217066.461595
3957    316.919175  217121.317916
3958    316.999266  217176.174237
3959    317.079357  217231.030558
3960    317.159447  217285.886879
3961    317.239538  217340.743199
3962    317.319629  217395.599520
3963    317.399720  217450.455841
3964    317.479810  217505.312162
3965    317.559901  217560.168483
3966    317.639992  217615.024804
3967    317.720083  217669.881124
3968    317.800174  217724.737445
3969    317.880264  217779.593766
3970    317.960355  217834.450087
3971    318.040446  217889.306408
3972    318.120537  217944.162729
3973    318.200627  217999.019050
3974    318.280718  218053.875370
3975    318.360809  218108.731691
3976    318.440900  218163.588012
3977    318.520990  218218.444333
3978    318.601081  218273.300654
3979    318.681172  218328.156975
3980    318.761263  218383.013295
3981    318.841354  218437.869616
3982    318.921444  218492.725937
3983    319.001535  218547.582258
3984    319.081626  218602.438579
3985    319.161717  218657.294900
3986    319.241807  218712.151221
3987    319.321898  218767.007541
3988    319.401989  218821.863862
3989    319.482080  218876.720183
3990    319.562170  218931.576504
3991    319.642261  218986.432825
3992    319.722352  219041.289146
3993    319.802443  219096.145466
3994    319.882534  219151.001787
3995    319.962624  219205.858108
3996    320.042715  219260.714429
3997    320.122806  219315.570750
3998    320.202897  219370.427071
3999    320.282987  219425.283392
4000    320.363078  219480.139712
4001    320.443169  219534.996033
4002    320.523260  219589.852354
4003    320.603350  219644.708675
4004    320.683441  219699.564996
4005    320.763532  219754.421317
4006    320.843623  219809.277638
4007    320.923714  219864.133958
4008    321.003804  219918.990279
4009    321.083895  219973.846600
4010    321.163986  220028.702921
4011    321.244077  220083.559242
4012    321.324167  220138.415563
4013    321.404258  220193.271883
4014    321.484349  220248.128204
4015    321.564440  220302.984525
4016    321.644530  220357.840846
4017    321.724621  220412.697167
4018    321.804712  220467.553488
4019    321.884803  220522.409809
4020    321.964894  220577.266129
4021    322.044984  220632.122450
4022    322.125075  220686.978771
4023    322.205166  220741.835092
4024    322.285257  220796.691413
4025    322.365347  220851.547734
4026    322.445438  220906.404054
4027    322.525529  220961.260375
4028    322.605620  221016.116696
4029    322.685710  221070.973017
4030    322.765801  221125.829338
4031    322.845892  221180.685659
4032    322.925983  221235.541980
4033    323.006074  221290.398300
4034    323.086164  221345.254621
4035    323.166255  221400.110942
4036    323.246346  221454.967263
4037    323.326437  221509.823584
4038    323.406527  221564.679905
4039    323.486618  221619.536226
4040    323.566709  221674.392546
4041    323.646800  221729.248867
4042    323.726890  221784.105188
4043    323.806981  221838.961509
4044    323.887072  221893.817830
4045    323.967163  221948.674151
4046    324.047254  222003.530471
4047    324.127344  222058.386792
4048    324.207435  222113.243113
4049    324.287526  222168.099434
4050    324.367617  222222.955755
4051    324.447707  222277.812076
4052    324.527798  222332.668397
4053    324.607889  222387.524717
4054    324.687980  222442.381038
4055    324.768070  222497.237359
4056    324.848161  222552.093680
4057    324.928252  222606.950001
4058    325.008343  222661.806322
4059    325.088434  222716.662642
4060    325.168524  222771.518963
4061    325.248615  222826.375284
4062    325.328706  222881.231605
4063    325.408797  222936.087926
4064    325.488887  222990.944247
4065    325.568978  223045.800568
4066    325.649069  223100.656888
4067    325.729160  223155.513209
4068    325.809250  223210.369530
4069    325.889341  223265.225851
4070    325.969432  223320.082172
4071    326.049523  223374.938493
4072    326.129614  223429.794813
4073    326.209704  223484.651134
4074    326.289795  223539.507455
4075    326.369886  223594.363776
4076    326.449977  223649.220097
4077    326.530067  223704.076418
4078    326.610158  223758.932739
4079    326.690249  223813.789059
4080    326.770340  223868.645380
4081    326.850430  223923.501701
4082    326.930521  223978.358022
4083    327.010612  224033.214343
4084    327.090703  224088.070664
4085    327.170794  224142.926985
4086    327.250884  224197.783305
4087    327.330975  224252.639626
4088    327.411066  224307.495947
4089    327.491157  224362.352268
4090    327.571247  224417.208589
4091    327.651338  224472.064910
4092    327.731429  224526.921230
4093    327.811520  224581.777551
4094    327.891610  224636.633872
4095    327.971701  224691.490193
4096    328.051792  224746.346514
4097    328.131883  224801.202835
4098    328.211974  224856.059156
4099    328.292064  224910.915476
4100    328.372155  224965.771797
4101    328.452246  225020.628118
4102    328.532337  225075.484439
4103    328.612427  225130.340760
4104    328.692518  225185.197081
4105    328.772609  225240.053401
4106    328.852700  225294.909722
4107    328.932790  225349.766043
4108    329.012881  225404.622364
4109    329.092972  225459.478685
4110    329.173063  225514.335006
4111    329.253154  225569.191327
4112    329.333244  225624.047647
4113    329.413335  225678.903968
4114    329.493426  225733.760289
4115    329.573517  225788.616610
4116    329.653607  225843.472931
4117    329.733698  225898.329252
4118    329.813789  225953.185572
4119    329.893880  226008.041893
4120    329.973970  226062.898214
4121    330.054061  226117.754535
4122    330.134152  226172.610856
4123    330.214243  226227.467177
4124    330.294334  226282.323498
4125    330.374424  226337.179818
4126    330.454515  226392.036139
4127    330.534606  226446.892460
4128    330.614697  226501.748781
4129    330.694787  226556.605102
4130    330.774878  226611.461423
4131    330.854969  226666.317744
4132    330.935060  226721.174064
4133    331.015151  226776.030385
4134    331.095241  226830.886706
4135    331.175332  226885.743027
4136    331.255423  226940.599348
4137    331.335514  226995.455669
4138    331.415604  227050.311989
4139    331.495695  227105.168310
4140    331.575786  227160.024631
4141    331.655877  227214.880952
4142    331.735967  227269.737273
4143    331.816058  227324.593594
4144    331.896149  227379.449915
4145    331.976240  227434.306235
4146    332.056331  227489.162556
4147    332.136421  227544.018877
4148    332.216512  227598.875198
4149    332.296603  227653.731519
4150    332.376694  227708.587840
4151    332.456784  227763.444160
4152    332.536875  227818.300481
4153    332.616966  227873.156802
4154    332.697057  227928.013123
4155    332.777147  227982.869444
4156    332.857238  228037.725765
4157    332.937329  228092.582086
4158    333.017420  228147.438406
4159    333.097511  228202.294727
4160    333.177601  228257.151048
4161    333.257692  228312.007369
4162    333.337783  228366.863690
4163    333.417874  228421.720011
4164    333.497964  228476.576331
4165    333.578055  228531.432652
4166    333.658146  228586.288973
4167    333.738237  228641.145294
4168    333.818327  228696.001615
4169    333.898418  228750.857936
4170    333.978509  228805.714257
4171    334.058600  228860.570577
4172    334.138691  228915.426898
4173    334.218781  228970.283219
4174    334.298872  229025.139540
4175    334.378963  229079.995861
4176    334.459054  229134.852182
4177    334.539144  229189.708503
4178    334.619235  229244.564823
4179    334.699326  229299.421144
4180    334.779417  229354.277465
4181    334.859507  229409.133786
4182    334.939598  229463.990107
4183    335.019689  229518.846428
4184    335.099780  229573.702748
4185    335.179871  229628.559069
4186    335.259961  229683.415390
4187    335.340052  229738.271711
4188    335.420143  229793.128032
4189    335.500234  229847.984353
4190    335.580324  229902.840674
4191    335.660415  229957.696994
4192    335.740506  230012.553315
4193    335.820597  230067.409636
4194    335.900687  230122.265957
4195    335.980778  230177.122278
4196    336.060869  230231.978599
4197    336.140960  230286.834919
4198    336.221051  230341.691240
4199    336.301141  230396.547561
4200    336.381232  230451.403882
4201    336.461323  230506.260203
4202    336.541414  230561.116524
4203    336.621504  230615.972845
4204    336.701595  230670.829165
4205    336.781686  230725.685486
4206    336.861777  230780.541807
4207    336.941867  230835.398128
4208    337.021958  230890.254449
4209    337.102049  230945.110770
4210    337.182140  230999.967090
4211    337.262231  231054.823411
4212    337.342321  231109.679732
4213    337.422412  231164.536053
4214    337.502503  231219.392374
4215    337.582594  231274.248695
4216    337.662684  231329.105016
4217    337.742775  231383.961336
4218    337.822866  231438.817657
4219    337.902957  231493.673978
4220    337.983047  231548.530299
4221    338.063138  231603.386620
4222    338.143229  231658.242941
4223    338.223320  231713.099262
4224    338.303411  231767.955582
4225    338.383501  231822.811903
4226    338.463592  231877.668224
4227    338.543683  231932.524545
4228    338.623774  231987.380866
4229    338.703864  232042.237187
4230    338.783955  232097.093507
4231    338.864046  232151.949828
4232    338.944137  232206.806149
4233    339.024227  232261.662470
4234    339.104318  232316.518791
4235    339.184409  232371.375112
4236    339.264500  232426.231433
4237    339.344591  232481.087753
4238    339.424681  232535.944074
4239    339.504772  232590.800395
4240    339.584863  232645.656716
4241    339.664954  232700.513037
4242    339.745044  232755.369358
4243    339.825135  232810.225678
4244    339.905226  232865.081999
4245    339.985317  232919.938320
4246    340.065407  232974.794641
4247    340.145498  233029.650962
4248    340.225589  233084.507283
4249    340.305680  233139.363604
4250    340.385771  233194.219924
4251    340.465861  233249.076245
4252    340.545952  233303.932566
4253    340.626043  233358.788887
4254    340.706134  233413.645208
4255    340.786224  233468.501529
4256    340.866315  233523.357849
4257    340.946406  233578.214170
4258    341.026497  233633.070491
4259    341.106587  233687.926812
4260    341.186678  233742.783133
4261    341.266769  233797.639454
4262    341.346860  233852.495775
4263    341.426951  233907.352095
4264    341.507041  233962.208416
4265    341.587132  234017.064737
4266    341.667223  234071.921058
4267    341.747314  234126.777379
4268    341.827404  234181.633700
4269    341.907495  234236.490021
4270    341.987586  234291.346341
4271    342.067677  234346.202662
4272    342.147767  234401.058983
4273    342.227858  234455.915304
4274    342.307949  234510.771625
4275    342.388040  234565.627946
4276    342.468131  234620.484266
4277    342.548221  234675.340587
4278    342.628312  234730.196908
4279    342.708403  234785.053229
4280    342.788494  234839.909550
4281    342.868584  234894.765871
4282    342.948675  234949.622192
4283    343.028766  235004.478512
4284    343.108857  235059.334833
4285    343.188947  235114.191154
4286    343.269038  235169.047475
4287    343.349129  235223.903796
4288    343.429220  235278.760117
4289    343.509311  235333.616437
4290    343.589401  235388.472758
4291    343.669492  235443.329079
4292    343.749583  235498.185400
4293    343.829674  235553.041721
4294    343.909764  235607.898042
4295    343.989855  235662.754363
4296    344.069946  235717.610683
4297    344.150037  235772.467004
4298    344.230127  235827.323325
4299    344.310218  235882.179646
4300    344.390309  235937.035967
4301    344.470400  235991.892288
4302    344.550491  236046.748608
4303    344.630581  236101.604929
4304    344.710672  236156.461250
4305    344.790763  236211.317571
4306    344.870854  236266.173892
4307    344.950944  236321.030213
4308    345.031035  236375.886534
4309    345.111126  236430.742854
4310    345.191217  236485.599175
4311    345.271307  236540.455496
4312    345.351398  236595.311817
4313    345.431489  236650.168138
4314    345.511580  236705.024459
4315    345.591671  236759.880780
4316    345.671761  236814.737100
4317    345.751852  236869.593421
4318    345.831943  236924.449742
4319    345.912034  236979.306063
4320    345.992124  237034.162384
4321    346.072215  237089.018705
4322    346.152306  237143.875025
4323    346.232397  237198.731346
4324    346.312487  237253.587667
4325    346.392578  237308.443988
4326    346.472669  237363.300309
4327    346.552760  237418.156630
4328    346.632851  237473.012951
4329    346.712941  237527.869271
4330    346.793032  237582.725592
4331    346.873123  237637.581913
4332    346.953214  237692.438234
4333    347.033304  237747.294555
4334    347.113395  237802.150876
4335    347.193486  237857.007196
4336    347.273577  237911.863517
4337    347.353667  237966.719838
4338    347.433758  238021.576159
4339    347.513849  238076.432480
4340    347.593940  238131.288801
4341    347.674031  238186.145122
4342    347.754121  238241.001442
4343    347.834212  238295.857763
4344    347.914303  238350.714084
4345    347.994394  238405.570405
4346    348.074484  238460.426726
4347    348.154575  238515.283047
4348    348.234666  238570.139367
4349    348.314757  238624.995688
4350    348.394847  238679.852009
4351    348.474938  238734.708330
4352    348.555029  238789.564651
4353    348.635120  238844.420972
4354    348.715211  238899.277293
4355    348.795301  238954.133613
4356    348.875392  239008.989934
4357    348.955483  239063.846255
4358    349.035574  239118.702576
4359    349.115664  239173.558897
4360    349.195755  239228.415218
4361    349.275846  239283.271539
4362    349.355937  239338.127859
4363    349.436027  239392.984180
4364    349.516118  239447.840501
4365    349.596209  239502.696822
4366    349.676300  239557.553143
4367    349.756391  239612.409464
4368    349.836481  239667.265784
4369    349.916572  239722.122105
4370    349.996663  239776.978426
4371    350.076754  239831.834747
4372    350.156844  239886.691068
4373    350.236935  239941.547389
4374    350.317026  239996.403710
4375    350.397117  240051.260030
4376    350.477208  240106.116351
4377    350.557298  240160.972672
4378    350.637389  240215.828993
4379    350.717480  240270.685314
4380    350.797571  240325.541635
4381    350.877661  240380.397955
4382    350.957752  240435.254276
4383    351.037843  240490.110597
4384    351.117934  240544.966918
4385    351.198024  240599.823239
4386    351.278115  240654.679560
4387    351.358206  240709.535881
4388    351.438297  240764.392201
4389    351.518388  240819.248522
4390    351.598478  240874.104843
4391    351.678569  240928.961164
4392    351.758660  240983.817485
4393    351.838751  241038.673806
4394    351.918841  241093.530127
4395    351.998932  241148.386447
4396    352.079023  241203.242768
4397    352.159114  241258.099089
4398    352.239204  241312.955410
4399    352.319295  241367.811731
4400    352.399386  241422.668052
4401    352.479477  241477.524372
4402    352.559568  241532.380693
4403    352.639658  241587.237014
4404    352.719749  241642.093335
4405    352.799840  241696.949656
4406    352.879931  241751.805977
4407    352.960021  241806.662298
4408    353.040112  241861.518618
4409    353.120203  241916.374939
4410    353.200294  241971.231260
4411    353.280384  242026.087581
4412    353.360475  242080.943902
4413    353.440566  242135.800223
4414    353.520657  242190.656543
4415    353.600748  242245.512864
4416    353.680838  242300.369185
4417    353.760929  242355.225506
4418    353.841020  242410.081827
4419    353.921111  242464.938148
4420    354.001201  242519.794469
4421    354.081292  242574.650789
4422    354.161383  242629.507110
4423    354.241474  242684.363431
4424    354.321564  242739.219752
4425    354.401655  242794.076073
4426    354.481746  242848.932394
4427    354.561837  242903.788714
4428    354.641928  242958.645035
4429    354.722018  243013.501356
4430    354.802109  243068.357677
4431    354.882200  243123.213998
4432    354.962291  243178.070319
4433    355.042381  243232.926640
4434    355.122472  243287.782960
4435    355.202563  243342.639281
4436    355.282654  243397.495602
4437    355.362744  243452.351923
4438    355.442835  243507.208244
4439    355.522926  243562.064565
4440    355.603017  243616.920886
4441    355.683108  243671.777206
4442    355.763198  243726.633527
4443    355.843289  243781.489848
4444    355.923380  243836.346169
4445    356.003471  243891.202490
4446    356.083561  243946.058811
4447    356.163652  244000.915131
4448    356.243743  244055.771452
4449    356.323834  244110.627773
4450    356.403924  244165.484094
4451    356.484015  244220.340415
4452    356.564106  244275.196736
4453    356.644197  244330.053057
4454    356.724288  244384.909377
4455    356.804378  244439.765698
4456    356.884469  244494.622019
4457    356.964560  244549.478340
4458    357.044651  244604.334661
4459    357.124741  244659.190982
4460    357.204832  244714.047302
4461    357.284923  244768.903623
4462    357.365014  244823.759944
4463    357.445104  244878.616265
4464    357.525195  244933.472586
4465    357.605286  244988.328907
4466    357.685377  245043.185228
4467    357.765468  245098.041548
4468    357.845558  245152.897869
4469    357.925649  245207.754190
4470    358.005740  245262.610511
4471    358.085831  245317.466832
4472    358.165921  245372.323153
4473    358.246012  245427.179473
4474    358.326103  245482.035794
4475    358.406194  245536.892115
4476    358.486284  245591.748436
4477    358.566375  245646.604757
4478    358.646466  245701.461078
4479    358.726557  245756.317399
4480    358.806648  245811.173719
4481    358.886738  245866.030040
4482    358.966829  245920.886361
4483    359.046920  245975.742682
4484    359.127011  246030.599003
4485    359.207101  246085.455324
4486    359.287192  246140.311645
4487    359.367283  246195.167965
4488    359.447374  246250.024286
4489    359.527464  246304.880607
4490    359.607555  246359.736928
4491    359.687646  246414.593249
4492    359.767737  246469.449570
4493    359.847828  246524.305890
4494    359.927918  246579.162211
4495    360.008009  246634.018532
4496    360.088100  246688.874853
4497    360.168191  246743.731174
4498    360.248281  246798.587495
4499    360.328372  246853.443816
4500    360.408463  246908.300136
4501    360.488554  246963.156457
4502    360.568644  247018.012778
4503    360.648735  247072.869099
4504    360.728826  247127.725420
4505    360.808917  247182.581741
4506    360.889008  247237.438061
4507    360.969098  247292.294382
4508    361.049189  247347.150703
4509    361.129280  247402.007024
4510    361.209371  247456.863345
4511    361.289461  247511.719666
4512    361.369552  247566.575987
4513    361.449643  247621.432307
4514    361.529734  247676.288628
4515    361.609824  247731.144949
4516    361.689915  247786.001270
4517    361.770006  247840.857591
4518    361.850097  247895.713912
4519    361.930188  247950.570232
4520    362.010278  248005.426553
4521    362.090369  248060.282874
4522    362.170460  248115.139195
4523    362.250551  248169.995516
4524    362.330641  248224.851837
4525    362.410732  248279.708158
4526    362.490823  248334.564478
4527    362.570914  248389.420799
4528    362.651004  248444.277120
4529    362.731095  248499.133441
4530    362.811186  248553.989762
4531    362.891277  248608.846083
4532    362.971368  248663.702404
4533    363.051458  248718.558724
4534    363.131549  248773.415045
4535    363.211640  248828.271366
4536    363.291731  248883.127687
4537    363.371821  248937.984008
4538    363.451912  248992.840329
4539    363.532003  249047.696649
4540    363.612094  249102.552970
4541    363.692184  249157.409291
4542    363.772275  249212.265612
4543    363.852366  249267.121933
4544    363.932457  249321.978254
4545    364.012548  249376.834575
4546    364.092638  249431.690895
4547    364.172729  249486.547216
4548    364.252820  249541.403537
4549    364.332911  249596.259858
4550    364.413001  249651.116179
4551    364.493092  249705.972500
4552    364.573183  249760.828820
4553    364.653274  249815.685141
4554    364.733364  249870.541462
4555    364.813455  249925.397783
4556    364.893546  249980.254104
4557    364.973637  250035.110425
4558    365.053728  250089.966746
4559    365.133818  250144.823066
4560    365.213909  250199.679387
4561    365.294000  250254.535708
4562    365.374091  250309.392029
4563    365.454181  250364.248350
4564    365.534272  250419.104671
4565    365.614363  250473.960991
4566    365.694454  250528.817312
4567    365.774544  250583.673633
4568    365.854635  250638.529954
4569    365.934726  250693.386275
4570    366.014817  250748.242596
4571    366.094908  250803.098917
4572    366.174998  250857.955237
4573    366.255089  250912.811558
4574    366.335180  250967.667879
4575    366.415271  251022.524200
4576    366.495361  251077.380521
4577    366.575452  251132.236842
4578    366.655543  251187.093163
4579    366.735634  251241.949483
4580    366.815724  251296.805804
4581    366.895815  251351.662125
4582    366.975906  251406.518446
4583    367.055997  251461.374767
4584    367.136088  251516.231088
4585    367.216178  251571.087408
4586    367.296269  251625.943729
4587    367.376360  251680.800050
4588    367.456451  251735.656371
4589    367.536541  251790.512692
4590    367.616632  251845.369013
4591    367.696723  251900.225334
4592    367.776814  251955.081654
4593    367.856904  252009.937975
4594    367.936995  252064.794296
4595    368.017086  252119.650617
4596    368.097177  252174.506938
4597    368.177268  252229.363259
4598    368.257358  252284.219579
4599    368.337449  252339.075900
4600    368.417540  252393.932221
4601    368.497631  252448.788542
4602    368.577721  252503.644863
4603    368.657812  252558.501184
4604    368.737903  252613.357505
4605    368.817994  252668.213825
4606    368.898084  252723.070146
4607    368.978175  252777.926467
4608    369.058266  252832.782788
4609    369.138357  252887.639109
4610    369.218448  252942.495430
4611    369.298538  252997.351750
4612    369.378629  253052.208071
4613    369.458720  253107.064392
4614    369.538811  253161.920713
4615    369.618901  253216.777034
4616    369.698992  253271.633355
4617    369.779083  253326.489676
4618    369.859174  253381.345996
4619    369.939264  253436.202317
4620    370.019355  253491.058638
4621    370.099446  253545.914959
4622    370.179537  253600.771280
4623    370.259628  253655.627601
4624    370.339718  253710.483922
4625    370.419809  253765.340242
4626    370.499900  253820.196563
4627    370.579991  253875.052884
4628    370.660081  253929.909205
4629    370.740172  253984.765526
4630    370.820263  254039.621847
4631    370.900354  254094.478167
4632    370.980445  254149.334488
4633    371.060535  254204.190809
4634    371.140626  254259.047130
4635    371.220717  254313.903451
4636    371.300808  254368.759772
4637    371.380898  254423.616093
4638    371.460989  254478.472413
4639    371.541080  254533.328734
4640    371.621171  254588.185055
4641    371.701261  254643.041376
4642    371.781352  254697.897697
4643    371.861443  254752.754018
4644    371.941534  254807.610338
4645    372.021625  254862.466659
4646    372.101715  254917.322980
4647    372.181806  254972.179301
4648    372.261897  255027.035622
4649    372.341988  255081.891943
4650    372.422078  255136.748264
4651    372.502169  255191.604584
4652    372.582260  255246.460905
4653    372.662351  255301.317226
4654    372.742441  255356.173547
4655    372.822532  255411.029868
4656    372.902623  255465.886189
4657    372.982714  255520.742509
4658    373.062805  255575.598830
4659    373.142895  255630.455151
4660    373.222986  255685.311472
4661    373.303077  255740.167793
4662    373.383168  255795.024114
4663    373.463258  255849.880435
4664    373.543349  255904.736755
4665    373.623440  255959.593076
4666    373.703531  256014.449397
4667    373.783621  256069.305718
4668    373.863712  256124.162039
4669    373.943803  256179.018360
4670    374.023894  256233.874681
4671    374.103985  256288.731001
4672    374.184075  256343.587322
4673    374.264166  256398.443643
4674    374.344257  256453.299964
4675    374.424348  256508.156285
4676    374.504438  256563.012606
4677    374.584529  256617.868926
4678    374.664620  256672.725247
4679    374.744711  256727.581568
4680    374.824801  256782.437889
4681    374.904892  256837.294210
4682    374.984983  256892.150531
4683    375.065074  256947.006852
4684    375.145165  257001.863172
4685    375.225255  257056.719493
4686    375.305346  257111.575814
4687    375.385437  257166.432135
4688    375.465528  257221.288456
4689    375.545618  257276.144777
4690    375.625709  257331.001097
4691    375.705800  257385.857418
4692    375.785891  257440.713739
4693    375.865981  257495.570060
4694    375.946072  257550.426381
4695    376.026163  257605.282702
4696    376.106254  257660.139023
4697    376.186345  257714.995343
4698    376.266435  257769.851664
4699    376.346526  257824.707985
4700    376.426617  257879.564306
4701    376.506708  257934.420627
4702    376.586798  257989.276948
4703    376.666889  258044.133268
4704    376.746980  258098.989589
4705    376.827071  258153.845910
4706    376.907161  258208.702231
4707    376.987252  258263.558552
4708    377.067343  258318.414873
4709    377.147434  258373.271194
4710    377.227525  258428.127514
4711    377.307615  258482.983835
4712    377.387706  258537.840156
4713    377.467797  258592.696477
4714    377.547888  258647.552798
4715    377.627978  258702.409119
4716    377.708069  258757.265440
4717    377.788160  258812.121760
4718    377.868251  258866.978081
4719    377.948341  258921.834402
4720    378.028432  258976.690723
4721    378.108523  259031.547044
4722    378.188614  259086.403365
4723    378.268705  259141.259685
4724    378.348795  259196.116006
4725    378.428886  259250.972327
4726    378.508977  259305.828648
4727    378.589068  259360.684969
4728    378.669158  259415.541290
4729    378.749249  259470.397611
4730    378.829340  259525.253931
4731    378.909431  259580.110252
4732    378.989521  259634.966573
4733    379.069612  259689.822894
4734    379.149703  259744.679215
4735    379.229794  259799.535536
4736    379.309885  259854.391856
4737    379.389975  259909.248177
4738    379.470066  259964.104498
4739    379.550157  260018.960819
4740    379.630248  260073.817140
4741    379.710338  260128.673461
4742    379.790429  260183.529782
4743    379.870520  260238.386102
4744    379.950611  260293.242423
4745    380.030701  260348.098744
4746    380.110792  260402.955065
4747    380.190883  260457.811386
4748    380.270974  260512.667707
4749    380.351065  260567.524028
4750    380.431155  260622.380348
4751    380.511246  260677.236669
4752    380.591337  260732.092990
4753    380.671428  260786.949311
4754    380.751518  260841.805632
4755    380.831609  260896.661953
4756    380.911700  260951.518273
4757    380.991791  261006.374594
4758    381.071881  261061.230915
4759    381.151972  261116.087236
4760    381.232063  261170.943557
4761    381.312154  261225.799878
4762    381.392245  261280.656199
4763    381.472335  261335.512519
4764    381.552426  261390.368840
4765    381.632517  261445.225161
4766    381.712608  261500.081482
4767    381.792698  261554.937803
4768    381.872789  261609.794124
4769    381.952880  261664.650444
4770    382.032971  261719.506765
4771    382.113061  261774.363086
4772    382.193152  261829.219407
4773    382.273243  261884.075728
4774    382.353334  261938.932049
4775    382.433425  261993.788370
4776    382.513515  262048.644690
4777    382.593606  262103.501011
4778    382.673697  262158.357332
4779    382.753788  262213.213653
4780    382.833878  262268.069974
4781    382.913969  262322.926295
4782    382.994060  262377.782615
4783    383.074151  262432.638936
4784    383.154241  262487.495257
4785    383.234332  262542.351578
4786    383.314423  262597.207899
4787    383.394514  262652.064220
4788    383.474605  262706.920541
4789    383.554695  262761.776861
4790    383.634786  262816.633182
4791    383.714877  262871.489503
4792    383.794968  262926.345824
4793    383.875058  262981.202145
4794    383.955149  263036.058466
4795    384.035240  263090.914787
4796    384.115331  263145.771107
4797    384.195421  263200.627428
4798    384.275512  263255.483749
4799    384.355603  263310.340070
4800    384.435694  263365.196391
4801    384.515785  263420.052712
4802    384.595875  263474.909032
4803    384.675966  263529.765353
4804    384.756057  263584.621674
4805    384.836148  263639.477995
4806    384.916238  263694.334316
4807    384.996329  263749.190637
4808    385.076420  263804.046958
4809    385.156511  263858.903278
4810    385.236601  263913.759599
4811    385.316692  263968.615920
4812    385.396783  264023.472241
4813    385.476874  264078.328562
4814    385.556965  264133.184883
4815    385.637055  264188.041203
4816    385.717146  264242.897524
4817    385.797237  264297.753845
4818    385.877328  264352.610166
4819    385.957418  264407.466487
4820    386.037509  264462.322808
4821    386.117600  264517.179129
4822    386.197691  264572.035449
4823    386.277781  264626.891770
4824    386.357872  264681.748091
4825    386.437963  264736.604412
4826    386.518054  264791.460733
4827    386.598145  264846.317054
4828    386.678235  264901.173374
4829    386.758326  264956.029695
4830    386.838417  265010.886016
4831    386.918508  265065.742337
4832    386.998598  265120.598658
4833    387.078689  265175.454979
4834    387.158780  265230.311300
4835    387.238871  265285.167620
4836    387.318961  265340.023941
4837    387.399052  265394.880262
4838    387.479143  265449.736583
4839    387.559234  265504.592904
4840    387.639325  265559.449225
4841    387.719415  265614.305546
4842    387.799506  265669.161866
4843    387.879597  265724.018187
4844    387.959688  265778.874508
4845    388.039778  265833.730829
4846    388.119869  265888.587150
4847    388.199960  265943.443471
4848    388.280051  265998.299791
4849    388.360141  266053.156112
4850    388.440232  266108.012433
4851    388.520323  266162.868754
4852    388.600414  266217.725075
4853    388.680505  266272.581396
4854    388.760595  266327.437717
4855    388.840686  266382.294037
4856    388.920777  266437.150358
4857    389.000868  266492.006679
4858    389.080958  266546.863000
4859    389.161049  266601.719321
4860    389.241140  266656.575642
4861    389.321231  266711.431962
4862    389.401321  266766.288283
4863    389.481412  266821.144604
4864    389.561503  266876.000925
4865    389.641594  266930.857246
4866    389.721685  266985.713567
4867    389.801775  267040.569888
4868    389.881866  267095.426208
4869    389.961957  267150.282529
4870    390.042048  267205.138850
4871    390.122138  267259.995171
4872    390.202229  267314.851492
4873    390.282320  267369.707813
4874    390.362411  267424.564133
4875    390.442502  267479.420454
4876    390.522592  267534.276775
4877    390.602683  267589.133096
4878    390.682774  267643.989417
4879    390.762865  267698.845738
4880    390.842955  267753.702059
4881    390.923046  267808.558379
4882    391.003137  267863.414700
4883    391.083228  267918.271021
4884    391.163318  267973.127342
4885    391.243409  268027.983663
4886    391.323500  268082.839984
4887    391.403591  268137.696305
4888    391.483682  268192.552625
4889    391.563772  268247.408946
4890    391.643863  268302.265267
4891    391.723954  268357.121588
4892    391.804045  268411.977909
4893    391.884135  268466.834230
4894    391.964226  268521.690550
4895    392.044317  268576.546871
4896    392.124408  268631.403192
4897    392.204498  268686.259513
4898    392.284589  268741.115834
4899    392.364680  268795.972155
4900    392.444771  268850.828476
4901    392.524862  268905.684796
4902    392.604952  268960.541117
4903    392.685043  269015.397438
4904    392.765134  269070.253759
4905    392.845225  269125.110080
4906    392.925315  269179.966401
4907    393.005406  269234.822721
4908    393.085497  269289.679042
4909    393.165588  269344.535363
4910    393.245678  269399.391684
4911    393.325769  269454.248005
4912    393.405860  269509.104326
4913    393.485951  269563.960647
4914    393.566042  269618.816967
4915    393.646132  269673.673288
4916    393.726223  269728.529609
4917    393.806314  269783.385930
4918    393.886405  269838.242251
4919    393.966495  269893.098572
4920    394.046586  269947.954892
4921    394.126677  270002.811213
4922    394.206768  270057.667534
4923    394.286858  270112.523855
4924    394.366949  270167.380176
4925    394.447040  270222.236497
4926    394.527131  270277.092818
4927    394.607222  270331.949138
4928    394.687312  270386.805459
4929    394.767403  270441.661780
4930    394.847494  270496.518101
4931    394.927585  270551.374422
4932    395.007675  270606.230743
4933    395.087766  270661.087064
4934    395.167857  270715.943384
4935    395.247948  270770.799705
4936    395.328038  270825.656026
4937    395.408129  270880.512347
4938    395.488220  270935.368668
4939    395.568311  270990.224989
4940    395.648402  271045.081309
4941    395.728492  271099.937630
4942    395.808583  271154.793951
4943    395.888674  271209.650272
4944    395.968765  271264.506593
4945    396.048855  271319.362914
4946    396.128946  271374.219235
4947    396.209037  271429.075555
4948    396.289128  271483.931876
4949    396.369218  271538.788197
4950    396.449309  271593.644518
4951    396.529400  271648.500839
4952    396.609491  271703.357160
4953    396.689582  271758.213480
4954    396.769672  271813.069801
4955    396.849763  271867.926122
4956    396.929854  271922.782443
4957    397.009945  271977.638764
4958    397.090035  272032.495085
4959    397.170126  272087.351406
4960    397.250217  272142.207726
4961    397.330308  272197.064047
4962    397.410398  272251.920368
4963    397.490489  272306.776689
4964    397.570580  272361.633010
4965    397.650671  272416.489331
4966    397.730762  272471.345651
4967    397.810852  272526.201972
4968    397.890943  272581.058293
4969    397.971034  272635.914614
4970    398.051125  272690.770935
4971    398.131215  272745.627256
4972    398.211306  272800.483577
4973    398.291397  272855.339897
4974    398.371488  272910.196218
4975    398.451578  272965.052539
4976    398.531669  273019.908860
4977    398.611760  273074.765181
4978    398.691851  273129.621502
4979    398.771942  273184.477823
4980    398.852032  273239.334143
4981    398.932123  273294.190464
4982    399.012214  273349.046785
4983    399.092305  273403.903106
4984    399.172395  273458.759427
4985    399.252486  273513.615748
4986    399.332577  273568.472068
4987    399.412668  273623.328389
4988    399.492758  273678.184710
4989    399.572849  273733.041031
4990    399.652940  273787.897352
4991    399.733031  273842.753673
4992    399.813122  273897.609994
4993    399.893212  273952.466314
4994    399.973303  274007.322635
4995    400.053394  274062.178956
4996    400.133485  274117.035277
4997    400.213575  274171.891598
4998    400.293666  274226.747919
4999    400.373757  274281.604239
5000    400.453848  274336.460560
5001    400.533938  274391.316881
5002    400.614029  274446.173202
5003    400.694120  274501.029523
5004    400.774211  274555.885844
5005    400.854302  274610.742165
5006    400.934392  274665.598485
5007    401.014483  274720.454806
5008    401.094574  274775.311127
5009    401.174665  274830.167448
5010    401.254755  274885.023769
5011    401.334846  274939.880090
5012    401.414937  274994.736410
5013    401.495028  275049.592731
5014    401.575118  275104.449052
5015    401.655209  275159.305373
5016    401.735300  275214.161694
5017    401.815391  275269.018015
5018    401.895482  275323.874336
5019    401.975572  275378.730656
5020    402.055663  275433.586977
5021    402.135754  275488.443298
5022    402.215845  275543.299619
5023    402.295935  275598.155940
5024    402.376026  275653.012261
5025    402.456117  275707.868582
5026    402.536208  275762.724902
5027    402.616298  275817.581223
5028    402.696389  275872.437544
5029    402.776480  275927.293865
5030    402.856571  275982.150186
5031    402.936662  276037.006507
5032    403.016752  276091.862827
5033    403.096843  276146.719148
5034    403.176934  276201.575469
5035    403.257025  276256.431790
5036    403.337115  276311.288111
5037    403.417206  276366.144432
5038    403.497297  276421.000753
5039    403.577388  276475.857073
5040    403.657478  276530.713394
5041    403.737569  276585.569715
5042    403.817660  276640.426036
5043    403.897751  276695.282357
5044    403.977842  276750.138678
5045    404.057932  276804.994998
5046    404.138023  276859.851319
5047    404.218114  276914.707640
5048    404.298205  276969.563961
5049    404.378295  277024.420282
5050    404.458386  277079.276603
5051    404.538477  277134.132924
5052    404.618568  277188.989244
5053    404.698658  277243.845565
5054    404.778749  277298.701886
5055    404.858840  277353.558207
5056    404.938931  277408.414528
5057    405.019022  277463.270849
5058    405.099112  277518.127170
5059    405.179203  277572.983490
5060    405.259294  277627.839811
5061    405.339385  277682.696132
5062    405.419475  277737.552453
5063    405.499566  277792.408774
5064    405.579657  277847.265095
5065    405.659748  277902.121415
5066    405.739838  277956.977736
5067    405.819929  278011.834057
5068    405.900020  278066.690378
5069    405.980111  278121.546699
5070    406.060202  278176.403020
5071    406.140292  278231.259341
5072    406.220383  278286.115661
5073    406.300474  278340.971982
5074    406.380565  278395.828303
5075    406.460655  278450.684624
5076    406.540746  278505.540945
5077    406.620837  278560.397266
5078    406.700928  278615.253586
5079    406.781018  278670.109907
5080    406.861109  278724.966228
5081    406.941200  278779.822549
5082    407.021291  278834.678870
5083    407.101382  278889.535191
5084    407.181472  278944.391512
5085    407.261563  278999.247832
5086    407.341654  279054.104153
5087    407.421745  279108.960474
5088    407.501835  279163.816795
5089    407.581926  279218.673116
5090    407.662017  279273.529437
5091    407.742108  279328.385757
5092    407.822198  279383.242078
5093    407.902289  279438.098399
5094    407.982380  279492.954720
5095    408.062471  279547.811041
5096    408.142562  279602.667362
5097    408.222652  279657.523683
5098    408.302743  279712.380003
5099    408.382834  279767.236324
5100    408.462925  279822.092645
5101    408.543015  279876.948966
5102    408.623106  279931.805287
5103    408.703197  279986.661608
5104    408.783288  280041.517929
5105    408.863378  280096.374249
5106    408.943469  280151.230570
5107    409.023560  280206.086891
5108    409.103651  280260.943212
5109    409.183742  280315.799533
5110    409.263832  280370.655854
5111    409.343923  280425.512174
5112    409.424014  280480.368495
5113    409.504105  280535.224816
5114    409.584195  280590.081137
5115    409.664286  280644.937458
5116    409.744377  280699.793779
5117    409.824468  280754.650100
5118    409.904558  280809.506420
5119    409.984649  280864.362741
5120    410.064740  280919.219062
5121    410.144831  280974.075383
5122    410.224922  281028.931704
5123    410.305012  281083.788025
5124    410.385103  281138.644345
5125    410.465194  281193.500666
5126    410.545285  281248.356987
5127    410.625375  281303.213308
5128    410.705466  281358.069629
5129    410.785557  281412.925950
5130    410.865648  281467.782271
5131    410.945739  281522.638591
5132    411.025829  281577.494912
5133    411.105920  281632.351233
5134    411.186011  281687.207554
5135    411.266102  281742.063875
5136    411.346192  281796.920196
5137    411.426283  281851.776516
5138    411.506374  281906.632837
5139    411.586465  281961.489158
5140    411.666555  282016.345479
5141    411.746646  282071.201800
5142    411.826737  282126.058121
5143    411.906828  282180.914442
5144    411.986919  282235.770762
5145    412.067009  282290.627083
5146    412.147100  282345.483404
5147    412.227191  282400.339725
5148    412.307282  282455.196046
5149    412.387372  282510.052367
5150    412.467463  282564.908688
5151    412.547554  282619.765008
5152    412.627645  282674.621329
5153    412.707735  282729.477650
5154    412.787826  282784.333971
5155    412.867917  282839.190292
5156    412.948008  282894.046613
5157    413.028099  282948.902933
5158    413.108189  283003.759254
5159    413.188280  283058.615575
5160    413.268371  283113.471896
5161    413.348462  283168.328217
5162    413.428552  283223.184538
5163    413.508643  283278.040859
5164    413.588734  283332.897179
5165    413.668825  283387.753500
5166    413.748915  283442.609821
5167    413.829006  283497.466142
5168    413.909097  283552.322463
5169    413.989188  283607.178784
5170    414.069279  283662.035104
5171    414.149369  283716.891425
5172    414.229460  283771.747746
5173    414.309551  283826.604067
5174    414.389642  283881.460388
5175    414.469732  283936.316709
5176    414.549823  283991.173030
5177    414.629914  284046.029350
5178    414.710005  284100.885671
5179    414.790095  284155.741992
5180    414.870186  284210.598313
5181    414.950277  284265.454634
5182    415.030368  284320.310955
5183    415.110459  284375.167275
5184    415.190549  284430.023596
5185    415.270640  284484.879917
5186    415.350731  284539.736238
5187    415.430822  284594.592559
5188    415.510912  284649.448880
5189    415.591003  284704.305201
5190    415.671094  284759.161521
5191    415.751185  284814.017842
5192    415.831275  284868.874163
5193    415.911366  284923.730484
5194    415.991457  284978.586805
5195    416.071548  285033.443126
5196    416.151639  285088.299447
5197    416.231729  285143.155767
5198    416.311820  285198.012088
5199    416.391911  285252.868409
5200    416.472002  285307.724730
5201    416.552092  285362.581051
5202    416.632183  285417.437372
5203    416.712274  285472.293692
5204    416.792365  285527.150013
5205    416.872455  285582.006334
5206    416.952546  285636.862655
5207    417.032637  285691.718976
5208    417.112728  285746.575297
5209    417.192819  285801.431618
5210    417.272909  285856.287938
5211    417.353000  285911.144259
5212    417.433091  285966.000580
5213    417.513182  286020.856901
5214    417.593272  286075.713222
5215    417.673363  286130.569543
5216    417.753454  286185.425863
5217    417.833545  286240.282184
5218    417.913635  286295.138505
5219    417.993726  286349.994826
5220    418.073817  286404.851147
5221    418.153908  286459.707468
5222    418.233999  286514.563789
5223    418.314089  286569.420109
5224    418.394180  286624.276430
5225    418.474271  286679.132751
5226    418.554362  286733.989072
5227    418.634452  286788.845393
5228    418.714543  286843.701714
5229    418.794634  286898.558034
5230    418.874725  286953.414355
5231    418.954815  287008.270676
5232    419.034906  287063.126997
5233    419.114997  287117.983318
5234    419.195088  287172.839639
5235    419.275179  287227.695960
5236    419.355269  287282.552280
5237    419.435360  287337.408601
5238    419.515451  287392.264922
5239    419.595542  287447.121243
5240    419.675632  287501.977564
5241    419.755723  287556.833885
5242    419.835814  287611.690206
5243    419.915905  287666.546526
5244    419.995995  287721.402847
5245    420.076086  287776.259168
5246    420.156177  287831.115489
5247    420.236268  287885.971810
5248    420.316359  287940.828131
5249    420.396449  287995.684451
5250    420.476540  288050.540772
5251    420.556631  288105.397093
5252    420.636722  288160.253414
5253    420.716812  288215.109735
5254    420.796903  288269.966056
5255    420.876994  288324.822377
5256    420.957085  288379.678697
5257    421.037175  288434.535018
5258    421.117266  288489.391339
5259    421.197357  288544.247660
5260    421.277448  288599.103981
5261    421.357539  288653.960302
5262    421.437629  288708.816622
5263    421.517720  288763.672943
5264    421.597811  288818.529264
5265    421.677902  288873.385585
5266    421.757992  288928.241906
5267    421.838083  288983.098227
5268    421.918174  289037.954548
5269    421.998265  289092.810868
5270    422.078355  289147.667189
5271    422.158446  289202.523510
5272    422.238537  289257.379831
5273    422.318628  289312.236152
5274    422.398719  289367.092473
5275    422.478809  289421.948793
5276    422.558900  289476.805114
5277    422.638991  289531.661435
5278    422.719082  289586.517756
5279    422.799172  289641.374077
5280    422.879263  289696.230398
5281    422.959354  289751.086719
5282    423.039445  289805.943039
5283    423.119535  289860.799360
5284    423.199626  289915.655681
5285    423.279717  289970.512002
5286    423.359808  290025.368323
5287    423.439899  290080.224644
5288    423.519989  290135.080965
5289    423.600080  290189.937285
5290    423.680171  290244.793606
5291    423.760262  290299.649927
5292    423.840352  290354.506248
5293    423.920443  290409.362569
5294    424.000534  290464.218890
5295    424.080625  290519.075210
5296    424.160715  290573.931531
5297    424.240806  290628.787852
5298    424.320897  290683.644173
5299    424.400988  290738.500494
5300    424.481079  290793.356815
5301    424.561169  290848.213136
5302    424.641260  290903.069456
5303    424.721351  290957.925777
5304    424.801442  291012.782098
5305    424.881532  291067.638419
5306    424.961623  291122.494740
5307    425.041714  291177.351061
5308    425.121805  291232.207381
5309    425.201895  291287.063702
5310    425.281986  291341.920023
5311    425.362077  291396.776344
5312    425.442168  291451.632665
5313    425.522259  291506.488986
5314    425.602349  291561.345307
5315    425.682440  291616.201627
5316    425.762531  291671.057948
5317    425.842622  291725.914269
5318    425.922712  291780.770590
5319    426.002803  291835.626911
5320    426.082894  291890.483232
5321    426.162985  291945.339552
5322    426.243075  292000.195873
5323    426.323166  292055.052194
5324    426.403257  292109.908515
5325    426.483348  292164.764836
5326    426.563439  292219.621157
5327    426.643529  292274.477478
5328    426.723620  292329.333798
5329    426.803711  292384.190119
5330    426.883802  292439.046440
5331    426.963892  292493.902761
5332    427.043983  292548.759082
5333    427.124074  292603.615403
5334    427.204165  292658.471724
5335    427.284255  292713.328044
5336    427.364346  292768.184365
5337    427.444437  292823.040686
5338    427.524528  292877.897007
5339    427.604619  292932.753328
5340    427.684709  292987.609649
5341    427.764800  293042.465969
5342    427.844891  293097.322290
5343    427.924982  293152.178611
5344    428.005072  293207.034932
5345    428.085163  293261.891253
5346    428.165254  293316.747574
5347    428.245345  293371.603895
5348    428.325435  293426.460215
5349    428.405526  293481.316536
5350    428.485617  293536.172857
5351    428.565708  293591.029178
5352    428.645799  293645.885499
5353    428.725889  293700.741820
5354    428.805980  293755.598140
5355    428.886071  293810.454461
5356    428.966162  293865.310782
5357    429.046252  293920.167103
5358    429.126343  293975.023424
5359    429.206434  294029.879745
5360    429.286525  294084.736066
5361    429.366615  294139.592386
5362    429.446706  294194.448707
5363    429.526797  294249.305028
5364    429.606888  294304.161349
5365    429.686979  294359.017670
5366    429.767069  294413.873991
5367    429.847160  294468.730311
5368    429.927251  294523.586632
5369    430.007342  294578.442953
5370    430.087432  294633.299274
5371    430.167523  294688.155595
5372    430.247614  294743.011916
5373    430.327705  294797.868237
5374    430.407796  294852.724557
5375    430.487886  294907.580878
5376    430.567977  294962.437199
5377    430.648068  295017.293520
5378    430.728159  295072.149841
5379    430.808249  295127.006162
5380    430.888340  295181.862483
5381    430.968431  295236.718803
5382    431.048522  295291.575124
5383    431.128612  295346.431445
5384    431.208703  295401.287766
5385    431.288794  295456.144087
5386    431.368885  295511.000408
5387    431.448976  295565.856728
5388    431.529066  295620.713049
5389    431.609157  295675.569370
5390    431.689248  295730.425691
5391    431.769339  295785.282012
5392    431.849429  295840.138333
5393    431.929520  295894.994654
5394    432.009611  295949.850974
5395    432.089702  296004.707295
5396    432.169792  296059.563616
5397    432.249883  296114.419937
5398    432.329974  296169.276258
5399    432.410065  296224.132579
5400    432.490156  296278.988899
5401    432.570246  296333.845220
5402    432.650337  296388.701541
5403    432.730428  296443.557862
5404    432.810519  296498.414183
5405    432.890609  296553.270504
5406    432.970700  296608.126825
5407    433.050791  296662.983145
5408    433.130882  296717.839466
5409    433.210972  296772.695787
5410    433.291063  296827.552108
5411    433.371154  296882.408429
5412    433.451245  296937.264750
5413    433.531336  296992.121071
5414    433.611426  297046.977391
5415    433.691517  297101.833712
5416    433.771608  297156.690033
5417    433.851699  297211.546354
5418    433.931789  297266.402675
5419    434.011880  297321.258996
5420    434.091971  297376.115316
5421    434.172062  297430.971637
5422    434.252152  297485.827958
5423    434.332243  297540.684279
5424    434.412334  297595.540600
5425    434.492425  297650.396921
5426    434.572516  297705.253242
5427    434.652606  297760.109562
5428    434.732697  297814.965883
5429    434.812788  297869.822204
5430    434.892879  297924.678525
5431    434.972969  297979.534846
5432    435.053060  298034.391167
5433    435.133151  298089.247487
5434    435.213242  298144.103808
5435    435.293332  298198.960129
5436    435.373423  298253.816450
5437    435.453514  298308.672771
5438    435.533605  298363.529092
5439    435.613696  298418.385413
5440    435.693786  298473.241733
5441    435.773877  298528.098054
5442    435.853968  298582.954375
5443    435.934059  298637.810696
5444    436.014149  298692.667017
5445    436.094240  298747.523338
5446    436.174331  298802.379658
5447    436.254422  298857.235979
5448    436.334512  298912.092300
5449    436.414603  298966.948621
5450    436.494694  299021.804942
5451    436.574785  299076.661263
5452    436.654876  299131.517584
5453    436.734966  299186.373904
5454    436.815057  299241.230225
5455    436.895148  299296.086546
5456    436.975239  299350.942867
5457    437.055329  299405.799188
5458    437.135420  299460.655509
5459    437.215511  299515.511830
5460    437.295602  299570.368150
5461    437.375692  299625.224471
5462    437.455783  299680.080792
5463    437.535874  299734.937113
5464    437.615965  299789.793434
5465    437.696056  299844.649755
5466    437.776146  299899.506075
5467    437.856237  299954.362396
5468    437.936328  300009.218717
5469    438.016419  300064.075038
5470    438.096509  300118.931359
5471    438.176600  300173.787680
5472    438.256691  300228.644001
5473    438.336782  300283.500321
5474    438.416872  300338.356642
5475    438.496963  300393.212963
5476    438.577054  300448.069284
5477    438.657145  300502.925605
5478    438.737236  300557.781926
5479    438.817326  300612.638246
5480    438.897417  300667.494567
5481    438.977508  300722.350888
5482    439.057599  300777.207209
5483    439.137689  300832.063530
5484    439.217780  300886.919851
5485    439.297871  300941.776172
5486    439.377962  300996.632492
5487    439.458052  301051.488813
5488    439.538143  301106.345134
5489    439.618234  301161.201455
5490    439.698325  301216.057776
5491    439.778416  301270.914097
5492    439.858506  301325.770417
5493    439.938597  301380.626738
5494    440.018688  301435.483059
5495    440.098779  301490.339380
5496    440.178869  301545.195701
5497    440.258960  301600.052022
5498    440.339051  301654.908343
5499    440.419142  301709.764663
5500    440.499232  301764.620984
5501    440.579323  301819.477305
5502    440.659414  301874.333626
5503    440.739505  301929.189947
5504    440.819596  301984.046268
5505    440.899686  302038.902589
5506    440.979777  302093.758909
5507    441.059868  302148.615230
5508    441.139959  302203.471551
5509    441.220049  302258.327872
5510    441.300140  302313.184193
5511    441.380231  302368.040514
5512    441.460322  302422.896834
5513    441.540412  302477.753155
5514    441.620503  302532.609476
5515    441.700594  302587.465797
5516    441.780685  302642.322118
5517    441.860776  302697.178439
5518    441.940866  302752.034760
5519    442.020957  302806.891080
5520    442.101048  302861.747401
5521    442.181139  302916.603722
5522    442.261229  302971.460043
5523    442.341320  303026.316364
5524    442.421411  303081.172685
5525    442.501502  303136.029005
5526    442.581592  303190.885326
5527    442.661683  303245.741647
5528    442.741774  303300.597968
5529    442.821865  303355.454289
5530    442.901956  303410.310610
5531    442.982046  303465.166931
5532    443.062137  303520.023251
5533    443.142228  303574.879572
5534    443.222319  303629.735893
5535    443.302409  303684.592214
5536    443.382500  303739.448535
5537    443.462591  303794.304856
5538    443.542682  303849.161176
5539    443.622772  303904.017497
5540    443.702863  303958.873818
5541    443.782954  304013.730139
5542    443.863045  304068.586460
5543    443.943136  304123.442781
5544    444.023226  304178.299102
5545    444.103317  304233.155422
5546    444.183408  304288.011743
5547    444.263499  304342.868064
5548    444.343589  304397.724385
5549    444.423680  304452.580706
5550    444.503771  304507.437027
5551    444.583862  304562.293348
5552    444.663952  304617.149668
5553    444.744043  304672.005989
5554    444.824134  304726.862310
5555    444.904225  304781.718631
5556    444.984316  304836.574952
5557    445.064406  304891.431273
5558    445.144497  304946.287593
5559    445.224588  305001.143914
5560    445.304679  305056.000235
5561    445.384769  305110.856556
5562    445.464860  305165.712877
5563    445.544951  305220.569198
5564    445.625042  305275.425519
5565    445.705132  305330.281839
5566    445.785223  305385.138160
5567    445.865314  305439.994481
5568    445.945405  305494.850802
5569    446.025496  305549.707123
5570    446.105586  305604.563444
5571    446.185677  305659.419764
5572    446.265768  305714.276085
5573    446.345859  305769.132406
5574    446.425949  305823.988727
5575    446.506040  305878.845048
5576    446.586131  305933.701369
5577    446.666222  305988.557690
5578    446.746312  306043.414010
5579    446.826403  306098.270331
5580    446.906494  306153.126652
5581    446.986585  306207.982973
5582    447.066676  306262.839294
5583    447.146766  306317.695615
5584    447.226857  306372.551935
5585    447.306948  306427.408256
5586    447.387039  306482.264577
5587    447.467129  306537.120898
5588    447.547220  306591.977219
5589    447.627311  306646.833540
5590    447.707402  306701.689861
5591    447.787492  306756.546181
5592    447.867583  306811.402502
5593    447.947674  306866.258823
5594    448.027765  306921.115144
5595    448.107856  306975.971465
5596    448.187946  307030.827786
5597    448.268037  307085.684107
5598    448.348128  307140.540427
5599    448.428219  307195.396748
5600    448.508309  307250.253069
5601    448.588400  307305.109390
5602    448.668491  307359.965711
5603    448.748582  307414.822032
5604    448.828672  307469.678352
5605    448.908763  307524.534673
5606    448.988854  307579.390994
5607    449.068945  307634.247315
5608    449.149036  307689.103636
5609    449.229126  307743.959957
5610    449.309217  307798.816278
5611    449.389308  307853.672598
5612    449.469399  307908.528919
5613    449.549489  307963.385240
5614    449.629580  308018.241561
5615    449.709671  308073.097882
5616    449.789762  308127.954203
5617    449.869852  308182.810523
5618    449.949943  308237.666844
5619    450.030034  308292.523165
5620    450.110125  308347.379486
5621    450.190216  308402.235807
5622    450.270306  308457.092128
5623    450.350397  308511.948449
5624    450.430488  308566.804769
5625    450.510579  308621.661090
5626    450.590669  308676.517411
5627    450.670760  308731.373732
5628    450.750851  308786.230053
5629    450.830942  308841.086374
5630    450.911033  308895.942694
5631    450.991123  308950.799015
5632    451.071214  309005.655336
5633    451.151305  309060.511657
5634    451.231396  309115.367978
5635    451.311486  309170.224299
5636    451.391577  309225.080620
5637    451.471668  309279.936940
5638    451.551759  309334.793261
5639    451.631849  309389.649582
5640    451.711940  309444.505903
5641    451.792031  309499.362224
5642    451.872122  309554.218545
5643    451.952213  309609.074866
5644    452.032303  309663.931186
5645    452.112394  309718.787507
5646    452.192485  309773.643828
5647    452.272576  309828.500149
5648    452.352666  309883.356470
5649    452.432757  309938.212791
5650    452.512848  309993.069111
5651    452.592939  310047.925432
5652    452.673029  310102.781753
5653    452.753120  310157.638074
5654    452.833211  310212.494395
5655    452.913302  310267.350716
5656    452.993393  310322.207037
5657    453.073483  310377.063357
5658    453.153574  310431.919678
5659    453.233665  310486.775999
5660    453.313756  310541.632320
5661    453.393846  310596.488641
5662    453.473937  310651.344962
5663    453.554028  310706.201282
5664    453.634119  310761.057603
5665    453.714209  310815.913924
5666    453.794300  310870.770245
5667    453.874391  310925.626566
5668    453.954482  310980.482887
5669    454.034573  311035.339208
5670    454.114663  311090.195528
5671    454.194754  311145.051849
5672    454.274845  311199.908170
5673    454.354936  311254.764491
5674    454.435026  311309.620812
5675    454.515117  311364.477133
5676    454.595208  311419.333453
5677    454.675299  311474.189774
5678    454.755389  311529.046095
5679    454.835480  311583.902416
5680    454.915571  311638.758737
5681    454.995662  311693.615058
5682    455.075753  311748.471379
5683    455.155843  311803.327699
5684    455.235934  311858.184020
5685    455.316025  311913.040341
5686    455.396116  311967.896662
5687    455.476206  312022.752983
5688    455.556297  312077.609304
5689    455.636388  312132.465625
5690    455.716479  312187.321945
5691    455.796569  312242.178266
5692    455.876660  312297.034587
5693    455.956751  312351.890908
5694    456.036842  312406.747229
5695    456.116933  312461.603550
5696    456.197023  312516.459870
5697    456.277114  312571.316191
5698    456.357205  312626.172512
5699    456.437296  312681.028833
5700    456.517386  312735.885154
5701    456.597477  312790.741475
5702    456.677568  312845.597796
5703    456.757659  312900.454116
5704    456.837749  312955.310437
5705    456.917840  313010.166758
5706    456.997931  313065.023079
5707    457.078022  313119.879400
5708    457.158113  313174.735721
5709    457.238203  313229.592041
5710    457.318294  313284.448362
5711    457.398385  313339.304683
5712    457.478476  313394.161004
5713    457.558566  313449.017325
5714    457.638657  313503.873646
5715    457.718748  313558.729967
5716    457.798839  313613.586287
5717    457.878929  313668.442608
5718    457.959020  313723.298929
5719    458.039111  313778.155250
5720    458.119202  313833.011571
5721    458.199293  313887.867892
5722    458.279383  313942.724212
5723    458.359474  313997.580533
5724    458.439565  314052.436854
5725    458.519656  314107.293175
5726    458.599746  314162.149496
5727    458.679837  314217.005817
5728    458.759928  314271.862138
5729    458.840019  314326.718458
5730    458.920109  314381.574779
5731    459.000200  314436.431100
5732    459.080291  314491.287421
5733    459.160382  314546.143742
5734    459.240473  314601.000063
5735    459.320563  314655.856384
5736    459.400654  314710.712704
5737    459.480745  314765.569025
5738    459.560836  314820.425346
5739    459.640926  314875.281667
5740    459.721017  314930.137988
5741    459.801108  314984.994309
5742    459.881199  315039.850629
5743    459.961289  315094.706950
5744    460.041380  315149.563271
5745    460.121471  315204.419592
5746    460.201562  315259.275913
5747    460.281653  315314.132234
5748    460.361743  315368.988555
5749    460.441834  315423.844875
5750    460.521925  315478.701196
5751    460.602016  315533.557517
5752    460.682106  315588.413838
5753    460.762197  315643.270159
5754    460.842288  315698.126480
5755    460.922379  315752.982800
5756    461.002469  315807.839121
5757    461.082560  315862.695442
5758    461.162651  315917.551763
5759    461.242742  315972.408084
5760    461.322833  316027.264405
5761    461.402923  316082.120726
5762    461.483014  316136.977046
5763    461.563105  316191.833367
5764    461.643196  316246.689688
5765    461.723286  316301.546009
5766    461.803377  316356.402330
5767    461.883468  316411.258651
5768    461.963559  316466.114971
5769    462.043649  316520.971292
5770    462.123740  316575.827613
5771    462.203831  316630.683934
5772    462.283922  316685.540255
5773    462.364013  316740.396576
5774    462.444103  316795.252897
5775    462.524194  316850.109217
5776    462.604285  316904.965538
5777    462.684376  316959.821859
5778    462.764466  317014.678180
5779    462.844557  317069.534501
5780    462.924648  317124.390822
5781    463.004739  317179.247143
5782    463.084829  317234.103463
5783    463.164920  317288.959784
5784    463.245011  317343.816105
5785    463.325102  317398.672426
5786    463.405193  317453.528747
5787    463.485283  317508.385068
5788    463.565374  317563.241388
5789    463.645465  317618.097709
5790    463.725556  317672.954030
5791    463.805646  317727.810351
5792    463.885737  317782.666672
5793    463.965828  317837.522993
5794    464.045919  317892.379314
5795    464.126009  317947.235634
5796    464.206100  318002.091955
5797    464.286191  318056.948276
5798    464.366282  318111.804597
5799    464.446373  318166.660918
5800    464.526463  318221.517239
5801    464.606554  318276.373559
5802    464.686645  318331.229880
5803    464.766736  318386.086201
5804    464.846826  318440.942522
5805    464.926917  318495.798843
5806    465.007008  318550.655164
5807    465.087099  318605.511485
5808    465.167189  318660.367805
5809    465.247280  318715.224126
5810    465.327371  318770.080447
5811    465.407462  318824.936768
5812    465.487553  318879.793089
5813    465.567643  318934.649410
5814    465.647734  318989.505731
5815    465.727825  319044.362051
5816    465.807916  319099.218372
5817    465.888006  319154.074693
5818    465.968097  319208.931014
5819    466.048188  319263.787335
5820    466.128279  319318.643656
5821    466.208369  319373.499976
5822    466.288460  319428.356297
5823    466.368551  319483.212618
5824    466.448642  319538.068939
5825    466.528733  319592.925260
5826    466.608823  319647.781581
5827    466.688914  319702.637902
5828    466.769005  319757.494222
5829    466.849096  319812.350543
5830    466.929186  319867.206864
5831    467.009277  319922.063185
5832    467.089368  319976.919506
5833    467.169459  320031.775827
5834    467.249549  320086.632147
5835    467.329640  320141.488468
5836    467.409731  320196.344789
5837    467.489822  320251.201110
5838    467.569913  320306.057431
5839    467.650003  320360.913752
5840    467.730094  320415.770073
5841    467.810185  320470.626393
5842    467.890276  320525.482714
5843    467.970366  320580.339035
5844    468.050457  320635.195356
5845    468.130548  320690.051677
5846    468.210639  320744.907998
5847    468.290729  320799.764318
5848    468.370820  320854.620639
5849    468.450911  320909.476960
5850    468.531002  320964.333281
5851    468.611093  321019.189602
5852    468.691183  321074.045923
5853    468.771274  321128.902244
5854    468.851365  321183.758564
5855    468.931456  321238.614885
5856    469.011546  321293.471206
5857    469.091637  321348.327527
5858    469.171728  321403.183848
5859    469.251819  321458.040169
5860    469.331909  321512.896490
5861    469.412000  321567.752810
5862    469.492091  321622.609131
5863    469.572182  321677.465452
5864    469.652273  321732.321773
5865    469.732363  321787.178094
5866    469.812454  321842.034415
5867    469.892545  321896.890735
5868    469.972636  321951.747056
5869    470.052726  322006.603377
5870    470.132817  322061.459698
5871    470.212908  322116.316019
5872    470.292999  322171.172340
5873    470.373090  322226.028661
5874    470.453180  322280.884981
5875    470.533271  322335.741302
5876    470.613362  322390.597623
5877    470.693453  322445.453944
5878    470.773543  322500.310265
5879    470.853634  322555.166586
5880    470.933725  322610.022906
5881    471.013816  322664.879227
5882    471.093906  322719.735548
5883    471.173997  322774.591869
5884    471.254088  322829.448190
5885    471.334179  322884.304511
5886    471.414270  322939.160832
5887    471.494360  322994.017152
5888    471.574451  323048.873473
5889    471.654542  323103.729794
5890    471.734633  323158.586115
5891    471.814723  323213.442436
5892    471.894814  323268.298757
5893    471.974905  323323.155077
5894    472.054996  323378.011398
5895    472.135086  323432.867719
5896    472.215177  323487.724040
5897    472.295268  323542.580361
5898    472.375359  323597.436682
5899    472.455450  323652.293003
5900    472.535540  323707.149323
5901    472.615631  323762.005644
5902    472.695722  323816.861965
5903    472.775813  323871.718286
5904    472.855903  323926.574607
5905    472.935994  323981.430928
5906    473.016085  324036.287249
5907    473.096176  324091.143569
5908    473.176266  324145.999890
5909    473.256357  324200.856211
5910    473.336448  324255.712532
5911    473.416539  324310.568853
5912    473.496630  324365.425174
5913    473.576720  324420.281494
5914    473.656811  324475.137815
5915    473.736902  324529.994136
5916    473.816993  324584.850457
5917    473.897083  324639.706778
5918    473.977174  324694.563099
5919    474.057265  324749.419420
5920    474.137356  324804.275740
5921    474.217446  324859.132061
5922    474.297537  324913.988382
5923    474.377628  324968.844703
5924    474.457719  325023.701024
5925    474.537810  325078.557345
5926    474.617900  325133.413665
5927    474.697991  325188.269986
5928    474.778082  325243.126307
5929    474.858173  325297.982628
5930    474.938263  325352.838949
5931    475.018354  325407.695270
5932    475.098445  325462.551591
5933    475.178536  325517.407911
5934    475.258626  325572.264232
5935    475.338717  325627.120553
5936    475.418808  325681.976874
5937    475.498899  325736.833195
5938    475.578990  325791.689516
5939    475.659080  325846.545836
5940    475.739171  325901.402157
5941    475.819262  325956.258478
5942    475.899353  326011.114799
5943    475.979443  326065.971120
5944    476.059534  326120.827441
5945    476.139625  326175.683762
5946    476.219716  326230.540082
5947    476.299806  326285.396403
5948    476.379897  326340.252724
5949    476.459988  326395.109045
5950    476.540079  326449.965366
5951    476.620170  326504.821687
5952    476.700260  326559.678008
5953    476.780351  326614.534328
5954    476.860442  326669.390649
5955    476.940533  326724.246970
5956    477.020623  326779.103291
5957    477.100714  326833.959612
5958    477.180805  326888.815933
5959    477.260896  326943.672253
5960    477.340986  326998.528574
5961    477.421077  327053.384895
5962    477.501168  327108.241216
5963    477.581259  327163.097537
5964    477.661350  327217.953858
5965    477.741440  327272.810179
5966    477.821531  327327.666499
5967    477.901622  327382.522820
5968    477.981713  327437.379141
5969    478.061803  327492.235462
5970    478.141894  327547.091783
5971    478.221985  327601.948104
5972    478.302076  327656.804424
5973    478.382166  327711.660745
5974    478.462257  327766.517066
5975    478.542348  327821.373387
5976    478.622439  327876.229708
5977    478.702530  327931.086029
5978    478.782620  327985.942350
5979    478.862711  328040.798670
5980    478.942802  328095.654991
5981    479.022893  328150.511312
5982    479.102983  328205.367633
5983    479.183074  328260.223954
5984    479.263165  328315.080275
5985    479.343256  328369.936595
5986    479.423346  328424.792916
5987    479.503437  328479.649237
5988    479.583528  328534.505558
5989    479.663619  328589.361879
5990    479.743710  328644.218200
5991    479.823800  328699.074521
5992    479.903891  328753.930841
5993    479.983982  328808.787162
5994    480.064073  328863.643483
5995    480.144163  328918.499804
5996    480.224254  328973.356125
5997    480.304345  329028.212446
5998    480.384436  329083.068767
5999    480.464526  329137.925087
6000    480.544617  329192.781408
6001    480.624708  329247.637729
6002    480.704799  329302.494050
6003    480.784890  329357.350371
6004    480.864980  329412.206692
6005    480.945071  329467.063012
6006    481.025162  329521.919333
6007    481.105253  329576.775654
6008    481.185343  329631.631975
6009    481.265434  329686.488296
6010    481.345525  329741.344617
6011    481.425616  329796.200938
6012    481.505706  329851.057258
6013    481.585797  329905.913579
6014    481.665888  329960.769900
6015    481.745979  330015.626221
6016    481.826070  330070.482542
6017    481.906160  330125.338863
6018    481.986251  330180.195183
6019    482.066342  330235.051504
6020    482.146433  330289.907825
6021    482.226523  330344.764146
6022    482.306614  330399.620467
6023    482.386705  330454.476788
6024    482.466796  330509.333109
6025    482.546886  330564.189429
6026    482.626977  330619.045750
6027    482.707068  330673.902071
6028    482.787159  330728.758392
6029    482.867250  330783.614713
6030    482.947340  330838.471034
6031    483.027431  330893.327354
6032    483.107522  330948.183675
6033    483.187613  331003.039996
6034    483.267703  331057.896317
6035    483.347794  331112.752638
6036    483.427885  331167.608959
6037    483.507976  331222.465280
6038    483.588066  331277.321600
6039    483.668157  331332.177921
6040    483.748248  331387.034242
6041    483.828339  331441.890563
6042    483.908430  331496.746884
6043    483.988520  331551.603205
6044    484.068611  331606.459526
6045    484.148702  331661.315846
6046    484.228793  331716.172167
6047    484.308883  331771.028488
6048    484.388974  331825.884809
6049    484.469065  331880.741130
6050    484.549156  331935.597451
6051    484.629246  331990.453771
6052    484.709337  332045.310092
6053    484.789428  332100.166413
6054    484.869519  332155.022734
6055    484.949610  332209.879055
6056    485.029700  332264.735376
6057    485.109791  332319.591697
6058    485.189882  332374.448017
6059    485.269973  332429.304338
6060    485.350063  332484.160659
6061    485.430154  332539.016980
6062    485.510245  332593.873301
6063    485.590336  332648.729622
6064    485.670426  332703.585942
6065    485.750517  332758.442263
6066    485.830608  332813.298584
6067    485.910699  332868.154905
6068    485.990790  332923.011226
6069    486.070880  332977.867547
6070    486.150971  333032.723868
6071    486.231062  333087.580188
6072    486.311153  333142.436509
6073    486.391243  333197.292830
6074    486.471334  333252.149151
6075    486.551425  333307.005472
6076    486.631516  333361.861793
6077    486.711606  333416.718113
6078    486.791697  333471.574434
6079    486.871788  333526.430755
6080    486.951879  333581.287076
6081    487.031970  333636.143397
6082    487.112060  333690.999718
6083    487.192151  333745.856039
6084    487.272242  333800.712359
6085    487.352333  333855.568680
6086    487.432423  333910.425001
6087    487.512514  333965.281322
6088    487.592605  334020.137643
6089    487.672696  334074.993964
6090    487.752786  334129.850285
6091    487.832877  334184.706605
6092    487.912968  334239.562926
6093    487.993059  334294.419247
6094    488.073150  334349.275568
6095    488.153240  334404.131889
6096    488.233331  334458.988210
6097    488.313422  334513.844530
6098    488.393513  334568.700851
6099    488.473603  334623.557172
6100    488.553694  334678.413493
6101    488.633785  334733.269814
6102    488.713876  334788.126135
6103    488.793966  334842.982456
6104    488.874057  334897.838776
6105    488.954148  334952.695097
6106    489.034239  335007.551418
6107    489.114330  335062.407739
6108    489.194420  335117.264060
6109    489.274511  335172.120381
6110    489.354602  335226.976701
6111    489.434693  335281.833022
6112    489.514783  335336.689343
6113    489.594874  335391.545664
6114    489.674965  335446.401985
6115    489.755056  335501.258306
6116    489.835146  335556.114627
6117    489.915237  335610.970947
6118    489.995328  335665.827268
6119    490.075419  335720.683589
6120    490.155510  335775.539910
6121    490.235600  335830.396231
6122    490.315691  335885.252552
6123    490.395782  335940.108872
6124    490.475873  335994.965193
6125    490.555963  336049.821514
6126    490.636054  336104.677835
6127    490.716145  336159.534156
6128    490.796236  336214.390477
6129    490.876327  336269.246798
6130    490.956417  336324.103118
6131    491.036508  336378.959439
6132    491.116599  336433.815760
6133    491.196690  336488.672081
6134    491.276780  336543.528402
6135    491.356871  336598.384723
6136    491.436962  336653.241044
6137    491.517053  336708.097364
6138    491.597143  336762.953685
6139    491.677234  336817.810006
6140    491.757325  336872.666327
6141    491.837416  336927.522648
6142    491.917507  336982.378969
6143    491.997597  337037.235289
6144    492.077688  337092.091610
6145    492.157779  337146.947931
6146    492.237870  337201.804252
6147    492.317960  337256.660573
6148    492.398051  337311.516894
6149    492.478142  337366.373215
6150    492.558233  337421.229535
6151    492.638323  337476.085856
6152    492.718414  337530.942177
6153    492.798505  337585.798498
6154    492.878596  337640.654819
6155    492.958687  337695.511140
6156    493.038777  337750.367460
6157    493.118868  337805.223781
6158    493.198959  337860.080102
6159    493.279050  337914.936423
6160    493.359140  337969.792744
6161    493.439231  338024.649065
6162    493.519322  338079.505386
6163    493.599413  338134.361706
6164    493.679503  338189.218027
6165    493.759594  338244.074348
6166    493.839685  338298.930669
6167    493.919776  338353.786990
6168    493.999867  338408.643311
6169    494.079957  338463.499631
6170    494.160048  338518.355952
6171    494.240139  338573.212273
6172    494.320230  338628.068594
6173    494.400320  338682.924915
6174    494.480411  338737.781236
6175    494.560502  338792.637557
6176    494.640593  338847.493877
6177    494.720683  338902.350198
6178    494.800774  338957.206519
6179    494.880865  339012.062840
6180    494.960956  339066.919161
6181    495.041047  339121.775482
6182    495.121137  339176.631803
6183    495.201228  339231.488123
6184    495.281319  339286.344444
6185    495.361410  339341.200765
6186    495.441500  339396.057086
6187    495.521591  339450.913407
6188    495.601682  339505.769728
6189    495.681773  339560.626048
6190    495.761863  339615.482369
6191    495.841954  339670.338690
6192    495.922045  339725.195011
6193    496.002136  339780.051332
6194    496.082227  339834.907653
6195    496.162317  339889.763974
6196    496.242408  339944.620294
6197    496.322499  339999.476615
6198    496.402590  340054.332936
6199    496.482680  340109.189257
6200    496.562771  340164.045578
6201    496.642862  340218.901899
6202    496.722953  340273.758219
6203    496.803043  340328.614540
6204    496.883134  340383.470861
6205    496.963225  340438.327182
6206    497.043316  340493.183503
6207    497.123407  340548.039824
6208    497.203497  340602.896145
6209    497.283588  340657.752465
6210    497.363679  340712.608786
6211    497.443770  340767.465107
6212    497.523860  340822.321428
6213    497.603951  340877.177749
6214    497.684042  340932.034070
6215    497.764133  340986.890391
6216    497.844223  341041.746711
6217    497.924314  341096.603032
6218    498.004405  341151.459353
6219    498.084496  341206.315674
6220    498.164587  341261.171995
6221    498.244677  341316.028316
6222    498.324768  341370.884636
6223    498.404859  341425.740957
6224    498.484950  341480.597278
6225    498.565040  341535.453599
6226    498.645131  341590.309920
6227    498.725222  341645.166241
6228    498.805313  341700.022562
6229    498.885403  341754.878882
6230    498.965494  341809.735203
6231    499.045585  341864.591524
6232    499.125676  341919.447845
6233    499.205767  341974.304166
6234    499.285857  342029.160487
6235    499.365948  342084.016807
6236    499.446039  342138.873128
6237    499.526130  342193.729449
6238    499.606220  342248.585770
6239    499.686311  342303.442091
6240    499.766402  342358.298412
6241    499.846493  342413.154733
6242    499.926583  342468.011053
6243    500.006674  342522.867374
6244    500.086765  342577.723695
6245    500.166856  342632.580016
6246    500.246947  342687.436337
6247    500.327037  342742.292658
6248    500.407128  342797.148978
6249    500.487219  342852.005299
6250    500.567310  342906.861620
6251    500.647400  342961.717941
6252    500.727491  343016.574262
6253    500.807582  343071.430583
6254    500.887673  343126.286904
6255    500.967763  343181.143224
6256    501.047854  343235.999545
6257    501.127945  343290.855866
6258    501.208036  343345.712187
6259    501.288127  343400.568508
6260    501.368217  343455.424829
6261    501.448308  343510.281150
6262    501.528399  343565.137470
6263    501.608490  343619.993791
6264    501.688580  343674.850112
6265    501.768671  343729.706433
6266    501.848762  343784.562754
6267    501.928853  343839.419075
6268    502.008943  343894.275395
6269    502.089034  343949.131716
6270    502.169125  344003.988037
6271    502.249216  344058.844358
6272    502.329307  344113.700679
6273    502.409397  344168.557000
6274    502.489488  344223.413321
6275    502.569579  344278.269641
6276    502.649670  344333.125962
6277    502.729760  344387.982283
6278    502.809851  344442.838604
6279    502.889942  344497.694925
6280    502.970033  344552.551246
6281    503.050123  344607.407566
6282    503.130214  344662.263887
6283    503.210305  344717.120208
6284    503.290396  344771.976529
6285    503.370487  344826.832850
6286    503.450577  344881.689171
6287    503.530668  344936.545492
6288    503.610759  344991.401812
6289    503.690850  345046.258133
6290    503.770940  345101.114454
6291    503.851031  345155.970775
6292    503.931122  345210.827096
6293    504.011213  345265.683417
6294    504.091303  345320.539737
6295    504.171394  345375.396058
6296    504.251485  345430.252379
6297    504.331576  345485.108700
6298    504.411667  345539.965021
6299    504.491757  345594.821342
6300    504.571848  345649.677663
6301    504.651939  345704.533983
6302    504.732030  345759.390304
6303    504.812120  345814.246625
6304    504.892211  345869.102946
6305    504.972302  345923.959267
6306    505.052393  345978.815588
6307    505.132483  346033.671909
6308    505.212574  346088.528229
6309    505.292665  346143.384550
6310    505.372756  346198.240871
6311    505.452847  346253.097192
6312    505.532937  346307.953513
6313    505.613028  346362.809834
6314    505.693119  346417.666154
6315    505.773210  346472.522475
6316    505.853300  346527.378796
6317    505.933391  346582.235117
6318    506.013482  346637.091438
6319    506.093573  346691.947759
6320    506.173663  346746.804080
6321    506.253754  346801.660400
6322    506.333845  346856.516721
6323    506.413936  346911.373042
6324    506.494027  346966.229363
6325    506.574117  347021.085684
6326    506.654208  347075.942005
6327    506.734299  347130.798325
6328    506.814390  347185.654646
6329    506.894480  347240.510967
6330    506.974571  347295.367288
6331    507.054662  347350.223609
6332    507.134753  347405.079930
6333    507.214843  347459.936251
6334    507.294934  347514.792571
6335    507.375025  347569.648892
6336    507.455116  347624.505213
6337    507.535207  347679.361534
6338    507.615297  347734.217855
6339    507.695388  347789.074176
6340    507.775479  347843.930496
6341    507.855570  347898.786817
6342    507.935660  347953.643138
6343    508.015751  348008.499459
6344    508.095842  348063.355780
6345    508.175933  348118.212101
6346    508.256023  348173.068422
6347    508.336114  348227.924742
6348    508.416205  348282.781063
6349    508.496296  348337.637384
6350    508.576387  348392.493705
6351    508.656477  348447.350026
6352    508.736568  348502.206347
6353    508.816659  348557.062668
6354    508.896750  348611.918988
6355    508.976840  348666.775309
6356    509.056931  348721.631630
6357    509.137022  348776.487951
6358    509.217113  348831.344272
6359    509.297203  348886.200593
6360    509.377294  348941.056913
6361    509.457385  348995.913234
6362    509.537476  349050.769555
6363    509.617567  349105.625876
6364    509.697657  349160.482197
6365    509.777748  349215.338518
6366    509.857839  349270.194839
6367    509.937930  349325.051159
6368    510.018020  349379.907480
6369    510.098111  349434.763801
6370    510.178202  349489.620122
6371    510.258293  349544.476443
6372    510.338384  349599.332764
6373    510.418474  349654.189084
6374    510.498565  349709.045405
6375    510.578656  349763.901726
6376    510.658747  349818.758047
6377    510.738837  349873.614368
6378    510.818928  349928.470689
6379    510.899019  349983.327010
6380    510.979110  350038.183330
6381    511.059200  350093.039651
6382    511.139291  350147.895972
6383    511.219382  350202.752293
6384    511.299473  350257.608614
6385    511.379564  350312.464935
6386    511.459654  350367.321255
6387    511.539745  350422.177576
6388    511.619836  350477.033897
6389    511.699927  350531.890218
6390    511.780017  350586.746539
6391    511.860108  350641.602860
6392    511.940199  350696.459181
6393    512.020290  350751.315501
6394    512.100380  350806.171822
6395    512.180471  350861.028143
6396    512.260562  350915.884464
6397    512.340653  350970.740785
6398    512.420744  351025.597106
6399    512.500834  351080.453427
6400    512.580925  351135.309747
6401    512.661016  351190.166068
6402    512.741107  351245.022389
6403    512.821197  351299.878710
6404    512.901288  351354.735031
6405    512.981379  351409.591352
6406    513.061470  351464.447672
6407    513.141560  351519.303993
6408    513.221651  351574.160314
6409    513.301742  351629.016635
6410    513.381833  351683.872956
6411    513.461924  351738.729277
6412    513.542014  351793.585598
6413    513.622105  351848.441918
6414    513.702196  351903.298239
6415    513.782287  351958.154560
6416    513.862377  352013.010881
6417    513.942468  352067.867202
6418    514.022559  352122.723523
6419    514.102650  352177.579843
6420    514.182740  352232.436164
6421    514.262831  352287.292485
6422    514.342922  352342.148806
6423    514.423013  352397.005127
6424    514.503104  352451.861448
6425    514.583194  352506.717769
6426    514.663285  352561.574089
6427    514.743376  352616.430410
6428    514.823467  352671.286731
6429    514.903557  352726.143052
6430    514.983648  352780.999373
6431    515.063739  352835.855694
6432    515.143830  352890.712014
6433    515.223920  352945.568335
6434    515.304011  353000.424656
6435    515.384102  353055.280977
6436    515.464193  353110.137298
6437    515.544284  353164.993619
6438    515.624374  353219.849940
6439    515.704465  353274.706260
6440    515.784556  353329.562581
6441    515.864647  353384.418902
6442    515.944737  353439.275223
6443    516.024828  353494.131544
6444    516.104919  353548.987865
6445    516.185010  353603.844186
6446    516.265100  353658.700506
6447    516.345191  353713.556827
6448    516.425282  353768.413148
6449    516.505373  353823.269469
6450    516.585464  353878.125790
6451    516.665554  353932.982111
6452    516.745645  353987.838431
6453    516.825736  354042.694752
6454    516.905827  354097.551073
6455    516.985917  354152.407394
6456    517.066008  354207.263715
6457    517.146099  354262.120036
6458    517.226190  354316.976357
6459    517.306280  354371.832677
6460    517.386371  354426.688998
6461    517.466462  354481.545319
6462    517.546553  354536.401640
6463    517.626644  354591.257961
6464    517.706734  354646.114282
6465    517.786825  354700.970602
6466    517.866916  354755.826923
6467    517.947007  354810.683244
6468    518.027097  354865.539565
6469    518.107188  354920.395886
6470    518.187279  354975.252207
6471    518.267370  355030.108528
6472    518.347460  355084.964848
6473    518.427551  355139.821169
6474    518.507642  355194.677490
6475    518.587733  355249.533811
6476    518.667824  355304.390132
6477    518.747914  355359.246453
6478    518.828005  355414.102773
6479    518.908096  355468.959094
6480    518.988187  355523.815415
6481    519.068277  355578.671736
6482    519.148368  355633.528057
6483    519.228459  355688.384378
6484    519.308550  355743.240699
6485    519.388640  355798.097019
6486    519.468731  355852.953340
6487    519.548822  355907.809661
6488    519.628913  355962.665982
6489    519.709004  356017.522303
6490    519.789094  356072.378624
6491    519.869185  356127.234945
6492    519.949276  356182.091265
6493    520.029367  356236.947586
6494    520.109457  356291.803907
6495    520.189548  356346.660228
6496    520.269639  356401.516549
6497    520.349730  356456.372870
6498    520.429820  356511.229190
6499    520.509911  356566.085511
6500    520.590002  356620.941832
6501    520.670093  356675.798153
6502    520.750184  356730.654474
6503    520.830274  356785.510795
6504    520.910365  356840.367116
6505    520.990456  356895.223436
6506    521.070547  356950.079757
6507    521.150637  357004.936078
6508    521.230728  357059.792399
6509    521.310819  357114.648720
6510    521.390910  357169.505041
6511    521.471000  357224.361361
6512    521.551091  357279.217682
6513    521.631182  357334.074003
6514    521.711273  357388.930324
6515    521.791364  357443.786645
6516    521.871454  357498.642966
6517    521.951545  357553.499287
6518    522.031636  357608.355607
6519    522.111727  357663.211928
6520    522.191817  357718.068249
6521    522.271908  357772.924570
6522    522.351999  357827.780891
6523    522.432090  357882.637212
6524    522.512180  357937.493532
6525    522.592271  357992.349853
6526    522.672362  358047.206174
6527    522.752453  358102.062495
6528    522.832544  358156.918816
6529    522.912634  358211.775137
6530    522.992725  358266.631458
6531    523.072816  358321.487778
6532    523.152907  358376.344099
6533    523.232997  358431.200420
6534    523.313088  358486.056741
6535    523.393179  358540.913062
6536    523.473270  358595.769383
6537    523.553360  358650.625704
6538    523.633451  358705.482024
6539    523.713542  358760.338345
6540    523.793633  358815.194666
6541    523.873724  358870.050987
6542    523.953814  358924.907308
6543    524.033905  358979.763629
6544    524.113996  359034.619949
6545    524.194087  359089.476270
6546    524.274177  359144.332591
6547    524.354268  359199.188912
6548    524.434359  359254.045233
6549    524.514450  359308.901554
6550    524.594540  359363.757875
6551    524.674631  359418.614195
6552    524.754722  359473.470516
6553    524.834813  359528.326837
6554    524.914904  359583.183158
6555    524.994994  359638.039479
6556    525.075085  359692.895800
6557    525.155176  359747.752120
6558    525.235267  359802.608441
6559    525.315357  359857.464762
6560    525.395448  359912.321083
6561    525.475539  359967.177404
6562    525.555630  360022.033725
6563    525.635720  360076.890046
6564    525.715811  360131.746366
6565    525.795902  360186.602687
6566    525.875993  360241.459008
6567    525.956084  360296.315329
6568    526.036174  360351.171650
6569    526.116265  360406.027971
6570    526.196356  360460.884291
6571    526.276447  360515.740612
6572    526.356537  360570.596933
6573    526.436628  360625.453254
6574    526.516719  360680.309575
6575    526.596810  360735.165896
6576    526.676900  360790.022217
6577    526.756991  360844.878537
6578    526.837082  360899.734858
6579    526.917173  360954.591179
6580    526.997264  361009.447500
6581    527.077354  361064.303821
6582    527.157445  361119.160142
6583    527.237536  361174.016463
6584    527.317627  361228.872783
6585    527.397717  361283.729104
6586    527.477808  361338.585425
6587    527.557899  361393.441746
6588    527.637990  361448.298067
6589    527.718080  361503.154388
6590    527.798171  361558.010708
6591    527.878262  361612.867029
6592    527.958353  361667.723350
6593    528.038444  361722.579671
6594    528.118534  361777.435992
6595    528.198625  361832.292313
6596    528.278716  361887.148634
6597    528.358807  361942.004954
6598    528.438897  361996.861275
6599    528.518988  362051.717596
6600    528.599079  362106.573917
6601    528.679170  362161.430238
6602    528.759260  362216.286559
6603    528.839351  362271.142879
6604    528.919442  362325.999200
6605    528.999533  362380.855521
6606    529.079624  362435.711842
6607    529.159714  362490.568163
6608    529.239805  362545.424484
6609    529.319896  362600.280805
6610    529.399987  362655.137125
6611    529.480077  362709.993446
6612    529.560168  362764.849767
6613    529.640259  362819.706088
6614    529.720350  362874.562409
6615    529.800440  362929.418730
6616    529.880531  362984.275051
6617    529.960622  363039.131371
6618    530.040713  363093.987692
6619    530.120804  363148.844013
6620    530.200894  363203.700334
6621    530.280985  363258.556655
6622    530.361076  363313.412976
6623    530.441167  363368.269296
6624    530.521257  363423.125617
6625    530.601348  363477.981938
6626    530.681439  363532.838259
6627    530.761530  363587.694580
6628    530.841621  363642.550901
6629    530.921711  363697.407222
6630    531.001802  363752.263542
6631    531.081893  363807.119863
6632    531.161984  363861.976184
6633    531.242074  363916.832505
6634    531.322165  363971.688826
6635    531.402256  364026.545147
6636    531.482347  364081.401467
6637    531.562437  364136.257788
6638    531.642528  364191.114109
6639    531.722619  364245.970430
6640    531.802710  364300.826751
6641    531.882801  364355.683072
6642    531.962891  364410.539393
6643    532.042982  364465.395713
6644    532.123073  364520.252034
6645    532.203164  364575.108355
6646    532.283254  364629.964676
6647    532.363345  364684.820997
6648    532.443436  364739.677318
6649    532.523527  364794.533638
6650    532.603617  364849.389959
6651    532.683708  364904.246280
6652    532.763799  364959.102601
6653    532.843890  365013.958922
6654    532.923981  365068.815243
6655    533.004071  365123.671564
6656    533.084162  365178.527884
6657    533.164253  365233.384205
6658    533.244344  365288.240526
6659    533.324434  365343.096847
6660    533.404525  365397.953168
6661    533.484616  365452.809489
6662    533.564707  365507.665810
6663    533.644797  365562.522130
6664    533.724888  365617.378451
6665    533.804979  365672.234772
6666    533.885070  365727.091093
6667    533.965161  365781.947414
6668    534.045251  365836.803735
6669    534.125342  365891.660055
6670    534.205433  365946.516376
6671    534.285524  366001.372697
6672    534.365614  366056.229018
6673    534.445705  366111.085339
6674    534.525796  366165.941660
6675    534.605887  366220.797981
6676    534.685977  366275.654301
6677    534.766068  366330.510622
6678    534.846159  366385.366943
6679    534.926250  366440.223264
6680    535.006341  366495.079585
6681    535.086431  366549.935906
6682    535.166522  366604.792226
6683    535.246613  366659.648547
6684    535.326704  366714.504868
6685    535.406794  366769.361189
6686    535.486885  366824.217510
6687    535.566976  366879.073831
6688    535.647067  366933.930152
6689    535.727157  366988.786472
6690    535.807248  367043.642793
6691    535.887339  367098.499114
6692    535.967430  367153.355435
6693    536.047521  367208.211756
6694    536.127611  367263.068077
6695    536.207702  367317.924397
6696    536.287793  367372.780718
6697    536.367884  367427.637039
6698    536.447974  367482.493360
6699    536.528065  367537.349681
6700    536.608156  367592.206002
6701    536.688247  367647.062323
6702    536.768337  367701.918643
6703    536.848428  367756.774964
6704    536.928519  367811.631285
6705    537.008610  367866.487606
6706    537.088701  367921.343927
6707    537.168791  367976.200248
6708    537.248882  368031.056569
6709    537.328973  368085.912889
6710    537.409064  368140.769210
6711    537.489154  368195.625531
6712    537.569245  368250.481852
6713    537.649336  368305.338173
6714    537.729427  368360.194494
6715    537.809517  368415.050814
6716    537.889608  368469.907135
6717    537.969699  368524.763456
6718    538.049790  368579.619777
6719    538.129881  368634.476098
6720    538.209971  368689.332419
6721    538.290062  368744.188740
6722    538.370153  368799.045060
6723    538.450244  368853.901381
6724    538.530334  368908.757702
6725    538.610425  368963.614023
6726    538.690516  369018.470344
6727    538.770607  369073.326665
6728    538.850697  369128.182985
6729    538.930788  369183.039306
6730    539.010879  369237.895627
6731    539.090970  369292.751948
6732    539.171061  369347.608269
6733    539.251151  369402.464590
6734    539.331242  369457.320911
6735    539.411333  369512.177231
6736    539.491424  369567.033552
6737    539.571514  369621.889873
6738    539.651605  369676.746194
6739    539.731696  369731.602515
6740    539.811787  369786.458836
6741    539.891877  369841.315156
6742    539.971968  369896.171477
6743    540.052059  369951.027798
6744    540.132150  370005.884119
6745    540.212241  370060.740440
6746    540.292331  370115.596761
6747    540.372422  370170.453082
6748    540.452513  370225.309402
6749    540.532604  370280.165723
6750    540.612694  370335.022044
6751    540.692785  370389.878365
6752    540.772876  370444.734686
6753    540.852967  370499.591007
6754    540.933057  370554.447328
6755    541.013148  370609.303648
6756    541.093239  370664.159969
6757    541.173330  370719.016290
6758    541.253421  370773.872611
6759    541.333511  370828.728932
6760    541.413602  370883.585253
6761    541.493693  370938.441573
6762    541.573784  370993.297894
6763    541.653874  371048.154215
6764    541.733965  371103.010536
6765    541.814056  371157.866857
6766    541.894147  371212.723178
6767    541.974237  371267.579499
6768    542.054328  371322.435819
6769    542.134419  371377.292140
6770    542.214510  371432.148461
6771    542.294601  371487.004782
6772    542.374691  371541.861103
6773    542.454782  371596.717424
6774    542.534873  371651.573744
6775    542.614964  371706.430065
6776    542.695054  371761.286386
6777    542.775145  371816.142707
6778    542.855236  371870.999028
6779    542.935327  371925.855349
6780    543.015417  371980.711670
6781    543.095508  372035.567990
6782    543.175599  372090.424311
6783    543.255690  372145.280632
6784    543.335781  372200.136953
6785    543.415871  372254.993274
6786    543.495962  372309.849595
6787    543.576053  372364.705915
6788    543.656144  372419.562236
6789    543.736234  372474.418557
6790    543.816325  372529.274878
6791    543.896416  372584.131199
6792    543.976507  372638.987520
6793    544.056597  372693.843841
6794    544.136688  372748.700161
6795    544.216779  372803.556482
6796    544.296870  372858.412803
6797    544.376961  372913.269124
6798    544.457051  372968.125445
6799    544.537142  373022.981766
6800    544.617233  373077.838087
6801    544.697324  373132.694407
6802    544.777414  373187.550728
6803    544.857505  373242.407049
6804    544.937596  373297.263370
6805    545.017687  373352.119691
6806    545.097777  373406.976012
6807    545.177868  373461.832332
6808    545.257959  373516.688653
6809    545.338050  373571.544974
6810    545.418141  373626.401295
6811    545.498231  373681.257616
6812    545.578322  373736.113937
6813    545.658413  373790.970258
6814    545.738504  373845.826578
6815    545.818594  373900.682899
6816    545.898685  373955.539220
6817    545.978776  374010.395541
6818    546.058867  374065.251862
6819    546.138957  374120.108183
6820    546.219048  374174.964503
6821    546.299139  374229.820824
6822    546.379230  374284.677145
6823    546.459321  374339.533466
6824    546.539411  374394.389787
6825    546.619502  374449.246108
6826    546.699593  374504.102429
6827    546.779684  374558.958749
6828    546.859774  374613.815070
6829    546.939865  374668.671391
6830    547.019956  374723.527712
6831    547.100047  374778.384033
6832    547.180137  374833.240354
6833    547.260228  374888.096674
6834    547.340319  374942.952995
6835    547.420410  374997.809316
6836    547.500501  375052.665637
6837    547.580591  375107.521958
6838    547.660682  375162.378279
6839    547.740773  375217.234600
6840    547.820864  375272.090920
6841    547.900954  375326.947241
6842    547.981045  375381.803562
6843    548.061136  375436.659883
6844    548.141227  375491.516204
6845    548.221317  375546.372525
6846    548.301408  375601.228846
6847    548.381499  375656.085166
6848    548.461590  375710.941487
6849    548.541681  375765.797808
6850    548.621771  375820.654129
6851    548.701862  375875.510450
6852    548.781953  375930.366771
6853    548.862044  375985.223091
6854    548.942134  376040.079412
6855    549.022225  376094.935733
6856    549.102316  376149.792054
6857    549.182407  376204.648375
6858    549.262497  376259.504696
6859    549.342588  376314.361017
6860    549.422679  376369.217337
6861    549.502770  376424.073658
6862    549.582861  376478.929979
6863    549.662951  376533.786300
6864    549.743042  376588.642621
6865    549.823133  376643.498942
6866    549.903224  376698.355262
6867    549.983314  376753.211583
6868    550.063405  376808.067904
6869    550.143496  376862.924225
6870    550.223587  376917.780546
6871    550.303678  376972.636867
6872    550.383768  377027.493188
6873    550.463859  377082.349508
6874    550.543950  377137.205829
6875    550.624041  377192.062150
6876    550.704131  377246.918471
6877    550.784222  377301.774792
6878    550.864313  377356.631113
6879    550.944404  377411.487433
6880    551.024494  377466.343754
6881    551.104585  377521.200075
6882    551.184676  377576.056396
6883    551.264767  377630.912717
6884    551.344858  377685.769038
6885    551.424948  377740.625359
6886    551.505039  377795.481679
6887    551.585130  377850.338000
6888    551.665221  377905.194321
6889    551.745311  377960.050642
6890    551.825402  378014.906963
6891    551.905493  378069.763284
6892    551.985584  378124.619605
6893    552.065674  378179.475925
6894    552.145765  378234.332246
6895    552.225856  378289.188567
6896    552.305947  378344.044888
6897    552.386038  378398.901209
6898    552.466128  378453.757530
6899    552.546219  378508.613850
6900    552.626310  378563.470171
6901    552.706401  378618.326492
6902    552.786491  378673.182813
6903    552.866582  378728.039134
6904    552.946673  378782.895455
6905    553.026764  378837.751776
6906    553.106854  378892.608096
6907    553.186945  378947.464417
6908    553.267036  379002.320738
6909    553.347127  379057.177059
6910    553.427218  379112.033380
6911    553.507308  379166.889701
6912    553.587399  379221.746021
6913    553.667490  379276.602342
6914    553.747581  379331.458663
6915    553.827671  379386.314984
6916    553.907762  379441.171305
6917    553.987853  379496.027626
6918    554.067944  379550.883947
6919    554.148034  379605.740267
6920    554.228125  379660.596588
6921    554.308216  379715.452909
6922    554.388307  379770.309230
6923    554.468398  379825.165551
6924    554.548488  379880.021872
6925    554.628579  379934.878192
6926    554.708670  379989.734513
6927    554.788761  380044.590834
6928    554.868851  380099.447155
6929    554.948942  380154.303476
6930    555.029033  380209.159797
6931    555.109124  380264.016118
6932    555.189214  380318.872438
6933    555.269305  380373.728759
6934    555.349396  380428.585080
6935    555.429487  380483.441401
6936    555.509578  380538.297722
6937    555.589668  380593.154043
6938    555.669759  380648.010364
6939    555.749850  380702.866684
6940    555.829941  380757.723005
6941    555.910031  380812.579326
6942    555.990122  380867.435647
6943    556.070213  380922.291968
6944    556.150304  380977.148289
6945    556.230394  381032.004609
6946    556.310485  381086.860930
6947    556.390576  381141.717251
6948    556.470667  381196.573572
6949    556.550758  381251.429893
6950    556.630848  381306.286214
6951    556.710939  381361.142535
6952    556.791030  381415.998855
6953    556.871121  381470.855176
6954    556.951211  381525.711497
6955    557.031302  381580.567818
6956    557.111393  381635.424139
6957    557.191484  381690.280460
6958    557.271574  381745.136780
6959    557.351665  381799.993101
6960    557.431756  381854.849422
6961    557.511847  381909.705743
6962    557.591938  381964.562064
6963    557.672028  382019.418385
6964    557.752119  382074.274706
6965    557.832210  382129.131026
6966    557.912301  382183.987347
6967    557.992391  382238.843668
6968    558.072482  382293.699989
6969    558.152573  382348.556310
6970    558.232664  382403.412631
6971    558.312754  382458.268951
6972    558.392845  382513.125272
6973    558.472936  382567.981593
6974    558.553027  382622.837914
6975    558.633118  382677.694235
6976    558.713208  382732.550556
6977    558.793299  382787.406877
6978    558.873390  382842.263197
6979    558.953481  382897.119518
6980    559.033571  382951.975839
6981    559.113662  383006.832160
6982    559.193753  383061.688481
6983    559.273844  383116.544802
6984    559.353934  383171.401123
6985    559.434025  383226.257443
6986    559.514116  383281.113764
6987    559.594207  383335.970085
6988    559.674298  383390.826406
6989    559.754388  383445.682727
6990    559.834479  383500.539048
6991    559.914570  383555.395368
6992    559.994661  383610.251689
6993    560.074751  383665.108010
6994    560.154842  383719.964331
6995    560.234933  383774.820652
6996    560.315024  383829.676973
6997    560.395114  383884.533294
6998    560.475205  383939.389614
6999    560.555296  383994.245935
7000    560.635387  384049.102256
7001    560.715478  384103.958577
7002    560.795568  384158.814898
7003    560.875659  384213.671219
7004    560.955750  384268.527539
7005    561.035841  384323.383860
7006    561.115931  384378.240181
7007    561.196022  384433.096502
7008    561.276113  384487.952823
7009    561.356204  384542.809144
7010    561.436294  384597.665465
7011    561.516385  384652.521785
7012    561.596476  384707.378106
7013    561.676567  384762.234427
7014    561.756658  384817.090748
7015    561.836748  384871.947069
7016    561.916839  384926.803390
7017    561.996930  384981.659711
7018    562.077021  385036.516031
7019    562.157111  385091.372352
7020    562.237202  385146.228673
7021    562.317293  385201.084994
7022    562.397384  385255.941315
7023    562.477474  385310.797636
7024    562.557565  385365.653956
7025    562.637656  385420.510277
7026    562.717747  385475.366598
7027    562.797838  385530.222919
7028    562.877928  385585.079240
7029    562.958019  385639.935561
7030    563.038110  385694.791882
7031    563.118201  385749.648202
7032    563.198291  385804.504523
7033    563.278382  385859.360844
7034    563.358473  385914.217165
7035    563.438564  385969.073486
7036    563.518654  386023.929807
7037    563.598745  386078.786127
7038    563.678836  386133.642448
7039    563.758927  386188.498769
7040    563.839018  386243.355090
7041    563.919108  386298.211411
7042    563.999199  386353.067732
7043    564.079290  386407.924053
7044    564.159381  386462.780373
7045    564.239471  386517.636694
7046    564.319562  386572.493015
7047    564.399653  386627.349336
7048    564.479744  386682.205657
7049    564.559834  386737.061978
7050    564.639925  386791.918298
7051    564.720016  386846.774619
7052    564.800107  386901.630940
7053    564.880198  386956.487261
7054    564.960288  387011.343582
7055    565.040379  387066.199903
7056    565.120470  387121.056224
7057    565.200561  387175.912544
7058    565.280651  387230.768865
7059    565.360742  387285.625186
7060    565.440833  387340.481507
7061    565.520924  387395.337828
7062    565.601014  387450.194149
7063    565.681105  387505.050470
7064    565.761196  387559.906790
7065    565.841287  387614.763111
7066    565.921378  387669.619432
7067    566.001468  387724.475753
7068    566.081559  387779.332074
7069    566.161650  387834.188395
7070    566.241741  387889.044715
7071    566.321831  387943.901036
7072    566.401922  387998.757357
7073    566.482013  388053.613678
7074    566.562104  388108.469999
7075    566.642194  388163.326320
7076    566.722285  388218.182641
7077    566.802376  388273.038961
7078    566.882467  388327.895282
7079    566.962558  388382.751603
7080    567.042648  388437.607924
7081    567.122739  388492.464245
7082    567.202830  388547.320566
7083    567.282921  388602.176886
7084    567.363011  388657.033207
7085    567.443102  388711.889528
7086    567.523193  388766.745849
7087    567.603284  388821.602170
7088    567.683374  388876.458491
7089    567.763465  388931.314812
7090    567.843556  388986.171132
7091    567.923647  389041.027453
7092    568.003738  389095.883774
7093    568.083828  389150.740095
7094    568.163919  389205.596416
7095    568.244010  389260.452737
7096    568.324101  389315.309057
7097    568.404191  389370.165378
7098    568.484282  389425.021699
7099    568.564373  389479.878020
7100    568.644464  389534.734341
7101    568.724554  389589.590662
7102    568.804645  389644.446983
7103    568.884736  389699.303303
7104    568.964827  389754.159624
7105    569.044918  389809.015945
7106    569.125008  389863.872266
7107    569.205099  389918.728587
7108    569.285190  389973.584908
7109    569.365281  390028.441229
7110    569.445371  390083.297549
7111    569.525462  390138.153870
7112    569.605553  390193.010191
7113    569.685644  390247.866512
7114    569.765734  390302.722833
7115    569.845825  390357.579154
7116    569.925916  390412.435474
7117    570.006007  390467.291795
7118    570.086098  390522.148116
7119    570.166188  390577.004437
7120    570.246279  390631.860758
7121    570.326370  390686.717079
7122    570.406461  390741.573400
7123    570.486551  390796.429720
7124    570.566642  390851.286041
7125    570.646733  390906.142362
7126    570.726824  390960.998683
7127    570.806915  391015.855004
7128    570.887005  391070.711325
7129    570.967096  391125.567645
7130    571.047187  391180.423966
7131    571.127278  391235.280287
7132    571.207368  391290.136608
7133    571.287459  391344.992929
7134    571.367550  391399.849250
7135    571.447641  391454.705571
7136    571.527731  391509.561891
7137    571.607822  391564.418212
7138    571.687913  391619.274533
7139    571.768004  391674.130854
7140    571.848095  391728.987175
7141    571.928185  391783.843496
7142    572.008276  391838.699816
7143    572.088367  391893.556137
7144    572.168458  391948.412458
7145    572.248548  392003.268779
7146    572.328639  392058.125100
7147    572.408730  392112.981421
7148    572.488821  392167.837742
7149    572.568911  392222.694062
7150    572.649002  392277.550383
7151    572.729093  392332.406704
7152    572.809184  392387.263025
7153    572.889275  392442.119346
7154    572.969365  392496.975667
7155    573.049456  392551.831988
7156    573.129547  392606.688308
7157    573.209638  392661.544629
7158    573.289728  392716.400950
7159    573.369819  392771.257271
7160    573.449910  392826.113592
7161    573.530001  392880.969913
7162    573.610091  392935.826233
7163    573.690182  392990.682554
7164    573.770273  393045.538875
7165    573.850364  393100.395196
7166    573.930455  393155.251517
7167    574.010545  393210.107838
7168    574.090636  393264.964159
7169    574.170727  393319.820479
7170    574.250818  393374.676800
7171    574.330908  393429.533121
7172    574.410999  393484.389442
7173    574.491090  393539.245763
7174    574.571181  393594.102084
7175    574.651271  393648.958404
7176    574.731362  393703.814725
7177    574.811453  393758.671046
7178    574.891544  393813.527367
7179    574.971635  393868.383688
7180    575.051725  393923.240009
7181    575.131816  393978.096330
7182    575.211907  394032.952650
7183    575.291998  394087.808971
7184    575.372088  394142.665292
7185    575.452179  394197.521613
7186    575.532270  394252.377934
7187    575.612361  394307.234255
7188    575.692451  394362.090575
7189    575.772542  394416.946896
7190    575.852633  394471.803217
7191    575.932724  394526.659538
7192    576.012815  394581.515859
7193    576.092905  394636.372180
7194    576.172996  394691.228501
7195    576.253087  394746.084821
7196    576.333178  394800.941142
7197    576.413268  394855.797463
7198    576.493359  394910.653784
7199    576.573450  394965.510105
7200    576.653541  395020.366426
7201    576.733631  395075.222747
7202    576.813722  395130.079067
7203    576.893813  395184.935388
7204    576.973904  395239.791709
7205    577.053995  395294.648030
7206    577.134085  395349.504351
7207    577.214176  395404.360672
7208    577.294267  395459.216992
7209    577.374358  395514.073313
7210    577.454448  395568.929634
7211    577.534539  395623.785955
7212    577.614630  395678.642276
7213    577.694721  395733.498597
7214    577.774811  395788.354918
7215    577.854902  395843.211238
7216    577.934993  395898.067559
7217    578.015084  395952.923880
7218    578.095175  396007.780201
7219    578.175265  396062.636522
7220    578.255356  396117.492843
7221    578.335447  396172.349163
7222    578.415538  396227.205484
7223    578.495628  396282.061805
7224    578.575719  396336.918126
7225    578.655810  396391.774447
7226    578.735901  396446.630768
7227    578.815991  396501.487089
7228    578.896082  396556.343409
7229    578.976173  396611.199730
7230    579.056264  396666.056051
7231    579.136355  396720.912372
7232    579.216445  396775.768693
7233    579.296536  396830.625014
7234    579.376627  396885.481334
7235    579.456718  396940.337655
7236    579.536808  396995.193976
7237    579.616899  397050.050297
7238    579.696990  397104.906618
7239    579.777081  397159.762939
7240    579.857171  397214.619260
7241    579.937262  397269.475580
7242    580.017353  397324.331901
7243    580.097444  397379.188222
7244    580.177535  397434.044543
7245    580.257625  397488.900864
7246    580.337716  397543.757185
7247    580.417807  397598.613506
7248    580.497898  397653.469826
7249    580.577988  397708.326147
7250    580.658079  397763.182468
7251    580.738170  397818.038789
7252    580.818261  397872.895110
7253    580.898351  397927.751431
7254    580.978442  397982.607751
7255    581.058533  398037.464072
7256    581.138624  398092.320393
7257    581.218715  398147.176714
7258    581.298805  398202.033035
7259    581.378896  398256.889356
7260    581.458987  398311.745677
7261    581.539078  398366.601997
7262    581.619168  398421.458318
7263    581.699259  398476.314639
7264    581.779350  398531.170960
7265    581.859441  398586.027281
7266    581.939531  398640.883602
7267    582.019622  398695.739922
7268    582.099713  398750.596243
7269    582.179804  398805.452564
7270    582.259895  398860.308885
7271    582.339985  398915.165206
7272    582.420076  398970.021527
7273    582.500167  399024.877848
7274    582.580258  399079.734168
7275    582.660348  399134.590489
7276    582.740439  399189.446810
7277    582.820530  399244.303131
7278    582.900621  399299.159452
7279    582.980711  399354.015773
7280    583.060802  399408.872093
7281    583.140893  399463.728414
7282    583.220984  399518.584735
7283    583.301075  399573.441056
7284    583.381165  399628.297377
7285    583.461256  399683.153698
7286    583.541347  399738.010019
7287    583.621438  399792.866339
7288    583.701528  399847.722660
7289    583.781619  399902.578981
7290    583.861710  399957.435302
7291    583.941801  400012.291623
7292    584.021891  400067.147944
7293    584.101982  400122.004265
7294    584.182073  400176.860585
7295    584.262164  400231.716906
7296    584.342255  400286.573227
7297    584.422345  400341.429548
7298    584.502436  400396.285869
7299    584.582527  400451.142190
7300    584.662618  400505.998510
7301    584.742708  400560.854831
7302    584.822799  400615.711152
7303    584.902890  400670.567473
7304    584.982981  400725.423794
7305    585.063071  400780.280115
7306    585.143162  400835.136436
7307    585.223253  400889.992756
7308    585.303344  400944.849077
7309    585.383435  400999.705398
7310    585.463525  401054.561719
7311    585.543616  401109.418040
7312    585.623707  401164.274361
7313    585.703798  401219.130681
7314    585.783888  401273.987002
7315    585.863979  401328.843323
7316    585.944070  401383.699644
7317    586.024161  401438.555965
7318    586.104251  401493.412286
7319    586.184342  401548.268607
7320    586.264433  401603.124927
7321    586.344524  401657.981248
7322    586.424615  401712.837569
7323    586.504705  401767.693890
7324    586.584796  401822.550211
7325    586.664887  401877.406532
7326    586.744978  401932.262852
7327    586.825068  401987.119173
7328    586.905159  402041.975494
7329    586.985250  402096.831815
7330    587.065341  402151.688136
7331    587.145431  402206.544457
7332    587.225522  402261.400778
7333    587.305613  402316.257098
7334    587.385704  402371.113419
7335    587.465795  402425.969740
7336    587.545885  402480.826061
7337    587.625976  402535.682382
7338    587.706067  402590.538703
7339    587.786158  402645.395024
7340    587.866248  402700.251344
7341    587.946339  402755.107665
7342    588.026430  402809.963986
7343    588.106521  402864.820307
7344    588.186611  402919.676628
7345    588.266702  402974.532949
7346    588.346793  403029.389269
7347    588.426884  403084.245590
7348    588.506975  403139.101911
7349    588.587065  403193.958232
7350    588.667156  403248.814553
7351    588.747247  403303.670874
7352    588.827338  403358.527195
7353    588.907428  403413.383515
7354    588.987519  403468.239836
7355    589.067610  403523.096157
7356    589.147701  403577.952478
7357    589.227791  403632.808799
7358    589.307882  403687.665120
7359    589.387973  403742.521440
7360    589.468064  403797.377761
7361    589.548155  403852.234082
7362    589.628245  403907.090403
7363    589.708336  403961.946724
7364    589.788427  404016.803045
7365    589.868518  404071.659366
7366    589.948608  404126.515686
7367    590.028699  404181.372007
7368    590.108790  404236.228328
7369    590.188881  404291.084649
7370    590.268972  404345.940970
7371    590.349062  404400.797291
7372    590.429153  404455.653611
7373    590.509244  404510.509932
7374    590.589335  404565.366253
7375    590.669425  404620.222574
7376    590.749516  404675.078895
7377    590.829607  404729.935216
7378    590.909698  404784.791537
7379    590.989788  404839.647857
7380    591.069879  404894.504178
7381    591.149970  404949.360499
7382    591.230061  405004.216820
7383    591.310152  405059.073141
7384    591.390242  405113.929462
7385    591.470333  405168.785783
7386    591.550424  405223.642103
7387    591.630515  405278.498424
7388    591.710605  405333.354745
7389    591.790696  405388.211066
7390    591.870787  405443.067387
7391    591.950878  405497.923708
7392    592.030968  405552.780028
7393    592.111059  405607.636349
7394    592.191150  405662.492670
7395    592.271241  405717.348991
7396    592.351332  405772.205312
7397    592.431422  405827.061633
7398    592.511513  405881.917954
7399    592.591604  405936.774274
7400    592.671695  405991.630595
7401    592.751785  406046.486916
7402    592.831876  406101.343237
7403    592.911967  406156.199558
7404    592.992058  406211.055879
7405    593.072148  406265.912199
7406    593.152239  406320.768520
7407    593.232330  406375.624841
7408    593.312421  406430.481162
7409    593.392512  406485.337483
7410    593.472602  406540.193804
7411    593.552693  406595.050125
7412    593.632784  406649.906445
7413    593.712875  406704.762766
7414    593.792965  406759.619087
7415    593.873056  406814.475408
7416    593.953147  406869.331729
7417    594.033238  406924.188050
7418    594.113328  406979.044370
7419    594.193419  407033.900691
7420    594.273510  407088.757012
7421    594.353601  407143.613333
7422    594.433692  407198.469654
7423    594.513782  407253.325975
7424    594.593873  407308.182296
7425    594.673964  407363.038616
7426    594.754055  407417.894937
7427    594.834145  407472.751258
7428    594.914236  407527.607579
7429    594.994327  407582.463900
7430    595.074418  407637.320221
7431    595.154508  407692.176542
7432    595.234599  407747.032862
7433    595.314690  407801.889183
7434    595.394781  407856.745504
7435    595.474872  407911.601825
7436    595.554962  407966.458146
7437    595.635053  408021.314467
7438    595.715144  408076.170787
7439    595.795235  408131.027108
7440    595.875325  408185.883429
7441    595.955416  408240.739750
7442    596.035507  408295.596071
7443    596.115598  408350.452392
7444    596.195688  408405.308713
7445    596.275779  408460.165033
7446    596.355870  408515.021354
7447    596.435961  408569.877675
7448    596.516052  408624.733996
7449    596.596142  408679.590317
7450    596.676233  408734.446638
7451    596.756324  408789.302958
7452    596.836415  408844.159279
7453    596.916505  408899.015600
7454    596.996596  408953.871921
7455    597.076687  409008.728242
7456    597.156778  409063.584563
7457    597.236868  409118.440884
7458    597.316959  409173.297204
7459    597.397050  409228.153525
7460    597.477141  409283.009846
7461    597.557232  409337.866167
7462    597.637322  409392.722488
7463    597.717413  409447.578809
7464    597.797504  409502.435129
7465    597.877595  409557.291450
7466    597.957685  409612.147771
7467    598.037776  409667.004092
7468    598.117867  409721.860413
7469    598.197958  409776.716734
7470    598.278048  409831.573055
7471    598.358139  409886.429375
7472    598.438230  409941.285696
7473    598.518321  409996.142017
7474    598.598412  410050.998338
7475    598.678502  410105.854659
7476    598.758593  410160.710980
7477    598.838684  410215.567301
7478    598.918775  410270.423621
7479    598.998865  410325.279942
7480    599.078956  410380.136263
7481    599.159047  410434.992584
7482    599.239138  410489.848905
7483    599.319228  410544.705226
7484    599.399319  410599.561546
7485    599.479410  410654.417867
7486    599.559501  410709.274188
7487    599.639592  410764.130509
7488    599.719682  410818.986830
7489    599.799773  410873.843151
7490    599.879864  410928.699472
7491    599.959955  410983.555792
7492    600.040045  411038.412113
7493    600.120136  411093.268434
7494    600.200227  411148.124755
7495    600.280318  411202.981076
7496    600.360408  411257.837397
7497    600.440499  411312.693717
7498    600.520590  411367.550038
7499    600.600681  411422.406359
7500    600.680772  411477.262680
7501    600.760862  411532.119001
7502    600.840953  411586.975322
7503    600.921044  411641.831643
7504    601.001135  411696.687963
7505    601.081225  411751.544284
7506    601.161316  411806.400605
7507    601.241407  411861.256926
7508    601.321498  411916.113247
7509    601.401588  411970.969568
7510    601.481679  412025.825889
7511    601.561770  412080.682209
7512    601.641861  412135.538530
7513    601.721952  412190.394851
7514    601.802042  412245.251172
7515    601.882133  412300.107493
7516    601.962224  412354.963814
7517    602.042315  412409.820134
7518    602.122405  412464.676455
7519    602.202496  412519.532776
7520    602.282587  412574.389097
7521    602.362678  412629.245418
7522    602.442768  412684.101739
7523    602.522859  412738.958060
7524    602.602950  412793.814380
7525    602.683041  412848.670701
7526    602.763132  412903.527022
7527    602.843222  412958.383343
7528    602.923313  413013.239664
7529    603.003404  413068.095985
7530    603.083495  413122.952305
7531    603.163585  413177.808626
7532    603.243676  413232.664947
7533    603.323767  413287.521268
7534    603.403858  413342.377589
7535    603.483948  413397.233910
7536    603.564039  413452.090231
7537    603.644130  413506.946551
7538    603.724221  413561.802872
7539    603.804312  413616.659193
7540    603.884402  413671.515514
7541    603.964493  413726.371835
7542    604.044584  413781.228156
7543    604.124675  413836.084476
7544    604.204765  413890.940797
7545    604.284856  413945.797118
7546    604.364947  414000.653439
7547    604.445038  414055.509760
7548    604.525128  414110.366081
7549    604.605219  414165.222402
7550    604.685310  414220.078722
7551    604.765401  414274.935043
7552    604.845492  414329.791364
7553    604.925582  414384.647685
7554    605.005673  414439.504006
7555    605.085764  414494.360327
7556    605.165855  414549.216648
7557    605.245945  414604.072968
7558    605.326036  414658.929289
7559    605.406127  414713.785610
7560    605.486218  414768.641931
7561    605.566308  414823.498252
7562    605.646399  414878.354573
7563    605.726490  414933.210893
7564    605.806581  414988.067214
7565    605.886672  415042.923535
7566    605.966762  415097.779856
7567    606.046853  415152.636177
7568    606.126944  415207.492498
7569    606.207035  415262.348819
7570    606.287125  415317.205139
7571    606.367216  415372.061460
7572    606.447307  415426.917781
7573    606.527398  415481.774102
7574    606.607488  415536.630423
7575    606.687579  415591.486744
7576    606.767670  415646.343064
7577    606.847761  415701.199385
7578    606.927852  415756.055706
7579    607.007942  415810.912027
7580    607.088033  415865.768348
7581    607.168124  415920.624669
7582    607.248215  415975.480990
7583    607.328305  416030.337310
7584    607.408396  416085.193631
7585    607.488487  416140.049952
7586    607.568578  416194.906273
7587    607.648668  416249.762594
7588    607.728759  416304.618915
7589    607.808850  416359.475235
7590    607.888941  416414.331556
7591    607.969032  416469.187877
7592    608.049122  416524.044198
7593    608.129213  416578.900519
7594    608.209304  416633.756840
7595    608.289395  416688.613161
7596    608.369485  416743.469481
7597    608.449576  416798.325802
7598    608.529667  416853.182123
7599    608.609758  416908.038444
7600    608.689848  416962.894765
7601    608.769939  417017.751086
7602    608.850030  417072.607407
7603    608.930121  417127.463727
7604    609.010212  417182.320048
7605    609.090302  417237.176369
7606    609.170393  417292.032690
7607    609.250484  417346.889011
7608    609.330575  417401.745332
7609    609.410665  417456.601652
7610    609.490756  417511.457973
7611    609.570847  417566.314294
7612    609.650938  417621.170615
7613    609.731028  417676.026936
7614    609.811119  417730.883257
7615    609.891210  417785.739578
7616    609.971301  417840.595898
7617    610.051392  417895.452219
7618    610.131482  417950.308540
7619    610.211573  418005.164861
7620    610.291664  418060.021182
7621    610.371755  418114.877503
7622    610.451845  418169.733823
7623    610.531936  418224.590144
7624    610.612027  418279.446465
7625    610.692118  418334.302786
7626    610.772209  418389.159107
7627    610.852299  418444.015428
7628    610.932390  418498.871749
7629    611.012481  418553.728069
7630    611.092572  418608.584390
7631    611.172662  418663.440711
7632    611.252753  418718.297032
7633    611.332844  418773.153353
7634    611.412935  418828.009674
7635    611.493025  418882.865994
7636    611.573116  418937.722315
7637    611.653207  418992.578636
7638    611.733298  419047.434957
7639    611.813389  419102.291278
7640    611.893479  419157.147599
7641    611.973570  419212.003920
7642    612.053661  419266.860240
7643    612.133752  419321.716561
7644    612.213842  419376.572882
7645    612.293933  419431.429203
7646    612.374024  419486.285524
7647    612.454115  419541.141845
7648    612.534205  419595.998166
7649    612.614296  419650.854486
7650    612.694387  419705.710807
7651    612.774478  419760.567128
7652    612.854569  419815.423449
7653    612.934659  419870.279770
7654    613.014750  419925.136091
7655    613.094841  419979.992411
7656    613.174932  420034.848732
7657    613.255022  420089.705053
7658    613.335113  420144.561374
7659    613.415204  420199.417695
7660    613.495295  420254.274016
7661    613.575385  420309.130337
7662    613.655476  420363.986657
7663    613.735567  420418.842978
7664    613.815658  420473.699299
7665    613.895749  420528.555620
7666    613.975839  420583.411941
7667    614.055930  420638.268262
7668    614.136021  420693.124582
7669    614.216112  420747.980903
7670    614.296202  420802.837224
7671    614.376293  420857.693545
7672    614.456384  420912.549866
7673    614.536475  420967.406187
7674    614.616565  421022.262508
7675    614.696656  421077.118828
7676    614.776747  421131.975149
7677    614.856838  421186.831470
7678    614.936929  421241.687791
7679    615.017019  421296.544112
7680    615.097110  421351.400433
7681    615.177201  421406.256753
7682    615.257292  421461.113074
7683    615.337382  421515.969395
7684    615.417473  421570.825716
7685    615.497564  421625.682037
7686    615.577655  421680.538358
7687    615.657745  421735.394679
7688    615.737836  421790.250999
7689    615.817927  421845.107320
7690    615.898018  421899.963641
7691    615.978109  421954.819962
7692    616.058199  422009.676283
7693    616.138290  422064.532604
7694    616.218381  422119.388925
7695    616.298472  422174.245245
7696    616.378562  422229.101566
7697    616.458653  422283.957887
7698    616.538744  422338.814208
7699    616.618835  422393.670529
7700    616.698925  422448.526850
7701    616.779016  422503.383170
7702    616.859107  422558.239491
7703    616.939198  422613.095812
7704    617.019289  422667.952133
7705    617.099379  422722.808454
7706    617.179470  422777.664775
7707    617.259561  422832.521096
7708    617.339652  422887.377416
7709    617.419742  422942.233737
7710    617.499833  422997.090058
7711    617.579924  423051.946379
7712    617.660015  423106.802700
7713    617.740105  423161.659021
7714    617.820196  423216.515341
7715    617.900287  423271.371662
7716    617.980378  423326.227983
7717    618.060469  423381.084304
7718    618.140559  423435.940625
7719    618.220650  423490.796946
7720    618.300741  423545.653267
7721    618.380832  423600.509587
7722    618.460922  423655.365908
7723    618.541013  423710.222229
7724    618.621104  423765.078550
7725    618.701195  423819.934871
7726    618.781285  423874.791192
7727    618.861376  423929.647512
7728    618.941467  423984.503833
7729    619.021558  424039.360154
7730    619.101649  424094.216475
7731    619.181739  424149.072796
7732    619.261830  424203.929117
7733    619.341921  424258.785438
7734    619.422012  424313.641758
7735    619.502102  424368.498079
7736    619.582193  424423.354400
7737    619.662284  424478.210721
7738    619.742375  424533.067042
7739    619.822465  424587.923363
7740    619.902556  424642.779684
7741    619.982647  424697.636004
7742    620.062738  424752.492325
7743    620.142829  424807.348646
7744    620.222919  424862.204967
7745    620.303010  424917.061288
7746    620.383101  424971.917609
7747    620.463192  425026.773929
7748    620.543282  425081.630250
7749    620.623373  425136.486571
7750    620.703464  425191.342892
7751    620.783555  425246.199213
7752    620.863645  425301.055534
7753    620.943736  425355.911855
7754    621.023827  425410.768175
7755    621.103918  425465.624496
7756    621.184009  425520.480817
7757    621.264099  425575.337138
7758    621.344190  425630.193459
7759    621.424281  425685.049780
7760    621.504372  425739.906100
7761    621.584462  425794.762421
7762    621.664553  425849.618742
7763    621.744644  425904.475063
7764    621.824735  425959.331384
7765    621.904825  426014.187705
7766    621.984916  426069.044026
7767    622.065007  426123.900346
7768    622.145098  426178.756667
7769    622.225189  426233.612988
7770    622.305279  426288.469309
7771    622.385370  426343.325630
7772    622.465461  426398.181951
7773    622.545552  426453.038271
7774    622.625642  426507.894592
7775    622.705733  426562.750913
7776    622.785824  426617.607234
7777    622.865915  426672.463555
7778    622.946005  426727.319876
7779    623.026096  426782.176197
7780    623.106187  426837.032517
7781    623.186278  426891.888838
7782    623.266369  426946.745159
7783    623.346459  427001.601480
7784    623.426550  427056.457801
7785    623.506641  427111.314122
7786    623.586732  427166.170443
7787    623.666822  427221.026763
7788    623.746913  427275.883084
7789    623.827004  427330.739405
7790    623.907095  427385.595726
7791    623.987185  427440.452047
7792    624.067276  427495.308368
7793    624.147367  427550.164688
7794    624.227458  427605.021009
7795    624.307549  427659.877330
7796    624.387639  427714.733651
7797    624.467730  427769.589972
7798    624.547821  427824.446293
7799    624.627912  427879.302614
7800    624.708002  427934.158934
7801    624.788093  427989.015255
7802    624.868184  428043.871576
7803    624.948275  428098.727897
7804    625.028365  428153.584218
7805    625.108456  428208.440539
7806    625.188547  428263.296859
7807    625.268638  428318.153180
7808    625.348729  428373.009501
7809    625.428819  428427.865822
7810    625.508910  428482.722143
7811    625.589001  428537.578464
7812    625.669092  428592.434785
7813    625.749182  428647.291105
7814    625.829273  428702.147426
7815    625.909364  428757.003747
7816    625.989455  428811.860068
7817    626.069545  428866.716389
7818    626.149636  428921.572710
7819    626.229727  428976.429030
7820    626.309818  429031.285351
7821    626.389909  429086.141672
7822    626.469999  429140.997993
7823    626.550090  429195.854314
7824    626.630181  429250.710635
7825    626.710272  429305.566956
7826    626.790362  429360.423276
7827    626.870453  429415.279597
7828    626.950544  429470.135918
7829    627.030635  429524.992239
7830    627.110725  429579.848560
7831    627.190816  429634.704881
7832    627.270907  429689.561202
7833    627.350998  429744.417522
7834    627.431089  429799.273843
7835    627.511179  429854.130164
7836    627.591270  429908.986485
7837    627.671361  429963.842806
7838    627.751452  430018.699127
7839    627.831542  430073.555447
7840    627.911633  430128.411768
7841    627.991724  430183.268089
7842    628.071815  430238.124410
7843    628.151905  430292.980731
7844    628.231996  430347.837052
7845    628.312087  430402.693373
7846    628.392178  430457.549693
7847    628.472269  430512.406014
7848    628.552359  430567.262335
7849    628.632450  430622.118656
7850    628.712541  430676.974977
7851    628.792632  430731.831298
7852    628.872722  430786.687618
7853    628.952813  430841.543939
7854    629.032904  430896.400260
7855    629.112995  430951.256581
7856    629.193085  431006.112902
7857    629.273176  431060.969223
7858    629.353267  431115.825544
7859    629.433358  431170.681864
7860    629.513449  431225.538185
7861    629.593539  431280.394506
7862    629.673630  431335.250827
7863    629.753721  431390.107148
7864    629.833812  431444.963469
7865    629.913902  431499.819789
7866    629.993993  431554.676110
7867    630.074084  431609.532431
7868    630.154175  431664.388752
7869    630.234266  431719.245073
7870    630.314356  431774.101394
7871    630.394447  431828.957715
7872    630.474538  431883.814035
7873    630.554629  431938.670356
7874    630.634719  431993.526677
7875    630.714810  432048.382998
7876    630.794901  432103.239319
7877    630.874992  432158.095640
7878    630.955082  432212.951961
7879    631.035173  432267.808281
7880    631.115264  432322.664602
7881    631.195355  432377.520923
7882    631.275446  432432.377244
7883    631.355536  432487.233565
7884    631.435627  432542.089886
7885    631.515718  432596.946206
7886    631.595809  432651.802527
7887    631.675899  432706.658848
7888    631.755990  432761.515169
7889    631.836081  432816.371490
7890    631.916172  432871.227811
7891    631.996262  432926.084132
7892    632.076353  432980.940452
7893    632.156444  433035.796773
7894    632.236535  433090.653094
7895    632.316626  433145.509415
7896    632.396716  433200.365736
7897    632.476807  433255.222057
7898    632.556898  433310.078377
7899    632.636989  433364.934698
7900    632.717079  433419.791019
7901    632.797170  433474.647340
7902    632.877261  433529.503661
7903    632.957352  433584.359982
7904    633.037442  433639.216303
7905    633.117533  433694.072623
7906    633.197624  433748.928944
7907    633.277715  433803.785265
7908    633.357806  433858.641586
7909    633.437896  433913.497907
7910    633.517987  433968.354228
7911    633.598078  434023.210548
7912    633.678169  434078.066869
7913    633.758259  434132.923190
7914    633.838350  434187.779511
7915    633.918441  434242.635832
7916    633.998532  434297.492153
7917    634.078622  434352.348474
7918    634.158713  434407.204794
7919    634.238804  434462.061115
7920    634.318895  434516.917436
7921    634.398986  434571.773757
7922    634.479076  434626.630078
7923    634.559167  434681.486399
7924    634.639258  434736.342720
7925    634.719349  434791.199040
7926    634.799439  434846.055361
7927    634.879530  434900.911682
7928    634.959621  434955.768003
7929    635.039712  435010.624324
7930    635.119802  435065.480645
7931    635.199893  435120.336965
7932    635.279984  435175.193286
7933    635.360075  435230.049607
7934    635.440166  435284.905928
7935    635.520256  435339.762249
7936    635.600347  435394.618570
7937    635.680438  435449.474891
7938    635.760529  435504.331211
7939    635.840619  435559.187532
7940    635.920710  435614.043853
7941    636.000801  435668.900174
7942    636.080892  435723.756495
7943    636.160982  435778.612816
7944    636.241073  435833.469136
7945    636.321164  435888.325457
7946    636.401255  435943.181778
7947    636.481346  435998.038099
7948    636.561436  436052.894420
7949    636.641527  436107.750741
7950    636.721618  436162.607062
7951    636.801709  436217.463382
7952    636.881799  436272.319703
7953    636.961890  436327.176024
7954    637.041981  436382.032345
7955    637.122072  436436.888666
7956    637.202162  436491.744987
7957    637.282253  436546.601307
7958    637.362344  436601.457628
7959    637.442435  436656.313949
7960    637.522526  436711.170270
7961    637.602616  436766.026591
7962    637.682707  436820.882912
7963    637.762798  436875.739233
7964    637.842889  436930.595553
7965    637.922979  436985.451874
7966    638.003070  437040.308195
7967    638.083161  437095.164516
7968    638.163252  437150.020837
7969    638.243342  437204.877158
7970    638.323433  437259.733479
7971    638.403524  437314.589799
7972    638.483615  437369.446120
7973    638.563706  437424.302441
7974    638.643796  437479.158762
7975    638.723887  437534.015083
7976    638.803978  437588.871404
7977    638.884069  437643.727724
7978    638.964159  437698.584045
7979    639.044250  437753.440366
7980    639.124341  437808.296687
7981    639.204432  437863.153008
7982    639.284522  437918.009329
7983    639.364613  437972.865650
7984    639.444704  438027.721970
7985    639.524795  438082.578291
7986    639.604886  438137.434612
7987    639.684976  438192.290933
7988    639.765067  438247.147254
7989    639.845158  438302.003575
7990    639.925249  438356.859895
7991    640.005339  438411.716216
7992    640.085430  438466.572537
7993    640.165521  438521.428858
7994    640.245612  438576.285179
7995    640.325702  438631.141500
7996    640.405793  438685.997821
7997    640.485884  438740.854141
7998    640.565975  438795.710462
7999    640.646066  438850.566783
8000    640.726156  438905.423104
8001    640.806247  438960.279425
8002    640.886338  439015.135746
8003    640.966429  439069.992067
8004    641.046519  439124.848387
8005    641.126610  439179.704708
8006    641.206701  439234.561029
8007    641.286792  439289.417350
8008    641.366882  439344.273671
8009    641.446973  439399.129992
8010    641.527064  439453.986312
8011    641.607155  439508.842633
8012    641.687246  439563.698954
8013    641.767336  439618.555275
8014    641.847427  439673.411596
8015    641.927518  439728.267917
8016    642.007609  439783.124238
8017    642.087699  439837.980558
8018    642.167790  439892.836879
8019    642.247881  439947.693200
8020    642.327972  440002.549521
8021    642.408062  440057.405842
8022    642.488153  440112.262163
8023    642.568244  440167.118483
8024    642.648335  440221.974804
8025    642.728426  440276.831125
8026    642.808516  440331.687446
8027    642.888607  440386.543767
8028    642.968698  440441.400088
8029    643.048789  440496.256409
8030    643.128879  440551.112729
8031    643.208970  440605.969050
8032    643.289061  440660.825371
8033    643.369152  440715.681692
8034    643.449242  440770.538013
8035    643.529333  440825.394334
8036    643.609424  440880.250654
8037    643.689515  440935.106975
8038    643.769606  440989.963296
8039    643.849696  441044.819617
8040    643.929787  441099.675938
8041    644.009878  441154.532259
8042    644.089969  441209.388580
8043    644.170059  441264.244900
8044    644.250150  441319.101221
8045    644.330241  441373.957542
8046    644.410332  441428.813863
8047    644.490422  441483.670184
8048    644.570513  441538.526505
8049    644.650604  441593.382826
8050    644.730695  441648.239146
8051    644.810786  441703.095467
8052    644.890876  441757.951788
8053    644.970967  441812.808109
8054    645.051058  441867.664430
8055    645.131149  441922.520751
8056    645.211239  441977.377071
8057    645.291330  442032.233392
8058    645.371421  442087.089713
8059    645.451512  442141.946034
8060    645.531602  442196.802355
8061    645.611693  442251.658676
8062    645.691784  442306.514997
8063    645.771875  442361.371317
8064    645.851966  442416.227638
8065    645.932056  442471.083959
8066    646.012147  442525.940280
8067    646.092238  442580.796601
8068    646.172329  442635.652922
8069    646.252419  442690.509242
8070    646.332510  442745.365563
8071    646.412601  442800.221884
8072    646.492692  442855.078205
8073    646.572782  442909.934526
8074    646.652873  442964.790847
8075    646.732964  443019.647168
8076    646.813055  443074.503488
8077    646.893146  443129.359809
8078    646.973236  443184.216130
8079    647.053327  443239.072451
8080    647.133418  443293.928772
8081    647.213509  443348.785093
8082    647.293599  443403.641413
8083    647.373690  443458.497734
8084    647.453781  443513.354055
8085    647.533872  443568.210376
8086    647.613962  443623.066697
8087    647.694053  443677.923018
8088    647.774144  443732.779339
8089    647.854235  443787.635659
8090    647.934326  443842.491980
8091    648.014416  443897.348301
8092    648.094507  443952.204622
8093    648.174598  444007.060943
8094    648.254689  444061.917264
8095    648.334779  444116.773585
8096    648.414870  444171.629905
8097    648.494961  444226.486226
8098    648.575052  444281.342547
8099    648.655142  444336.198868
8100    648.735233  444391.055189
8101    648.815324  444445.911510
8102    648.895415  444500.767830
8103    648.975506  444555.624151
8104    649.055596  444610.480472
8105    649.135687  444665.336793
8106    649.215778  444720.193114
8107    649.295869  444775.049435
8108    649.375959  444829.905756
8109    649.456050  444884.762076
8110    649.536141  444939.618397
8111    649.616232  444994.474718
8112    649.696322  445049.331039
8113    649.776413  445104.187360
8114    649.856504  445159.043681
8115    649.936595  445213.900001
8116    650.016686  445268.756322
8117    650.096776  445323.612643
8118    650.176867  445378.468964
8119    650.256958  445433.325285
8120    650.337049  445488.181606
8121    650.417139  445543.037927
8122    650.497230  445597.894247
8123    650.577321  445652.750568
8124    650.657412  445707.606889
8125    650.737503  445762.463210
8126    650.817593  445817.319531
8127    650.897684  445872.175852
8128    650.977775  445927.032172
8129    651.057866  445981.888493
8130    651.137956  446036.744814
8131    651.218047  446091.601135
8132    651.298138  446146.457456
8133    651.378229  446201.313777
8134    651.458319  446256.170098
8135    651.538410  446311.026418
8136    651.618501  446365.882739
8137    651.698592  446420.739060
8138    651.778683  446475.595381
8139    651.858773  446530.451702
8140    651.938864  446585.308023
8141    652.018955  446640.164344
8142    652.099046  446695.020664
8143    652.179136  446749.876985
8144    652.259227  446804.733306
8145    652.339318  446859.589627
8146    652.419409  446914.445948
8147    652.499499  446969.302269
8148    652.579590  447024.158589
8149    652.659681  447079.014910
8150    652.739772  447133.871231
8151    652.819863  447188.727552
8152    652.899953  447243.583873
8153    652.980044  447298.440194
8154    653.060135  447353.296515
8155    653.140226  447408.152835
8156    653.220316  447463.009156
8157    653.300407  447517.865477
8158    653.380498  447572.721798
8159    653.460589  447627.578119
8160    653.540679  447682.434440
8161    653.620770  447737.290760
8162    653.700861  447792.147081
8163    653.780952  447847.003402
8164    653.861043  447901.859723
8165    653.941133  447956.716044
8166    654.021224  448011.572365
8167    654.101315  448066.428686
8168    654.181406  448121.285006
8169    654.261496  448176.141327
8170    654.341587  448230.997648
8171    654.421678  448285.853969
8172    654.501769  448340.710290
8173    654.581859  448395.566611
8174    654.661950  448450.422931
8175    654.742041  448505.279252
8176    654.822132  448560.135573
8177    654.902223  448614.991894
8178    654.982313  448669.848215
8179    655.062404  448724.704536
8180    655.142495  448779.560857
8181    655.222586  448834.417177
8182    655.302676  448889.273498
8183    655.382767  448944.129819
8184    655.462858  448998.986140
8185    655.542949  449053.842461
8186    655.623039  449108.698782
8187    655.703130  449163.555103
8188    655.783221  449218.411423
8189    655.863312  449273.267744
8190    655.943403  449328.124065
8191    656.023493  449382.980386
8192    656.103584  449437.836707
8193    656.183675  449492.693028
8194    656.263766  449547.549348
8195    656.343856  449602.405669
8196    656.423947  449657.261990
8197    656.504038  449712.118311
8198    656.584129  449766.974632
8199    656.664219  449821.830953
8200    656.744310  449876.687274
8201    656.824401  449931.543594
8202    656.904492  449986.399915
8203    656.984583  450041.256236
8204    657.064673  450096.112557
8205    657.144764  450150.968878
8206    657.224855  450205.825199
8207    657.304946  450260.681519
8208    657.385036  450315.537840
8209    657.465127  450370.394161
8210    657.545218  450425.250482
8211    657.625309  450480.106803
8212    657.705399  450534.963124
8213    657.785490  450589.819445
8214    657.865581  450644.675765
8215    657.945672  450699.532086
8216    658.025763  450754.388407
8217    658.105853  450809.244728
8218    658.185944  450864.101049
8219    658.266035  450918.957370
8220    658.346126  450973.813690
8221    658.426216  451028.670011
8222    658.506307  451083.526332
8223    658.586398  451138.382653
8224    658.666489  451193.238974
8225    658.746579  451248.095295
8226    658.826670  451302.951616
8227    658.906761  451357.807936
8228    658.986852  451412.664257
8229    659.066943  451467.520578
8230    659.147033  451522.376899
8231    659.227124  451577.233220
8232    659.307215  451632.089541
8233    659.387306  451686.945862
8234    659.467396  451741.802182
8235    659.547487  451796.658503
8236    659.627578  451851.514824
8237    659.707669  451906.371145
8238    659.787759  451961.227466
8239    659.867850  452016.083787
8240    659.947941  452070.940107
8241    660.028032  452125.796428
8242    660.108123  452180.652749
8243    660.188213  452235.509070
8244    660.268304  452290.365391
8245    660.348395  452345.221712
8246    660.428486  452400.078033
8247    660.508576  452454.934353
8248    660.588667  452509.790674
8249    660.668758  452564.646995
8250    660.748849  452619.503316
8251    660.828939  452674.359637
8252    660.909030  452729.215958
8253    660.989121  452784.072278
8254    661.069212  452838.928599
8255    661.149303  452893.784920
8256    661.229393  452948.641241
8257    661.309484  453003.497562
8258    661.389575  453058.353883
8259    661.469666  453113.210204
8260    661.549756  453168.066524
8261    661.629847  453222.922845
8262    661.709938  453277.779166
8263    661.790029  453332.635487
8264    661.870119  453387.491808
8265    661.950210  453442.348129
8266    662.030301  453497.204449
8267    662.110392  453552.060770
8268    662.190483  453606.917091
8269    662.270573  453661.773412
8270    662.350664  453716.629733
8271    662.430755  453771.486054
8272    662.510846  453826.342374
8273    662.590936  453881.198695
8274    662.671027  453936.055016
8275    662.751118  453990.911337
8276    662.831209  454045.767658
8277    662.911299  454100.623978
8278    662.991390  454155.480299
8279    663.071481  454210.336620
8280    663.151572  454265.192941
8281    663.231663  454320.049261
8282    663.311753  454374.905582
8283    663.391844  454429.761903
8284    663.471935  454484.618223
8285    663.552026  454539.474544
8286    663.632116  454594.330865
8287    663.712207  454649.187185
8288    663.792298  454704.043506
8289    663.872389  454758.899826
8290    663.952479  454813.756146
8291    664.032570  454868.612466
8292    664.112661  454923.468786
8293    664.192752  454978.325106
8294    664.272843  455033.181425
8295    664.352933  455088.037745
8296    664.433024  455142.894064
8297    664.513115  455197.750382
8298    664.593206  455252.606701
8299    664.673296  455307.463018
8300    664.753387  455362.319335
8301    664.833478  455417.175652
8302    664.913569  455472.031967
8303    664.993659  455526.888281
8304    665.073750  455581.744594
8305    665.153841  455636.600905
8306    665.233932  455691.457214
8307    665.314023  455746.313521
8308    665.394113  455801.169825
8309    665.474204  455856.026125
8310    665.554295  455910.882422
8311    665.634386  455965.738713
8312    665.714476  456020.594999
8313    665.794567  456075.451277
8314    665.874658  456130.307547
8315    665.954749  456185.163807
8316    666.034839  456240.020055
8317    666.114930  456294.876288
8318    666.195021  456349.732505
8319    666.275112  456404.588701
8320    666.355203  456459.444872
8321    666.435293  456514.301015
8322    666.515384  456569.157124
8323    666.595475  456624.013192
8324    666.675566  456678.869211
8325    666.755656  456733.725171
8326    666.835747  456788.581061
8327    666.915838  456843.436868
8328    666.995929  456898.292574
8329    667.076019  456953.148160
8330    667.156110  457008.003600
8331    667.236201  457062.858866
8332    667.316292  457117.713920
8333    667.396383  457172.568720
8334    667.476473  457227.423213
8335    667.556564  457282.277333
8336    667.636655  457337.131005
8337    667.716746  457391.984133
8338    667.796836  457446.836606
8339    667.876927  457501.688286
8340    667.957018  457556.539011
8341    668.037109  457611.388584
8342    668.117199  457666.236772
8343    668.197290  457721.083296
8344    668.277381  457775.927826
8345    668.357472  457830.769969
8346    668.437563  457885.609265
8347    668.517653  457940.445170
8348    668.597744  457995.277049
8349    668.677835  458050.104159
8350    668.757926  458104.925639
8351    668.838016  458159.740488
8352    668.918107  458214.547553
8353    668.998198  458269.345507
8354    669.078289  458324.132829
8355    669.158379  458378.907786
8356    669.238470  458433.668404
8357    669.318561  458488.412449
8358    669.398652  458543.137400
8359    669.478743  458597.840420
8360    669.558833  458652.518333
8361    669.638924  458707.167593
8362    669.719015  458761.784256
8363    669.799106  458816.363952
8364    669.879196  458870.901858
8365    669.959287  458925.392665
8366    670.039378  458979.830555
8367    670.119469  459034.209174
8368    670.199560  459088.521605
8369    670.279650  459142.760349
8370    670.359741  459196.917303
8371    670.439832  459250.983745
8372    670.519923  459304.950323
8373    670.600013  459358.807041
8374    670.680104  459412.543265
8375    670.760195  459466.147720
8376    670.840286  459519.608501
8377    670.920376  459572.913091
8378    671.000467  459626.048384
8379    671.080558  459679.000719
8380    671.160649  459731.755919
8381    671.240740  459784.299342
8382    671.320830  459836.615939
8383    671.400921  459888.690320
8384    671.481012  459940.506832
8385    671.561103  459992.049638
8386    671.641193  460043.302812
8387    671.721284  460094.250431
8388    671.801375  460144.876680
8389    671.881466  460195.165954
8390    671.961556  460245.102966
8391    672.041647  460294.672853
8392    672.121738  460343.861282
8393    672.201829  460392.654554
8394    672.281920  460441.039694
8395    672.362010  460489.004550
8396    672.442101  460536.537867
8397    672.522192  460583.629363
8398    672.602283  460630.269787
8399    672.682373  460676.450968
8400    672.762464  460722.165855
8401    672.842555  460767.408534
8402    672.922646  460812.174247
8403    673.002736  460856.459385
8404    673.082827  460900.261477
8405    673.162918  460943.579168
8406    673.243009  460986.412185
8407    673.323100  461028.761295
8408    673.403190  461070.628253
8409    673.483281  461112.015752
8410    673.563372  461152.927357
8411    673.643463  461193.367447
8412    673.723553  461233.341142
8413    673.803644  461272.854241
8414    673.883735  461311.913154
8415    673.963826  461350.524829
8416    674.043916  461388.696696
8417    674.124007  461426.436595
8418    674.204098  461463.752720
8419    674.284189  461500.653558
8420    674.364280  461537.147839
8421    674.444370  461573.244482
8422    674.524461  461608.952546
8423    674.604552  461644.281192
8424    674.684643  461679.239640
8425    674.764733  461713.837132
8426    674.844824  461748.082901
8427    674.924915  461781.986145
8428    675.005006  461815.555995
8429    675.085096  461848.801497
8430    675.165187  461881.731590
8431    675.245278  461914.355091
8432    675.325369  461946.680677
8433    675.405460  461978.716877
8434    675.485550  462010.472057
8435    675.565641  462041.954413
8436    675.645732  462073.171968
8437    675.725823  462104.132559
8438    675.805913  462134.843843
8439    675.886004  462165.313283
8440    675.966095  462195.548157
8441    676.046186  462225.555549
8442    676.126276  462255.342355
8443    676.206367  462284.915280
8444    676.286458  462314.280842
8445    676.366549  462343.445371
8446    676.446640  462372.415016
8447    676.526730  462401.195743
8448    676.606821  462429.793341
8449    676.686912  462458.213425
8450    676.767003  462486.461439
8451    676.847093  462514.542659
8452    676.927184  462542.462201
8453    677.007275  462570.225020
8454    677.087366  462597.835916
8455    677.167456  462625.299539
8456    677.247547  462652.620392
8457    677.327638  462679.802836
8458    677.407729  462706.851094
8459    677.487820  462733.769254
8460    677.567910  462760.561274
8461    677.648001  462787.230986
8462    677.728092  462813.782099
8463    677.808183  462840.218203
8464    677.888273  462866.542776
8465    677.968364  462892.759182
8466    678.048455  462918.870678
8467    678.128546  462944.880419
8468    678.208636  462970.791456
8469    678.288727  462996.606745
8470    678.368818  463022.329148
8471    678.448909  463047.961433
8472    678.529000  463073.506285
8473    678.609090  463098.966299
8474    678.689181  463124.343990
8475    678.769272  463149.641794
8476    678.849363  463174.862068
8477    678.929453  463200.007098
8478    679.009544  463225.079095
8479    679.089635  463250.080202
8480    679.169726  463275.012494
8481    679.249816  463299.877984
8482    679.329907  463324.678618
8483    679.409998  463349.416284
8484    679.490089  463374.092812
8485    679.570180  463398.709974
8486    679.650270  463423.269487
8487    679.730361  463447.773017
8488    679.810452  463472.222176
8489    679.890543  463496.618529
8490    679.970633  463520.963592
8491    680.050724  463545.258835
8492    680.130815  463569.505683
8493    680.210906  463593.705517
8494    680.290996  463617.859679
8495    680.371087  463641.969466
8496    680.451178  463666.036140
8497    680.531269  463690.060923
8498    680.611360  463714.045000
8499    680.691450  463737.989521
8500    680.771541  463761.895602
8501    680.851632  463785.764325
8502    680.931723  463809.596740
8503    681.011813  463833.393867
8504    681.091904  463857.156694
8505    681.171995  463880.886181
8506    681.252086  463904.583258
8507    681.332176  463928.248830
8508    681.412267  463951.883773
8509    681.492358  463975.488940
8510    681.572449  463999.065156
8511    681.652540  464022.613224
8512    681.732630  464046.133923
8513    681.812721  464069.628009
8514    681.892812  464093.096217
8515    681.972903  464116.539259
8516    682.052993  464139.957828
8517    682.133084  464163.352596
8518    682.213175  464186.724216
8519    682.293266  464210.073323
8520    682.373356  464233.400532
8521    682.453447  464256.706441
8522    682.533538  464279.991632
8523    682.613629  464303.256668
8524    682.693720  464326.502099
8525    682.773810  464349.728456
8526    682.853901  464372.936258
8527    682.933992  464396.126007
8528    683.014083  464419.298191
8529    683.094173  464442.453286
8530    683.174264  464465.591752
8531    683.254355  464488.714037
8532    683.334446  464511.820578
8533    683.414536  464534.911796
8534    683.494627  464557.988104
8535    683.574718  464581.049900
8536    683.654809  464604.097575
8537    683.734900  464627.131504
8538    683.814990  464650.152055
8539    683.895081  464673.159584
8540    683.975172  464696.154439
8541    684.055263  464719.136956
8542    684.135353  464742.107462
8543    684.215444  464765.066277
8544    684.295535  464788.013709
8545    684.375626  464810.950060
8546    684.455716  464833.875622
8547    684.535807  464856.790680
8548    684.615898  464879.695509
8549    684.695989  464902.590380
8550    684.776080  464925.475553
8551    684.856170  464948.351283
8552    684.936261  464971.217816
8553    685.016352  464994.075393
8554    685.096443  465016.924247
8555    685.176533  465039.764607
8556    685.256624  465062.596692
8557    685.336715  465085.420718
8558    685.416806  465108.236893
8559    685.496896  465131.045421
8560    685.576987  465153.846499
8561    685.657078  465176.640320
8562    685.737169  465199.427070
8563    685.817260  465222.206931
8564    685.897350  465244.980080
8565    685.977441  465267.746688
8566    686.057532  465290.506924
8567    686.137623  465313.260949
8568    686.217713  465336.008922
8569    686.297804  465358.750997
8570    686.377895  465381.487323
8571    686.457986  465404.218046
8572    686.538076  465426.943307
8573    686.618167  465449.663245
8574    686.698258  465472.377992
8575    686.778349  465495.087681
8576    686.858440  465517.792436
8577    686.938530  465540.492382
8578    687.018621  465563.187638
8579    687.098712  465585.878322
8580    687.178803  465608.564546
8581    687.258893  465631.246422
8582    687.338984  465653.924056
8583    687.419075  465676.597553
8584    687.499166  465699.267015
8585    687.579256  465721.932540
8586    687.659347  465744.594225
8587    687.739438  465767.252164
8588    687.819529  465789.906448
8589    687.899620  465812.557165
8590    687.979710  465835.204401
8591    688.059801  465857.848240
8592    688.139892  465880.488765
8593    688.219983  465903.126053
8594    688.300073  465925.760183
8595    688.380164  465948.391230
8596    688.460255  465971.019267
8597    688.540346  465993.644365
8598    688.620436  466016.266593
8599    688.700527  466038.886019
8600    688.780618  466061.502708
8601    688.860709  466084.116723
8602    688.940800  466106.728128
8603    689.020890  466129.336982
8604    689.100981  466151.943344
8605    689.181072  466174.547272
8606    689.261163  466197.148820
8607    689.341253  466219.748044
8608    689.421344  466242.344995
8609    689.501435  466264.939725
8610    689.581526  466287.532284
8611    689.661616  466310.122720
8612    689.741707  466332.711081
8613    689.821798  466355.297413
8614    689.901889  466377.881759
8615    689.981980  466400.464165
8616    690.062070  466423.044671
8617    690.142161  466445.623320
8618    690.222252  466468.200152
8619    690.302343  466490.775204
8620    690.382433  466513.348517
8621    690.462524  466535.920125
8622    690.542615  466558.490066
8623    690.622706  466581.058375
8624    690.702797  466603.625085
8625    690.782887  466626.190229
8626    690.862978  466648.753840
8627    690.943069  466671.315950
8628    691.023160  466693.876588
8629    691.103250  466716.435784
8630    691.183341  466738.993569
8631    691.263432  466761.549968
8632    691.343523  466784.105011
8633    691.423613  466806.658724
8634    691.503704  466829.211132
8635    691.583795  466851.762261
8636    691.663886  466874.312136
8637    691.743977  466896.860780
8638    691.824067  466919.408217
8639    691.904158  466941.954469
8640    691.984249  466964.499559
8641    692.064340  466987.043508
8642    692.144430  467009.586336
8643    692.224521  467032.128065
8644    692.304612  467054.668714
8645    692.384703  467077.208302
8646    692.464793  467099.746849
8647    692.544884  467122.284371
8648    692.624975  467144.820888
8649    692.705066  467167.356417
8650    692.785157  467189.890973
8651    692.865247  467212.424574
8652    692.945338  467234.957236
8653    693.025429  467257.488974
8654    693.105520  467280.019803
8655    693.185610  467302.549738
8656    693.265701  467325.078794
8657    693.345792  467347.606983
8658    693.425883  467370.134321
8659    693.505973  467392.660819
8660    693.586064  467415.186492
8661    693.666155  467437.711351
8662    693.746246  467460.235408
8663    693.826337  467482.758676
8664    693.906427  467505.281166
8665    693.986518  467527.802889
8666    694.066609  467550.323857
8667    694.146700  467572.844079
8668    694.226790  467595.363567
8669    694.306881  467617.882330
8670    694.386972  467640.400378
8671    694.467063  467662.917721
8672    694.547153  467685.434369
8673    694.627244  467707.950329
8674    694.707335  467730.465611
8675    694.787426  467752.980224
8676    694.867517  467775.494176
8677    694.947607  467798.007475
8678    695.027698  467820.520130
8679    695.107789  467843.032147
8680    695.187880  467865.543534
8681    695.267970  467888.054299
8682    695.348061  467910.564449
8683    695.428152  467933.073991
8684    695.508243  467955.582931
8685    695.588333  467978.091277
8686    695.668424  468000.599034
8687    695.748515  468023.106208
8688    695.828606  468045.612807
8689    695.908697  468068.118836
8690    695.988787  468090.624300
8691    696.068878  468113.129205
8692    696.148969  468135.633557
8693    696.229060  468158.137362
8694    696.309150  468180.640623
8695    696.389241  468203.143347
8696    696.469332  468225.645538
8697    696.549423  468248.147201
8698    696.629513  468270.648340
8699    696.709604  468293.148961
8700    696.789695  468315.649068
8701    696.869786  468338.148664
8702    696.949877  468360.647755
8703    697.029967  468383.146344
8704    697.110058  468405.644436
8705    697.190149  468428.142033
8706    697.270240  468450.639141
8707    697.350330  468473.135762
8708    697.430421  468495.631901
8709    697.510512  468518.127561
8710    697.590603  468540.622744
8711    697.670693  468563.117456
8712    697.750784  468585.611698
8713    697.830875  468608.105473
8714    697.910966  468630.598786
8715    697.991057  468653.091640
8716    698.071147  468675.584036
8717    698.151238  468698.075977
8718    698.231329  468720.567468
8719    698.311420  468743.058509
8720    698.391510  468765.549105
8721    698.471601  468788.039257
8722    698.551692  468810.528968
8723    698.631783  468833.018241
8724    698.711873  468855.507077
8725    698.791964  468877.995480
8726    698.872055  468900.483451
8727    698.952146  468922.970993
8728    699.032237  468945.458107
8729    699.112327  468967.944797
8730    699.192418  468990.431063
8731    699.272509  469012.916908
8732    699.352600  469035.402335
8733    699.432690  469057.887344
8734    699.512781  469080.371937
8735    699.592872  469102.856117
8736    699.672963  469125.339886
8737    699.753053  469147.823244
8738    699.833144  469170.306194
8739    699.913235  469192.788737
8740    699.993326  469215.270875
8741    700.073417  469237.752609
8742    700.153507  469260.233941
8743    700.233598  469282.714873
8744    700.313689  469305.195406
8745    700.393780  469327.675540
8746    700.473870  469350.155279
8747    700.553961  469372.634622
8748    700.634052  469395.113572
8749    700.714143  469417.592129
8750    700.794233  469440.070295
8751    700.874324  469462.548072
8752    700.954415  469485.025459
8753    701.034506  469507.502459
8754    701.114597  469529.979072
8755    701.194687  469552.455301
8756    701.274778  469574.931144
8757    701.354869  469597.406605
8758    701.434960  469619.881684
8759    701.515050  469642.356381
8760    701.595141  469664.830698
8761    701.675232  469687.304637
8762    701.755323  469709.778196
8763    701.835413  469732.251379
8764    701.915504  469754.724185
8765    701.995595  469777.196616
8766    702.075686  469799.668672
8767    702.155777  469822.140354
8768    702.235867  469844.611663
8769    702.315958  469867.082600
8770    702.396049  469889.553166
8771    702.476140  469912.023361
8772    702.556230  469934.493186
8773    702.636321  469956.962642
8774    702.716412  469979.431730
8775    702.796503  470001.900450
8776    702.876593  470024.368803
8777    702.956684  470046.836790
8778    703.036775  470069.304411
8779    703.116866  470091.771667
8780    703.196957  470114.238558
8781    703.277047  470136.705086
8782    703.357138  470159.171251
8783    703.437229  470181.637053
8784    703.517320  470204.102494
8785    703.597410  470226.567573
8786    703.677501  470249.032291
8787    703.757592  470271.496649
8788    703.837683  470293.960647
8789    703.917773  470316.424286
8790    703.997864  470338.887566
8791    704.077955  470361.350488
8792    704.158046  470383.813053
8793    704.238137  470406.275260
8794    704.318227  470428.737111
8795    704.398318  470451.198605
8796    704.478409  470473.659744
8797    704.558500  470496.120527
8798    704.638590  470518.580956
8799    704.718681  470541.041030
8800    704.798772  470563.500750
8801    704.878863  470585.960117
8802    704.958953  470608.419130
8803    705.039044  470630.877791
8804    705.119135  470653.336099
8805    705.199226  470675.794056
8806    705.279317  470698.251661
8807    705.359407  470720.708915
8808    705.439498  470743.165818
8809    705.519589  470765.622370
8810    705.599680  470788.078573
8811    705.679770  470810.534425
8812    705.759861  470832.989929
8813    705.839952  470855.445083
8814    705.920043  470877.899889
8815    706.000133  470900.354347
8816    706.080224  470922.808456
8817    706.160315  470945.262218
8818    706.240406  470967.715632
8819    706.320497  470990.168700
8820    706.400587  471012.621420
8821    706.480678  471035.073794
8822    706.560769  471057.525823
8823    706.640860  471079.977505
8824    706.720950  471102.428842
8825    706.801041  471124.879833
8826    706.881132  471147.330480
8827    706.961223  471169.780781
8828    707.041313  471192.230739
8829    707.121404  471214.680352
8830    707.201495  471237.129622
8831    707.281586  471259.578547
8832    707.361677  471282.027130
8833    707.441767  471304.475369
8834    707.521858  471326.923266
8835    707.601949  471349.370820
8836    707.682040  471371.818032
8837    707.762130  471394.264902
8838    707.842221  471416.711430
8839    707.922312  471439.157616
8840    708.002403  471461.603461
8841    708.082493  471484.048965
8842    708.162584  471506.494128
8843    708.242675  471528.938950
8844    708.322766  471551.383432
8845    708.402857  471573.827574
8846    708.482947  471596.271376
8847    708.563038  471618.714838
8848    708.643129  471641.157961
8849    708.723220  471663.600744
8850    708.803310  471686.043189
8851    708.883401  471708.485294
8852    708.963492  471730.927061
8853    709.043583  471753.368489
8854    709.123673  471775.809580
8855    709.203764  471798.250332
8856    709.283855  471820.690746
8857    709.363946  471843.130823
8858    709.444037  471865.570562
8859    709.524127  471888.009964
8860    709.604218  471910.449029
8861    709.684309  471932.887757
8862    709.764400  471955.326149
8863    709.844490  471977.764204
8864    709.924581  472000.201923
8865    710.004672  472022.639306
8866    710.084763  472045.076353
8867    710.164854  472067.513064
8868    710.244944  472089.949440
8869    710.325035  472112.385480
8870    710.405126  472134.821186
8871    710.485217  472157.256556
8872    710.565307  472179.691592
8873    710.645398  472202.126293
8874    710.725489  472224.560659
8875    710.805580  472246.994692
8876    710.885670  472269.428390
8877    710.965761  472291.861755
8878    711.045852  472314.294786
8879    711.125943  472336.727483
8880    711.206034  472359.159847
8881    711.286124  472381.591877
8882    711.366215  472404.023575
8883    711.446306  472426.454940
8884    711.526397  472448.885972
8885    711.606487  472471.316672
8886    711.686578  472493.747039
8887    711.766669  472516.177074
8888    711.846760  472538.606778
8889    711.926850  472561.036149
8890    712.006941  472583.465189
8891    712.087032  472605.893897
8892    712.167123  472628.322273
8893    712.247214  472650.750319
8894    712.327304  472673.178034
8895    712.407395  472695.605417
8896    712.487486  472718.032470
8897    712.567577  472740.459192
8898    712.647667  472762.885584
8899    712.727758  472785.311646
8900    712.807849  472807.737378
8901    712.887940  472830.162780
8902    712.968030  472852.587851
8903    713.048121  472875.012594
8904    713.128212  472897.437007
8905    713.208303  472919.861090
8906    713.288394  472942.284845
8907    713.368484  472964.708270
8908    713.448575  472987.131366
8909    713.528666  473009.554134
8910    713.608757  473031.976574
8911    713.688847  473054.398684
8912    713.768938  473076.820467
8913    713.849029  473099.241922
8914    713.929120  473121.663048
8915    714.009210  473144.083847
8916    714.089301  473166.504318
8917    714.169392  473188.924462
8918    714.249483  473211.344278
8919    714.329574  473233.763767
8920    714.409664  473256.182929
8921    714.489755  473278.601764
8922    714.569846  473301.020272
8923    714.649937  473323.438454
8924    714.730027  473345.856309
8925    714.810118  473368.273838
8926    714.890209  473390.691041
8927    714.970300  473413.107918
8928    715.050390  473435.524468
8929    715.130481  473457.940693
8930    715.210572  473480.356593
8931    715.290663  473502.772167
8932    715.370754  473525.187415
8933    715.450844  473547.602339
8934    715.530935  473570.016937
8935    715.611026  473592.431211
8936    715.691117  473614.845159
8937    715.771207  473637.258783
8938    715.851298  473659.672083
8939    715.931389  473682.085058
8940    716.011480  473704.497709
8941    716.091570  473726.910037
8942    716.171661  473749.322040
8943    716.251752  473771.733719
8944    716.331843  473794.145075
8945    716.411934  473816.556107
8946    716.492024  473838.966816
8947    716.572115  473861.377202
8948    716.652206  473883.787264
8949    716.732297  473906.197004
8950    716.812387  473928.606421
8951    716.892478  473951.015515
8952    716.972569  473973.424287
8953    717.052660  473995.832736
8954    717.132750  474018.240863
8955    717.212841  474040.648668
8956    717.292932  474063.056151
8957    717.373023  474085.463312
8958    717.453114  474107.870151
8959    717.533204  474130.276669
8960    717.613295  474152.682865
8961    717.693386  474175.088740
8962    717.773477  474197.494294
8963    717.853567  474219.899527
8964    717.933658  474242.304439
8965    718.013749  474264.709030
8966    718.093840  474287.113301
8967    718.173930  474309.517251
8968    718.254021  474331.920881
8969    718.334112  474354.324190
8970    718.414203  474376.727180
8971    718.494294  474399.129849
8972    718.574384  474421.532199
8973    718.654475  474443.934229
8974    718.734566  474466.335940
8975    718.814657  474488.737331
8976    718.894747  474511.138403
8977    718.974838  474533.539155
8978    719.054929  474555.939589
8979    719.135020  474578.339704
8980    719.215110  474600.739500
8981    719.295201  474623.138977
8982    719.375292  474645.538136
8983    719.455383  474667.936976
8984    719.535474  474690.335499
8985    719.615564  474712.733703
8986    719.695655  474735.131589
8987    719.775746  474757.529158
8988    719.855837  474779.926408
8989    719.935927  474802.323341
8990    720.016018  474824.719957
8991    720.096109  474847.116256
8992    720.176200  474869.512237
8993    720.256290  474891.907901
8994    720.336381  474914.303248
8995    720.416472  474936.698279
8996    720.496563  474959.092993
8997    720.576654  474981.487390
8998    720.656744  475003.881471
8999    720.736835  475026.275236
9000    720.816926  475048.668685
9001    720.897017  475071.061817
9002    720.977107  475093.454634
9003    721.057198  475115.847135
9004    721.137289  475138.239320
9005    721.217380  475160.631190
9006    721.297470  475183.022745
9007    721.377561  475205.413984
9008    721.457652  475227.804908
9009    721.537743  475250.195518
9010    721.617834  475272.585812
9011    721.697924  475294.975792
9012    721.778015  475317.365457
9013    721.858106  475339.754808
9014    721.938197  475362.143844
9015    722.018287  475384.532566
9016    722.098378  475406.920974
9017    722.178469  475429.309069
9018    722.258560  475451.696849
9019    722.338650  475474.084316
9020    722.418741  475496.471469
9021    722.498832  475518.858308
9022    722.578923  475541.244835
9023    722.659014  475563.631048
9024    722.739104  475586.016948
9025    722.819195  475608.402535
9026    722.899286  475630.787810
9027    722.979377  475653.172772
9028    723.059467  475675.557421
9029    723.139558  475697.941758
9030    723.219649  475720.325782
9031    723.299740  475742.709495
9032    723.379830  475765.092895
9033    723.459921  475787.475984
9034    723.540012  475809.858760
9035    723.620103  475832.241225
9036    723.700194  475854.623379
9037    723.780284  475877.005221
9038    723.860375  475899.386752
9039    723.940466  475921.767972
9040    724.020557  475944.148880
9041    724.100647  475966.529478
9042    724.180738  475988.909765
9043    724.260829  476011.289741
9044    724.340920  476033.669407
9045    724.421010  476056.048763
9046    724.501101  476078.427808
9047    724.581192  476100.806543
9048    724.661283  476123.184968
9049    724.741374  476145.563083
9050    724.821464  476167.940888
9051    724.901555  476190.318384
9052    724.981646  476212.695570
9053    725.061737  476235.072446
9054    725.141827  476257.449014
9055    725.221918  476279.825272
9056    725.302009  476302.201221
9057    725.382100  476324.576862
9058    725.462190  476346.952193
9059    725.542281  476369.327216
9060    725.622372  476391.701931
9061    725.702463  476414.076336
9062    725.782554  476436.450434
9063    725.862644  476458.824224
9064    725.942735  476481.197705
9065    726.022826  476503.570879
9066    726.102917  476525.943744
9067    726.183007  476548.316302
9068    726.263098  476570.688553
9069    726.343189  476593.060496
9070    726.423280  476615.432132
9071    726.503370  476637.803460
9072    726.583461  476660.174482
9073    726.663552  476682.545197
9074    726.743643  476704.915604
9075    726.823734  476727.285706
9076    726.903824  476749.655500
9077    726.983915  476772.024988
9078    727.064006  476794.394170
9079    727.144097  476816.763045
9080    727.224187  476839.131615
9081    727.304278  476861.499878
9082    727.384369  476883.867836
9083    727.464460  476906.235488
9084    727.544550  476928.602835
9085    727.624641  476950.969875
9086    727.704732  476973.336611
9087    727.784823  476995.703041
9088    727.864914  477018.069166
9089    727.945004  477040.434987
9090    728.025095  477062.800502
9091    728.105186  477085.165713
9092    728.185277  477107.530619
9093    728.265367  477129.895220
9094    728.345458  477152.259517
9095    728.425549  477174.623510
9096    728.505640  477196.987199
9097    728.585730  477219.350583
9098    728.665821  477241.713664
9099    728.745912  477264.076441
9100    728.826003  477286.438914
9101    728.906094  477308.801084
9102    728.986184  477331.162951
9103    729.066275  477353.524514
9104    729.146366  477375.885773
9105    729.226457  477398.246730
9106    729.306547  477420.607384
9107    729.386638  477442.967735
9108    729.466729  477465.327783
9109    729.546820  477487.687529
9110    729.626910  477510.046972
9111    729.707001  477532.406113
9112    729.787092  477554.764952
9113    729.867183  477577.123489
9114    729.947274  477599.481723
9115    730.027364  477621.839656
9116    730.107455  477644.197287
9117    730.187546  477666.554616
9118    730.267637  477688.911644
9119    730.347727  477711.268371
9120    730.427818  477733.624796
9121    730.507909  477755.980920
9122    730.588000  477778.336743
9123    730.668091  477800.692265
9124    730.748181  477823.047486
9125    730.828272  477845.402407
9126    730.908363  477867.757027
9127    730.988454  477890.111346
9128    731.068544  477912.465365
9129    731.148635  477934.819084
9130    731.228726  477957.172503
9131    731.308817  477979.525622
9132    731.388907  478001.878441
9133    731.468998  478024.230961
9134    731.549089  478046.583180
9135    731.629180  478068.935100
9136    731.709271  478091.286721
9137    731.789361  478113.638043
9138    731.869452  478135.989065
9139    731.949543  478158.339788
9140    732.029634  478180.690213
9141    732.109724  478203.040338
9142    732.189815  478225.390165
9143    732.269906  478247.739693
9144    732.349997  478270.088923
9145    732.430087  478292.437855
9146    732.510178  478314.786488
9147    732.590269  478337.134823
9148    732.670360  478359.482860
9149    732.750451  478381.830600
9150    732.830541  478404.178041
9151    732.910632  478426.525185
9152    732.990723  478448.872032
9153    733.070814  478471.218581
9154    733.150904  478493.564832
9155    733.230995  478515.910787
9156    733.311086  478538.256444
9157    733.391177  478560.601805
9158    733.471267  478582.946868
9159    733.551358  478605.291635
9160    733.631449  478627.636105
9161    733.711540  478649.980279
9162    733.791631  478672.324157
9163    733.871721  478694.667738
9164    733.951812  478717.011023
9165    734.031903  478739.354012
9166    734.111994  478761.696705
9167    734.192084  478784.039102
9168    734.272175  478806.381204
9169    734.352266  478828.723010
9170    734.432357  478851.064521
9171    734.512447  478873.405736
9172    734.592538  478895.746656
9173    734.672629  478918.087281
9174    734.752720  478940.427611
9175    734.832811  478962.767646
9176    734.912901  478985.107386
9177    734.992992  479007.446832
9178    735.073083  479029.785983
9179    735.153174  479052.124840
9180    735.233264  479074.463402
9181    735.313355  479096.801670
9182    735.393446  479119.139644
9183    735.473537  479141.477324
9184    735.553627  479163.814710
9185    735.633718  479186.151803
9186    735.713809  479208.488602
9187    735.793900  479230.825107
9188    735.873991  479253.161319
9189    735.954081  479275.497238
9190    736.034172  479297.832863
9191    736.114263  479320.168195
9192    736.194354  479342.503235
9193    736.274444  479364.837981
9194    736.354535  479387.172435
9195    736.434626  479409.506596
9196    736.514717  479431.840465
9197    736.594807  479454.174042
9198    736.674898  479476.507326
9199    736.754989  479498.840318
9200    736.835080  479521.173017
9201    736.915171  479543.505425
9202    736.995261  479565.837541
9203    737.075352  479588.169366
9204    737.155443  479610.500898
9205    737.235534  479632.832140
9206    737.315624  479655.163090
9207    737.395715  479677.493748
9208    737.475806  479699.824116
9209    737.555897  479722.154192
9210    737.635987  479744.483978
9211    737.716078  479766.813472
9212    737.796169  479789.142676
9213    737.876260  479811.471589
9214    737.956351  479833.800212
9215    738.036441  479856.128545
9216    738.116532  479878.456587
9217    738.196623  479900.784339
9218    738.276714  479923.111801
9219    738.356804  479945.438973
9220    738.436895  479967.765855
9221    738.516986  479990.092448
9222    738.597077  480012.418751
9223    738.677167  480034.744764
9224    738.757258  480057.070488
9225    738.837349  480079.395923
9226    738.917440  480101.721069
9227    738.997531  480124.045925
9228    739.077621  480146.370493
9229    739.157712  480168.694772
9230    739.237803  480191.018762
9231    739.317894  480213.342463
9232    739.397984  480235.665876
9233    739.478075  480257.989001
9234    739.558166  480280.311837
9235    739.638257  480302.634385
9236    739.718347  480324.956645
9237    739.798438  480347.278617
9238    739.878529  480369.600302
9239    739.958620  480391.921698
9240    740.038711  480414.242807
9241    740.118801  480436.563629
9242    740.198892  480458.884163
9243    740.278983  480481.204409
9244    740.359074  480503.524369
9245    740.439164  480525.844041
9246    740.519255  480548.163427
9247    740.599346  480570.482525
9248    740.679437  480592.801337
9249    740.759527  480615.119862
9250    740.839618  480637.438101
9251    740.919709  480659.756053
9252    740.999800  480682.073719
9253    741.079891  480704.391099
9254    741.159981  480726.708193
9255    741.240072  480749.025001
9256    741.320163  480771.341522
9257    741.400254  480793.657758
9258    741.480344  480815.973709
9259    741.560435  480838.289373
9260    741.640526  480860.604753
9261    741.720617  480882.919847
9262    741.800707  480905.234656
9263    741.880798  480927.549179
9264    741.960889  480949.863418
9265    742.040980  480972.177371
9266    742.121071  480994.491040
9267    742.201161  481016.804425
9268    742.281252  481039.117524
9269    742.361343  481061.430339
9270    742.441434  481083.742870
9271    742.521524  481106.055117
9272    742.601615  481128.367079
9273    742.681706  481150.678757
9274    742.761797  481172.990152
9275    742.841887  481195.301262
9276    742.921978  481217.612089
9277    743.002069  481239.922632
9278    743.082160  481262.232892
9279    743.162251  481284.542868
9280    743.242341  481306.852561
9281    743.322432  481329.161970
9282    743.402523  481351.471097
9283    743.482614  481373.779941
9284    743.562704  481396.088501
9285    743.642795  481418.396779
9286    743.722886  481440.704775
9287    743.802977  481463.012488
9288    743.883067  481485.319918
9289    743.963158  481507.627066
9290    744.043249  481529.933931
9291    744.123340  481552.240515
9292    744.203431  481574.546817
9293    744.283521  481596.852836
9294    744.363612  481619.158574
9295    744.443703  481641.464030
9296    744.523794  481663.769205
9297    744.603884  481686.074098
9298    744.683975  481708.378709
9299    744.764066  481730.683039
9300    744.844157  481752.987088
9301    744.924247  481775.290856
9302    745.004338  481797.594344
9303    745.084429  481819.897550
9304    745.164520  481842.200475
9305    745.244611  481864.503120
9306    745.324701  481886.805484
9307    745.404792  481909.107568
9308    745.484883  481931.409371
9309    745.564974  481953.710894
9310    745.645064  481976.012137
9311    745.725155  481998.313100
9312    745.805246  482020.613783
9313    745.885337  482042.914186
9314    745.965427  482065.214310
9315    746.045518  482087.514154
9316    746.125609  482109.813718
9317    746.205700  482132.113003
9318    746.285791  482154.412009
9319    746.365881  482176.710735
9320    746.445972  482199.009183
9321    746.526063  482221.307351
9322    746.606154  482243.605240
9323    746.686244  482265.902851
9324    746.766335  482288.200183
9325    746.846426  482310.497236
9326    746.926517  482332.794011
9327    747.006607  482355.090508
9328    747.086698  482377.386726
9329    747.166789  482399.682666
9330    747.246880  482421.978328
9331    747.326971  482444.273713
9332    747.407061  482466.568819
9333    747.487152  482488.863647
9334    747.567243  482511.158198
9335    747.647334  482533.452472
9336    747.727424  482555.746468
9337    747.807515  482578.040186
9338    747.887606  482600.333627
9339    747.967697  482622.626792
9340    748.047787  482644.919679
9341    748.127878  482667.212289
9342    748.207969  482689.504622
9343    748.288060  482711.796679
9344    748.368151  482734.088459
9345    748.448241  482756.379962
9346    748.528332  482778.671190
9347    748.608423  482800.962140
9348    748.688514  482823.252815
9349    748.768604  482845.543213
9350    748.848695  482867.833336
9351    748.928786  482890.123182
9352    749.008877  482912.412753
9353    749.088967  482934.702048
9354    749.169058  482956.991068
9355    749.249149  482979.279812
9356    749.329240  483001.568280
9357    749.409331  483023.856473
9358    749.489421  483046.144391
9359    749.569512  483068.432034
9360    749.649603  483090.719402
9361    749.729694  483113.006495
9362    749.809784  483135.293314
9363    749.889875  483157.579857
9364    749.969966  483179.866126
9365    750.050057  483202.152121
9366    750.130148  483224.437841
9367    750.210238  483246.723287
9368    750.290329  483269.008458
9369    750.370420  483291.293356
9370    750.450511  483313.577979
9371    750.530601  483335.862329
9372    750.610692  483358.146405
9373    750.690783  483380.430207
9374    750.770874  483402.713736
9375    750.850964  483424.996991
9376    750.931055  483447.279973
9377    751.011146  483469.562681
9378    751.091237  483491.845117
9379    751.171328  483514.127279
9380    751.251418  483536.409168
9381    751.331509  483558.690785
9382    751.411600  483580.972128
9383    751.491691  483603.253199
9384    751.571781  483625.533998
9385    751.651872  483647.814523
9386    751.731963  483670.094777
9387    751.812054  483692.374758
9388    751.892144  483714.654467
9389    751.972235  483736.933904
9390    752.052326  483759.213069
9391    752.132417  483781.491962
9392    752.212508  483803.770584
9393    752.292598  483826.048933
9394    752.372689  483848.327011
9395    752.452780  483870.604818
9396    752.532871  483892.882353
9397    752.612961  483915.159617
9398    752.693052  483937.436609
9399    752.773143  483959.713331
9400    752.853234  483981.989782
9401    752.933324  484004.265961
9402    753.013415  484026.541870
9403    753.093506  484048.817508
9404    753.173597  484071.092876
9405    753.253688  484093.367973
9406    753.333778  484115.642800
9407    753.413869  484137.917356
9408    753.493960  484160.191643
9409    753.574051  484182.465659
9410    753.654141  484204.739405
9411    753.734232  484227.012881
9412    753.814323  484249.286087
9413    753.894414  484271.559024
9414    753.974504  484293.831691
9415    754.054595  484316.104089
9416    754.134686  484338.376217
9417    754.214777  484360.648076
9418    754.294868  484382.919665
9419    754.374958  484405.190986
9420    754.455049  484427.462037
9421    754.535140  484449.732820
9422    754.615231  484472.003333
9423    754.695321  484494.273578
9424    754.775412  484516.543554
9425    754.855503  484538.813262
9426    754.935594  484561.082702
9427    755.015684  484583.351873
9428    755.095775  484605.620775
9429    755.175866  484627.889410
9430    755.255957  484650.157776
9431    755.336048  484672.425875
9432    755.416138  484694.693706
9433    755.496229  484716.961268
9434    755.576320  484739.228564
9435    755.656411  484761.495591
9436    755.736501  484783.762352
9437    755.816592  484806.028844
9438    755.896683  484828.295070
9439    755.976774  484850.561028
9440    756.056864  484872.826720
9441    756.136955  484895.092144
9442    756.217046  484917.357301
9443    756.297137  484939.622192
9444    756.377228  484961.886816
9445    756.457318  484984.151173
9446    756.537409  485006.415264
9447    756.617500  485028.679088
9448    756.697591  485050.942646
9449    756.777681  485073.205938
9450    756.857772  485095.468964
9451    756.937863  485117.731724
9452    757.017954  485139.994217
9453    757.098044  485162.256445
9454    757.178135  485184.518407
9455    757.258226  485206.780104
9456    757.338317  485229.041535
9457    757.418408  485251.302700
9458    757.498498  485273.563600
9459    757.578589  485295.824235
9460    757.658680  485318.084605
9461    757.738771  485340.344709
9462    757.818861  485362.604549
9463    757.898952  485384.864124
9464    757.979043  485407.123434
9465    758.059134  485429.382479
9466    758.139224  485451.641260
9467    758.219315  485473.899776
9468    758.299406  485496.158027
9469    758.379497  485518.416015
9470    758.459588  485540.673738
9471    758.539678  485562.931197
9472    758.619769  485585.188392
9473    758.699860  485607.445323
9474    758.779951  485629.701990
9475    758.860041  485651.958394
9476    758.940132  485674.214534
9477    759.020223  485696.470410
9478    759.100314  485718.726023
9479    759.180404  485740.981372
9480    759.260495  485763.236458
9481    759.340586  485785.491281
9482    759.420677  485807.745841
9483    759.500768  485830.000138
9484    759.580858  485852.254172
9485    759.660949  485874.507943
9486    759.741040  485896.761451
9487    759.821131  485919.014697
9488    759.901221  485941.267681
9489    759.981312  485963.520401
9490    760.061403  485985.772860
9491    760.141494  486008.025056
9492    760.221584  486030.276990
9493    760.301675  486052.528662
9494    760.381766  486074.780072
9495    760.461857  486097.031220
9496    760.541948  486119.282107
9497    760.622038  486141.532732
9498    760.702129  486163.783095
9499    760.782220  486186.033196
9500    760.862311  486208.283037
9501    760.942401  486230.532615
9502    761.022492  486252.781933
9503    761.102583  486275.030990
9504    761.182674  486297.279785
9505    761.262764  486319.528320
9506    761.342855  486341.776593
9507    761.422946  486364.024606
9508    761.503037  486386.272358
9509    761.583128  486408.519850
9510    761.663218  486430.767081
9511    761.743309  486453.014052
9512    761.823400  486475.260763
9513    761.903491  486497.507213
9514    761.983581  486519.753403
9515    762.063672  486541.999333
9516    762.143763  486564.245003
9517    762.223854  486586.490414
9518    762.303944  486608.735564
9519    762.384035  486630.980455
9520    762.464126  486653.225087
9521    762.544217  486675.469459
9522    762.624308  486697.713571
9523    762.704398  486719.957425
9524    762.784489  486742.201019
9525    762.864580  486764.444354
9526    762.944671  486786.687430
9527    763.024761  486808.930247
9528    763.104852  486831.172805
9529    763.184943  486853.415104
9530    763.265034  486875.657145
9531    763.345124  486897.898927
9532    763.425215  486920.140451
9533    763.505306  486942.381716
9534    763.585397  486964.622723
9535    763.665488  486986.863472
9536    763.745578  487009.103963
9537    763.825669  487031.344196
9538    763.905760  487053.584171
9539    763.985851  487075.823888
9540    764.065941  487098.063347
9541    764.146032  487120.302549
9542    764.226123  487142.541493
9543    764.306214  487164.780180
9544    764.386304  487187.018609
9545    764.466395  487209.256781
9546    764.546486  487231.494696
9547    764.626577  487253.732353
9548    764.706668  487275.969754
9549    764.786758  487298.206898
9550    764.866849  487320.443785
9551    764.946940  487342.680415
9552    765.027031  487364.916788
9553    765.107121  487387.152905
9554    765.187212  487409.388766
9555    765.267303  487431.624370
9556    765.347394  487453.859717
9557    765.427484  487476.094809
9558    765.507575  487498.329644
9559    765.587666  487520.564224
9560    765.667757  487542.798547
9561    765.747848  487565.032615
9562    765.827938  487587.266427
9563    765.908029  487609.499983
9564    765.988120  487631.733283
9565    766.068211  487653.966329
9566    766.148301  487676.199118
9567    766.228392  487698.431653
9568    766.308483  487720.663932
9569    766.388574  487742.895956
9570    766.468664  487765.127725
9571    766.548755  487787.359239
9572    766.628846  487809.590498
9573    766.708937  487831.821503
9574    766.789028  487854.052252
9575    766.869118  487876.282747
9576    766.949209  487898.512988
9577    767.029300  487920.742974
9578    767.109391  487942.972706
9579    767.189481  487965.202184
9580    767.269572  487987.431407
9581    767.349663  488009.660376
9582    767.429754  488031.889092
9583    767.509844  488054.117553
9584    767.589935  488076.345761
9585    767.670026  488098.573715
9586    767.750117  488120.801415
9587    767.830208  488143.028862
9588    767.910298  488165.256056
9589    767.990389  488187.482996
9590    768.070480  488209.709682
9591    768.150571  488231.936116
9592    768.230661  488254.162296
9593    768.310752  488276.388224
9594    768.390843  488298.613898
9595    768.470934  488320.839320
9596    768.551024  488343.064489
9597    768.631115  488365.289405
9598    768.711206  488387.514069
9599    768.791297  488409.738480
9600    768.871388  488431.962639
9601    768.951478  488454.186545
9602    769.031569  488476.410200
9603    769.111660  488498.633602
9604    769.191751  488520.856752
9605    769.271841  488543.079650
9606    769.351932  488565.302296
9607    769.432023  488587.524691
9608    769.512114  488609.746833
9609    769.592204  488631.968725
9610    769.672295  488654.190364
9611    769.752386  488676.411752
9612    769.832477  488698.632889
9613    769.912568  488720.853775
9614    769.992658  488743.074409
9615    770.072749  488765.294793
9616    770.152840  488787.514925
9617    770.232931  488809.734806
9618    770.313021  488831.954437
9619    770.393112  488854.173817
9620    770.473203  488876.392946
9621    770.553294  488898.611824
9622    770.633385  488920.830452
9623    770.713475  488943.048830
9624    770.793566  488965.266957
9625    770.873657  488987.484835
9626    770.953748  489009.702462
9627    771.033838  489031.919839
9628    771.113929  489054.136966
9629    771.194020  489076.353843
9630    771.274111  489098.570470
9631    771.354201  489120.786848
9632    771.434292  489143.002976
9633    771.514383  489165.218854
9634    771.594474  489187.434483
9635    771.674565  489209.649863
9636    771.754655  489231.864993
9637    771.834746  489254.079874
9638    771.914837  489276.294506
9639    771.994928  489298.508889
9640    772.075018  489320.723023
9641    772.155109  489342.936908
9642    772.235200  489365.150545
9643    772.315291  489387.363933
9644    772.395381  489409.577072
9645    772.475472  489431.789962
9646    772.555563  489454.002605
9647    772.635654  489476.214998
9648    772.715745  489498.427144
9649    772.795835  489520.639041
9650    772.875926  489542.850691
9651    772.956017  489565.062092
9652    773.036108  489587.273246
9653    773.116198  489609.484151
9654    773.196289  489631.694809
9655    773.276380  489653.905219
9656    773.356471  489676.115382
9657    773.436561  489698.325297
9658    773.516652  489720.534964
9659    773.596743  489742.744385
9660    773.676834  489764.953558
9661    773.756925  489787.162484
9662    773.837015  489809.371163
9663    773.917106  489831.579595
9664    773.997197  489853.787780
9665    774.077288  489875.995718
9666    774.157378  489898.203409
9667    774.237469  489920.410854
9668    774.317560  489942.618052
9669    774.397651  489964.825004
9670    774.477741  489987.031709
9671    774.557832  490009.238168
9672    774.637923  490031.444381
9673    774.718014  490053.650348
9674    774.798105  490075.856068
9675    774.878195  490098.061543
9676    774.958286  490120.266772
9677    775.038377  490142.471755
9678    775.118468  490164.676492
9679    775.198558  490186.880983
9680    775.278649  490209.085229
9681    775.358740  490231.289230
9682    775.438831  490253.492985
9683    775.518921  490275.696495
9684    775.599012  490297.899759
9685    775.679103  490320.102778
9686    775.759194  490342.305553
9687    775.839285  490364.508082
9688    775.919375  490386.710367
9689    775.999466  490408.912406
9690    776.079557  490431.114201
9691    776.159648  490453.315751
9692    776.239738  490475.517057
9693    776.319829  490497.718118
9694    776.399920  490519.918935
9695    776.480011  490542.119508
9696    776.560101  490564.319836
9697    776.640192  490586.519920
9698    776.720283  490608.719760
9699    776.800374  490630.919356
9700    776.880465  490653.118708
9701    776.960555  490675.317816
9702    777.040646  490697.516681
9703    777.120737  490719.715302
9704    777.200828  490741.913679
9705    777.280918  490764.111813
9706    777.361009  490786.309704
9707    777.441100  490808.507351
9708    777.521191  490830.704755
9709    777.601281  490852.901915
9710    777.681372  490875.098833
9711    777.761463  490897.295508
9712    777.841554  490919.491939
9713    777.921645  490941.688128
9714    778.001735  490963.884074
9715    778.081826  490986.079778
9716    778.161917  491008.275239
9717    778.242008  491030.470457
9718    778.322098  491052.665433
9719    778.402189  491074.860167
9720    778.482280  491097.054658
9721    778.562371  491119.248907
9722    778.642461  491141.442914
9723    778.722552  491163.636679
9724    778.802643  491185.830202
9725    778.882734  491208.023484
9726    778.962825  491230.216523
9727    779.042915  491252.409321
9728    779.123006  491274.601877
9729    779.203097  491296.794192
9730    779.283188  491318.986265
9731    779.363278  491341.178097
9732    779.443369  491363.369687
9733    779.523460  491385.561037
9734    779.603551  491407.752145
9735    779.683641  491429.943012
9736    779.763732  491452.133638
9737    779.843823  491474.324023
9738    779.923914  491496.514168
9739    780.004005  491518.704072
9740    780.084095  491540.893735
9741    780.164186  491563.083157
9742    780.244277  491585.272340
9743    780.324368  491607.461281
9744    780.404458  491629.649983
9745    780.484549  491651.838444
9746    780.564640  491674.026665
9747    780.644731  491696.214646
9748    780.724821  491718.402387
9749    780.804912  491740.589888
9750    780.885003  491762.777149
9751    780.965094  491784.964170
9752    781.045185  491807.150952
9753    781.125275  491829.337494
9754    781.205366  491851.523797
9755    781.285457  491873.709860
9756    781.365548  491895.895684
9757    781.445638  491918.081268
9758    781.525729  491940.266614
9759    781.605820  491962.451720
9760    781.685911  491984.636587
9761    781.766001  492006.821215
9762    781.846092  492029.005605
9763    781.926183  492051.189755
9764    782.006274  492073.373667
9765    782.086365  492095.557340
9766    782.166455  492117.740775
9767    782.246546  492139.923971
9768    782.326637  492162.106929
9769    782.406728  492184.289648
9770    782.486818  492206.472129
9771    782.566909  492228.654373
9772    782.647000  492250.836377
9773    782.727091  492273.018144
9774    782.807181  492295.199673
9775    782.887272  492317.380965
9776    782.967363  492339.562018
9777    783.047454  492361.742834
9778    783.127545  492383.923412
9779    783.207635  492406.103752
9780    783.287726  492428.283856
9781    783.367817  492450.463721
9782    783.447908  492472.643350
9783    783.527998  492494.822741
9784    783.608089  492517.001895
9785    783.688180  492539.180812
9786    783.768271  492561.359492
9787    783.848361  492583.537935
9788    783.928452  492605.716142
9789    784.008543  492627.894111
9790    784.088634  492650.071844
9791    784.168725  492672.249341
9792    784.248815  492694.426601
9793    784.328906  492716.603624
9794    784.408997  492738.780411
9795    784.489088  492760.956962
9796    784.569178  492783.133276
9797    784.649269  492805.309355
9798    784.729360  492827.485197
9799    784.809451  492849.660804
9800    784.889541  492871.836174
9801    784.969632  492894.011309
9802    785.049723  492916.186208
9803    785.129814  492938.360872
9804    785.209905  492960.535300
9805    785.289995  492982.709492
9806    785.370086  493004.883449
9807    785.450177  493027.057170
9808    785.530268  493049.230657
9809    785.610358  493071.403908
9810    785.690449  493093.576924
9811    785.770540  493115.749705
9812    785.850631  493137.922251
9813    785.930721  493160.094562
9814    786.010812  493182.266639
9815    786.090903  493204.438480
9816    786.170994  493226.610087
9817    786.251085  493248.781460
9818    786.331175  493270.952598
9819    786.411266  493293.123501
9820    786.491357  493315.294171
9821    786.571448  493337.464605
9822    786.651538  493359.634806
9823    786.731629  493381.804773
9824    786.811720  493403.974506
9825    786.891811  493426.144004
9826    786.971901  493448.313269
9827    787.051992  493470.482300
9828    787.132083  493492.651098
9829    787.212174  493514.819661
9830    787.292265  493536.987991
9831    787.372355  493559.156088
9832    787.452446  493581.323951
9833    787.532537  493603.491581
9834    787.612628  493625.658978
9835    787.692718  493647.826141
9836    787.772809  493669.993072
9837    787.852900  493692.159769
9838    787.932991  493714.326233
9839    788.013081  493736.492465
9840    788.093172  493758.658464
9841    788.173263  493780.824230
9842    788.253354  493802.989763
9843    788.333445  493825.155064
9844    788.413535  493847.320132
9845    788.493626  493869.484968
9846    788.573717  493891.649571
9847    788.653808  493913.813943
9848    788.733898  493935.978082
9849    788.813989  493958.141989
9850    788.894080  493980.305663
9851    788.974171  494002.469106
9852    789.054261  494024.632317
9853    789.134352  494046.795297
9854    789.214443  494068.958044
9855    789.294534  494091.120560
9856    789.374625  494113.282844
9857    789.454715  494135.444897
9858    789.534806  494157.606718
9859    789.614897  494179.768308
9860    789.694988  494201.929667
9861    789.775078  494224.090794
9862    789.855169  494246.251691
9863    789.935260  494268.412356
9864    790.015351  494290.572790
9865    790.095442  494312.732994
9866    790.175532  494334.892966
9867    790.255623  494357.052708
9868    790.335714  494379.212219
9869    790.415805  494401.371500
9870    790.495895  494423.530550
9871    790.575986  494445.689369
9872    790.656077  494467.847958
9873    790.736168  494490.006317
9874    790.816258  494512.164446
9875    790.896349  494534.322344
9876    790.976440  494556.480013
9877    791.056531  494578.637451
9878    791.136622  494600.794659
9879    791.216712  494622.951638
9880    791.296803  494645.108387
9881    791.376894  494667.264906
9882    791.456985  494689.421195
9883    791.537075  494711.577255
9884    791.617166  494733.733086
9885    791.697257  494755.888687
9886    791.777348  494778.044058
9887    791.857438  494800.199201
9888    791.937529  494822.354114
9889    792.017620  494844.508798
9890    792.097711  494866.663253
9891    792.177802  494888.817479
9892    792.257892  494910.971476
9893    792.337983  494933.125245
9894    792.418074  494955.278784
9895    792.498165  494977.432095
9896    792.578255  494999.585178
9897    792.658346  495021.738032
9898    792.738437  495043.890657
9899    792.818528  495066.043054
9900    792.898618  495088.195223
9901    792.978709  495110.347163
9902    793.058800  495132.498876
9903    793.138891  495154.650360
9904    793.218982  495176.801616
9905    793.299072  495198.952645
9906    793.379163  495221.103445
9907    793.459254  495243.254018
9908    793.539345  495265.404363
9909    793.619435  495287.554480
9910    793.699526  495309.704370
9911    793.779617  495331.854032
9912    793.859708  495354.003467
9913    793.939798  495376.152675
9914    794.019889  495398.301655
9915    794.099980  495420.450408
9916    794.180071  495442.598934
9917    794.260162  495464.747233
9918    794.340252  495486.895305
9919    794.420343  495509.043150
9920    794.500434  495531.190769
9921    794.580525  495553.338160
9922    794.660615  495575.485325
9923    794.740706  495597.632263
9924    794.820797  495619.778975
9925    794.900888  495641.925460
9926    794.980978  495664.071719
9927    795.061069  495686.217751
9928    795.141160  495708.363557
9929    795.221251  495730.509137
9930    795.301342  495752.654491
9931    795.381432  495774.799619
9932    795.461523  495796.944521
9933    795.541614  495819.089197
9934    795.621705  495841.233647
9935    795.701795  495863.377872
9936    795.781886  495885.521871
9937    795.861977  495907.665644
9938    795.942068  495929.809192
9939    796.022158  495951.952514
9940    796.102249  495974.095611
9941    796.182340  495996.238482
9942    796.262431  496018.381129
9943    796.342522  496040.523550
9944    796.422612  496062.665746
9945    796.502703  496084.807717
9946    796.582794  496106.949463
9947    796.662885  496129.090985
9948    796.742975  496151.232281
9949    796.823066  496173.373353
9950    796.903157  496195.514200
9951    796.983248  496217.654822
9952    797.063338  496239.795220
9953    797.143429  496261.935394
9954    797.223520  496284.075343
9955    797.303611  496306.215068
9956    797.383702  496328.354568
9957    797.463792  496350.493845
9958    797.543883  496372.632897
9959    797.623974  496394.771726
9960    797.704065  496416.910330
9961    797.784155  496439.048711
9962    797.864246  496461.186868
9963    797.944337  496483.324801
9964    798.024428  496505.462510
9965    798.104518  496527.599996
9966    798.184609  496549.737258
9967    798.264700  496571.874297
9968    798.344791  496594.011112
9969    798.424882  496616.147705
9970    798.504972  496638.284074
9971    798.585063  496660.420219
9972    798.665154  496682.556142
9973    798.745245  496704.691842
9974    798.825335  496726.827319
9975    798.905426  496748.962572
9976    798.985517  496771.097603
9977    799.065608  496793.232412
9978    799.145698  496815.366997
9979    799.225789  496837.501361
9980    799.305880  496859.635501
9981    799.385971  496881.769419
9982    799.466062  496903.903115
9983    799.546152  496926.036588
9984    799.626243  496948.169840
9985    799.706334  496970.302869
9986    799.786425  496992.435676
9987    799.866515  497014.568260
9988    799.946606  497036.700623
9989    800.026697  497058.832764
9990    800.106788  497080.964684
9991    800.186878  497103.096381
9992    800.266969  497125.227857
9993    800.347060  497147.359111
9994    800.427151  497169.490144
9995    800.507242  497191.620955
9996    800.587332  497213.751545
9997    800.667423  497235.881913
9998    800.747514  497258.012061
9999    800.827605  497280.141987
10000   800.907695  497302.271692
10001   800.987786  497324.401176
10002   801.067877  497346.530439
10003   801.147968  497368.659481
10004   801.228058  497390.788302
10005   801.308149  497412.916902
10006   801.388240  497435.045282
10007   801.468331  497457.173441
10008   801.548422  497479.301380
10009   801.628512  497501.429098
10010   801.708603  497523.556595
10011   801.788694  497545.683873
10012   801.868785  497567.810930
10013   801.948875  497589.937766
10014   802.028966  497612.064383
10015   802.109057  497634.190780
10016   802.189148  497656.316956
10017   802.269238  497678.442913
10018   802.349329  497700.568650
10019   802.429420  497722.694167
10020   802.509511  497744.819464
10021   802.589602  497766.944542
10022   802.669692  497789.069400
10023   802.749783  497811.194038
10024   802.829874  497833.318458
10025   802.909965  497855.442657
10026   802.990055  497877.566638
10027   803.070146  497899.690399
10028   803.150237  497921.813941
10029   803.230328  497943.937264
10030   803.310418  497966.060368
10031   803.390509  497988.183252
10032   803.470600  498010.305918
10033   803.550691  498032.428366
10034   803.630782  498054.550594
10035   803.710872  498076.672604
10036   803.790963  498098.794395
10037   803.871054  498120.915967
10038   803.951145  498143.037321
10039   804.031235  498165.158457
10040   804.111326  498187.279374
10041   804.191417  498209.400073
10042   804.271508  498231.520554
10043   804.351598  498253.640817
10044   804.431689  498275.760862
10045   804.511780  498297.880688
10046   804.591871  498320.000297
10047   804.671962  498342.119688
10048   804.752052  498364.238861
10049   804.832143  498386.357816
10050   804.912234  498408.476553
10051   804.992325  498430.595073
10052   805.072415  498452.713376
10053   805.152506  498474.831461
10054   805.232597  498496.949328
10055   805.312688  498519.066979
10056   805.392778  498541.184412
10057   805.472869  498563.301628
10058   805.552960  498585.418626
10059   805.633051  498607.535408
10060   805.713142  498629.651973
10061   805.793232  498651.768320
10062   805.873323  498673.884451
10063   805.953414  498696.000365
10064   806.033505  498718.116063
10065   806.113595  498740.231544
10066   806.193686  498762.346808
10067   806.273777  498784.461855
10068   806.353868  498806.576687
10069   806.433958  498828.691301
10070   806.514049  498850.805700
10071   806.594140  498872.919882
10072   806.674231  498895.033848
10073   806.754322  498917.147598
10074   806.834412  498939.261132
10075   806.914503  498961.374450
10076   806.994594  498983.487552
10077   807.074685  499005.600439
10078   807.154775  499027.713109
10079   807.234866  499049.825564
10080   807.314957  499071.937803
10081   807.395048  499094.049826
10082   807.475138  499116.161634
10083   807.555229  499138.273227
10084   807.635320  499160.384604
10085   807.715411  499182.495766
10086   807.795502  499204.606713
10087   807.875592  499226.717444
10088   807.955683  499248.827961
10089   808.035774  499270.938262
10090   808.115865  499293.048348
10091   808.195955  499315.158220
10092   808.276046  499337.267877
10093   808.356137  499359.377318
10094   808.436228  499381.486546
10095   808.516318  499403.595558
10096   808.596409  499425.704356
10097   808.676500  499447.812939
10098   808.756591  499469.921308
10099   808.836682  499492.029463
10100   808.916772  499514.137403
10101   808.996863  499536.245129
10102   809.076954  499558.352641
10103   809.157045  499580.459939
10104   809.237135  499602.567023
10105   809.317226  499624.673893
10106   809.397317  499646.780548
10107   809.477408  499668.886990
10108   809.557498  499690.993219
10109   809.637589  499713.099233
10110   809.717680  499735.205034
10111   809.797771  499757.310621
10112   809.877862  499779.415995
10113   809.957952  499801.521155
10114   810.038043  499823.626102
10115   810.118134  499845.730836
10116   810.198225  499867.835356
10117   810.278315  499889.939664
10118   810.358406  499912.043758
10119   810.438497  499934.147639
10120   810.518588  499956.251307
10121   810.598679  499978.354762
10122   810.678769  500000.458004
10123   810.758860  500022.561033
10124   810.838951  500044.663850
10125   810.919042  500066.766454
10126   810.999132  500088.868846
10127   811.079223  500110.971024
10128   811.159314  500133.072991
10129   811.239405  500155.174745
10130   811.319495  500177.276287
10131   811.399586  500199.377616
10132   811.479677  500221.478733
10133   811.559768  500243.579638
10134   811.639859  500265.680331
10135   811.719949  500287.780812
10136   811.800040  500309.881081
10137   811.880131  500331.981139
10138   811.960222  500354.080984
10139   812.040312  500376.180617
10140   812.120403  500398.280039
10141   812.200494  500420.379250
10142   812.280585  500442.478248
10143   812.360675  500464.577036
10144   812.440766  500486.675611
10145   812.520857  500508.773976
10146   812.600948  500530.872129
10147   812.681039  500552.970071
10148   812.761129  500575.067802
10149   812.841220  500597.165321
10150   812.921311  500619.262630
10151   813.001402  500641.359728
10152   813.081492  500663.456614
10153   813.161583  500685.553290
10154   813.241674  500707.649755
10155   813.321765  500729.746010
10156   813.401855  500751.842053
10157   813.481946  500773.937886
10158   813.562037  500796.033509
10159   813.642128  500818.128921
10160   813.722219  500840.224123
10161   813.802309  500862.319114
10162   813.882400  500884.413895
10163   813.962491  500906.508466
10164   814.042582  500928.602827
10165   814.122672  500950.696978
10166   814.202763  500972.790919
10167   814.282854  500994.884649
10168   814.362945  501016.978170
10169   814.443035  501039.071481
10170   814.523126  501061.164582
10171   814.603217  501083.257474
10172   814.683308  501105.350156
10173   814.763399  501127.442628
10174   814.843489  501149.534891
10175   814.923580  501171.626945
10176   815.003671  501193.718789
10177   815.083762  501215.810424
10178   815.163852  501237.901849
10179   815.243943  501259.993065
10180   815.324034  501282.084073
10181   815.404125  501304.174871
10182   815.484215  501326.265460
10183   815.564306  501348.355840
10184   815.644397  501370.446012
10185   815.724488  501392.535974
10186   815.804579  501414.625728
10187   815.884669  501436.715273
10188   815.964760  501458.804610
10189   816.044851  501480.893738
10190   816.124942  501502.982657
10191   816.205032  501525.071368
10192   816.285123  501547.159871
10193   816.365214  501569.248165
10194   816.445305  501591.336251
10195   816.525395  501613.424129
10196   816.605486  501635.511799
10197   816.685577  501657.599261
10198   816.765668  501679.686515
10199   816.845759  501701.773561
10200   816.925849  501723.860399
10201   817.005940  501745.947029
10202   817.086031  501768.033452
10203   817.166122  501790.119667
10204   817.246212  501812.205674
10205   817.326303  501834.291474
10206   817.406394  501856.377066
10207   817.486485  501878.462451
10208   817.566575  501900.547628
10209   817.646666  501922.632598
10210   817.726757  501944.717361
10211   817.806848  501966.801917
10212   817.886939  501988.886266
10213   817.967029  502010.970407
10214   818.047120  502033.054342
10215   818.127211  502055.138070
10216   818.207302  502077.221590
10217   818.287392  502099.304904
10218   818.367483  502121.388012
10219   818.447574  502143.470912
10220   818.527665  502165.553606
10221   818.607755  502187.636094
10222   818.687846  502209.718375
10223   818.767937  502231.800450
10224   818.848028  502253.882318
10225   818.928119  502275.963980
10226   819.008209  502298.045435
10227   819.088300  502320.126685
10228   819.168391  502342.207728
10229   819.248482  502364.288566
10230   819.328572  502386.369197
10231   819.408663  502408.449622
10232   819.488754  502430.529842
10233   819.568845  502452.609856
10234   819.648935  502474.689664
10235   819.729026  502496.769266
10236   819.809117  502518.848663
10237   819.889208  502540.927854
10238   819.969299  502563.006840
10239   820.049389  502585.085620
10240   820.129480  502607.164195
10241   820.209571  502629.242564
10242   820.289662  502651.320729
10243   820.369752  502673.398688
10244   820.449843  502695.476442
10245   820.529934  502717.553991
10246   820.610025  502739.631335
10247   820.690115  502761.708474
10248   820.770206  502783.785408
10249   820.850297  502805.862137
10250   820.930388  502827.938662
10251   821.010479  502850.014981
10252   821.090569  502872.091097
10253   821.170660  502894.167007
10254   821.250751  502916.242713
10255   821.330842  502938.318215
10256   821.410932  502960.393512
10257   821.491023  502982.468605
10258   821.571114  503004.543494
10259   821.651205  503026.618178
10260   821.731295  503048.692658
10261   821.811386  503070.766935
10262   821.891477  503092.841007
10263   821.971568  503114.914875
10264   822.051659  503136.988539
10265   822.131749  503159.062000
10266   822.211840  503181.135256
10267   822.291931  503203.208309
10268   822.372022  503225.281159
10269   822.452112  503247.353804
10270   822.532203  503269.426246
10271   822.612294  503291.498485
10272   822.692385  503313.570520
10273   822.772475  503335.642352
10274   822.852566  503357.713981
10275   822.932657  503379.785406
10276   823.012748  503401.856628
10277   823.092839  503423.927647
10278   823.172929  503445.998463
10279   823.253020  503468.069076
10280   823.333111  503490.139486
10281   823.413202  503512.209693
10282   823.493292  503534.279698
10283   823.573383  503556.349499
10284   823.653474  503578.419098
10285   823.733565  503600.488494
10286   823.813655  503622.557688
10287   823.893746  503644.626679
10288   823.973837  503666.695468
10289   824.053928  503688.764054
10290   824.134019  503710.832438
10291   824.214109  503732.900620
10292   824.294200  503754.968599
10293   824.374291  503777.036377
10294   824.454382  503799.103952
10295   824.534472  503821.171325
10296   824.614563  503843.238496
10297   824.694654  503865.305465
10298   824.774745  503887.372233
10299   824.854835  503909.438798
10300   824.934926  503931.505162
10301   825.015017  503953.571324
10302   825.095108  503975.637285
10303   825.175199  503997.703044
10304   825.255289  504019.768601
10305   825.335380  504041.833958
10306   825.415471  504063.899112
10307   825.495562  504085.964066
10308   825.575652  504108.028818
10309   825.655743  504130.093368
10310   825.735834  504152.157718
10311   825.815925  504174.221867
10312   825.896015  504196.285814
10313   825.976106  504218.349561
10314   826.056197  504240.413107
10315   826.136288  504262.476452
10316   826.216379  504284.539596
10317   826.296469  504306.602539
10318   826.376560  504328.665282
10319   826.456651  504350.727824
10320   826.536742  504372.790165
10321   826.616832  504394.852307
10322   826.696923  504416.914247
10323   826.777014  504438.975987
10324   826.857105  504461.037527
10325   826.937195  504483.098867
10326   827.017286  504505.160006
10327   827.097377  504527.220946
10328   827.177468  504549.281685
10329   827.257559  504571.342224
10330   827.337649  504593.402563
10331   827.417740  504615.462702
10332   827.497831  504637.522642
10333   827.577922  504659.582382
10334   827.658012  504681.641921
10335   827.738103  504703.701262
10336   827.818194  504725.760402
10337   827.898285  504747.819343
10338   827.978375  504769.878085
10339   828.058466  504791.936627
10340   828.138557  504813.994970
10341   828.218648  504836.053113
10342   828.298739  504858.111057
10343   828.378829  504880.168802
10344   828.458920  504902.226348
10345   828.539011  504924.283695
10346   828.619102  504946.340843
10347   828.699192  504968.397791
10348   828.779283  504990.454541
10349   828.859374  505012.511092
10350   828.939465  505034.567444
10351   829.019555  505056.623598
10352   829.099646  505078.679552
10353   829.179737  505100.735308
10354   829.259828  505122.790866
10355   829.339919  505144.846225
10356   829.420009  505166.901386
10357   829.500100  505188.956348
10358   829.580191  505211.011111
10359   829.660282  505233.065677
10360   829.740372  505255.120044
10361   829.820463  505277.174214
10362   829.900554  505299.228185
10363   829.980645  505321.281958
10364   830.060736  505343.335533
10365   830.140826  505365.388910
10366   830.220917  505387.442089
10367   830.301008  505409.495070
10368   830.381099  505431.547854
10369   830.461189  505453.600440
10370   830.541280  505475.652828
10371   830.621371  505497.705019
10372   830.701462  505519.757012
10373   830.781552  505541.808808
10374   830.861643  505563.860406
10375   830.941734  505585.911807
10376   831.021825  505607.963010
10377   831.101916  505630.014017
10378   831.182006  505652.064826
10379   831.262097  505674.115438
10380   831.342188  505696.165853
10381   831.422279  505718.216071
10382   831.502369  505740.266092
10383   831.582460  505762.315916
10384   831.662551  505784.365543
10385   831.742642  505806.414974
10386   831.822732  505828.464208
10387   831.902823  505850.513245
10388   831.982914  505872.562085
10389   832.063005  505894.610729
10390   832.143096  505916.659177
10391   832.223186  505938.707427
10392   832.303277  505960.755482
10393   832.383368  505982.803340
10394   832.463459  506004.851002
10395   832.543549  506026.898468
10396   832.623640  506048.945738
10397   832.703731  506070.992811
10398   832.783822  506093.039688
10399   832.863912  506115.086370
10400   832.944003  506137.132855
10401   833.024094  506159.179145
10402   833.104185  506181.225239
10403   833.184276  506203.271137
10404   833.264366  506225.316839
10405   833.344457  506247.362346
10406   833.424548  506269.407657
10407   833.504639  506291.452772
10408   833.584729  506313.497692
10409   833.664820  506335.542417
10410   833.744911  506357.586946
10411   833.825002  506379.631280
10412   833.905092  506401.675419
10413   833.985183  506423.719362
10414   834.065274  506445.763111
10415   834.145365  506467.806664
10416   834.225456  506489.850022
10417   834.305546  506511.893185
10418   834.385637  506533.936154
10419   834.465728  506555.978927
10420   834.545819  506578.021506
10421   834.625909  506600.063890
10422   834.706000  506622.106079
10423   834.786091  506644.148073
10424   834.866182  506666.189873
10425   834.946272  506688.231479
10426   835.026363  506710.272890
10427   835.106454  506732.314106
10428   835.186545  506754.355128
10429   835.266636  506776.395956
10430   835.346726  506798.436590
10431   835.426817  506820.477029
10432   835.506908  506842.517274
10433   835.586999  506864.557325
10434   835.667089  506886.597183
10435   835.747180  506908.636846
10436   835.827271  506930.676315
10437   835.907362  506952.715590
10438   835.987452  506974.754672
10439   836.067543  506996.793560
10440   836.147634  507018.832254
10441   836.227725  507040.870754
10442   836.307816  507062.909061
10443   836.387906  507084.947175
10444   836.467997  507106.985095
10445   836.548088  507129.022821
10446   836.628179  507151.060354
10447   836.708269  507173.097694
10448   836.788360  507195.134840
10449   836.868451  507217.171794
10450   836.948542  507239.208554
10451   837.028632  507261.245121
10452   837.108723  507283.281495
10453   837.188814  507305.317676
10454   837.268905  507327.353664
10455   837.348996  507349.389460
10456   837.429086  507371.425062
10457   837.509177  507393.460472
10458   837.589268  507415.495689
10459   837.669359  507437.530713
10460   837.749449  507459.565545
10461   837.829540  507481.600184
10462   837.909631  507503.634631
10463   837.989722  507525.668885
10464   838.069812  507547.702947
10465   838.149903  507569.736817
10466   838.229994  507591.770494
10467   838.310085  507613.803979
10468   838.390176  507635.837272
10469   838.470266  507657.870373
10470   838.550357  507679.903282
10471   838.630448  507701.935999
10472   838.710539  507723.968524
10473   838.790629  507746.000857
10474   838.870720  507768.032998
10475   838.950811  507790.064947
10476   839.030902  507812.096705
10477   839.110992  507834.128271
10478   839.191083  507856.159645
10479   839.271174  507878.190828
10480   839.351265  507900.221819
10481   839.431356  507922.252619
10482   839.511446  507944.283228
10483   839.591537  507966.313645
10484   839.671628  507988.343870
10485   839.751719  508010.373905
10486   839.831809  508032.403748
10487   839.911900  508054.433401
10488   839.991991  508076.462862
10489   840.072082  508098.492132
10490   840.152172  508120.521211
10491   840.232263  508142.550100
10492   840.312354  508164.578797
10493   840.392445  508186.607304
10494   840.472536  508208.635619
10495   840.552626  508230.663745
10496   840.632717  508252.691679
10497   840.712808  508274.719423
10498   840.792899  508296.746977
10499   840.872989  508318.774339
10500   840.953080  508340.801512
10501   841.033171  508362.828494
10502   841.113262  508384.855286
10503   841.193352  508406.881887
10504   841.273443  508428.908299
10505   841.353534  508450.934520
10506   841.433625  508472.960551
10507   841.513716  508494.986392
10508   841.593806  508517.012043
10509   841.673897  508539.037504
10510   841.753988  508561.062775
10511   841.834079  508583.087856
10512   841.914169  508605.112748
10513   841.994260  508627.137449
10514   842.074351  508649.161961
10515   842.154442  508671.186284
10516   842.234532  508693.210417
10517   842.314623  508715.234360
10518   842.394714  508737.258114
10519   842.474805  508759.281678
10520   842.554896  508781.305053
10521   842.634986  508803.328239
10522   842.715077  508825.351236
10523   842.795168  508847.374043
10524   842.875259  508869.396661
10525   842.955349  508891.419090
10526   843.035440  508913.441330
10527   843.115531  508935.463381
10528   843.195622  508957.485243
10529   843.275712  508979.506916
10530   843.355803  509001.528400
10531   843.435894  509023.549696
10532   843.515985  509045.570803
10533   843.596076  509067.591721
10534   843.676166  509089.612450
10535   843.756257  509111.632991
10536   843.836348  509133.653344
10537   843.916439  509155.673507
10538   843.996529  509177.693483
10539   844.076620  509199.713270
10540   844.156711  509221.732869
10541   844.236802  509243.752279
10542   844.316892  509265.771502
10543   844.396983  509287.790536
10544   844.477074  509309.809382
10545   844.557165  509331.828040
10546   844.637256  509353.846510
10547   844.717346  509375.864792
10548   844.797437  509397.882886
10549   844.877528  509419.900792
10550   844.957619  509441.918511
10551   845.037709  509463.936041
10552   845.117800  509485.953384
10553   845.197891  509507.970540
10554   845.277982  509529.987507
10555   845.358072  509552.004288
10556   845.438163  509574.020881
10557   845.518254  509596.037286
10558   845.598345  509618.053504
10559   845.678436  509640.069534
10560   845.758526  509662.085378
10561   845.838617  509684.101034
10562   845.918708  509706.116503
10563   845.998799  509728.131785
10564   846.078889  509750.146879
10565   846.158980  509772.161787
10566   846.239071  509794.176508
10567   846.319162  509816.191042
10568   846.399252  509838.205389
10569   846.479343  509860.219549
10570   846.559434  509882.233522
10571   846.639525  509904.247309
10572   846.719616  509926.260909
10573   846.799706  509948.274322
10574   846.879797  509970.287549
10575   846.959888  509992.300589
10576   847.039979  510014.313443
10577   847.120069  510036.326110
10578   847.200160  510058.338592
10579   847.280251  510080.350886
10580   847.360342  510102.362995
10581   847.440432  510124.374917
10582   847.520523  510146.386653
10583   847.600614  510168.398203
10584   847.680705  510190.409567
10585   847.760796  510212.420745
10586   847.840886  510234.431737
10587   847.920977  510256.442543
10588   848.001068  510278.453163
10589   848.081159  510300.463598
10590   848.161249  510322.473847
10591   848.241340  510344.483909
10592   848.321431  510366.493787
10593   848.401522  510388.503479
10594   848.481612  510410.512985
10595   848.561703  510432.522305
10596   848.641794  510454.531441
10597   848.721885  510476.540390
10598   848.801976  510498.549155
10599   848.882066  510520.557734
10600   848.962157  510542.566128
10601   849.042248  510564.574337
10602   849.122339  510586.582360
10603   849.202429  510608.590199
10604   849.282520  510630.597852
10605   849.362611  510652.605320
10606   849.442702  510674.612604
10607   849.522792  510696.619702
10608   849.602883  510718.626616
10609   849.682974  510740.633345
10610   849.763065  510762.639889
10611   849.843156  510784.646248
10612   849.923246  510806.652423
10613   850.003337  510828.658413
10614   850.083428  510850.664219
10615   850.163519  510872.669840
10616   850.243609  510894.675276
10617   850.323700  510916.680529
10618   850.403791  510938.685596
10619   850.483882  510960.690480
10620   850.563973  510982.695179
10621   850.644063  511004.699694
10622   850.724154  511026.704025
10623   850.804245  511048.708172
10624   850.884336  511070.712135
10625   850.964426  511092.715913
10626   851.044517  511114.719508
10627   851.124608  511136.722919
10628   851.204699  511158.726146
10629   851.284789  511180.729189
10630   851.364880  511202.732048
10631   851.444971  511224.734724
10632   851.525062  511246.737216
10633   851.605153  511268.739524
10634   851.685243  511290.741649
10635   851.765334  511312.743590
10636   851.845425  511334.745348
10637   851.925516  511356.746922
10638   852.005606  511378.748313
10639   852.085697  511400.749520
10640   852.165788  511422.750544
10641   852.245879  511444.751385
10642   852.325969  511466.752043
10643   852.406060  511488.752518
10644   852.486151  511510.752810
10645   852.566242  511532.752918
10646   852.646333  511554.752844
10647   852.726423  511576.752586
10648   852.806514  511598.752146
10649   852.886605  511620.751523
10650   852.966696  511642.750717
10651   853.046786  511664.749728
10652   853.126877  511686.748556
10653   853.206968  511708.747202
10654   853.287059  511730.745665
10655   853.367149  511752.743946
10656   853.447240  511774.742044
10657   853.527331  511796.739960
10658   853.607422  511818.737693
10659   853.687513  511840.735244
10660   853.767603  511862.732612
10661   853.847694  511884.729798
10662   853.927785  511906.726802
10663   854.007876  511928.723624
10664   854.087966  511950.720264
10665   854.168057  511972.716721
10666   854.248148  511994.712997
10667   854.328239  512016.709090
10668   854.408329  512038.705002
10669   854.488420  512060.700731
10670   854.568511  512082.696279
10671   854.648602  512104.691645
10672   854.728693  512126.686829
10673   854.808783  512148.681832
10674   854.888874  512170.676652
10675   854.968965  512192.671291
10676   855.049056  512214.665749
10677   855.129146  512236.660025
10678   855.209237  512258.654119
10679   855.289328  512280.648032
10680   855.369419  512302.641764
10681   855.449509  512324.635314
10682   855.529600  512346.628683
10683   855.609691  512368.621871
10684   855.689782  512390.614877
10685   855.769873  512412.607703
10686   855.849963  512434.600347
10687   855.930054  512456.592810
10688   856.010145  512478.585092
10689   856.090236  512500.577193
10690   856.170326  512522.569113
10691   856.250417  512544.560852
10692   856.330508  512566.552411
10693   856.410599  512588.543788
10694   856.490689  512610.534985
10695   856.570780  512632.526001
10696   856.650871  512654.516837
10697   856.730962  512676.507492
10698   856.811053  512698.497966
10699   856.891143  512720.488260
10700   856.971234  512742.478373
10701   857.051325  512764.468306
10702   857.131416  512786.458058
10703   857.211506  512808.447630
10704   857.291597  512830.437022
10705   857.371688  512852.426233
10706   857.451779  512874.415264
10707   857.531869  512896.404116
10708   857.611960  512918.392786
10709   857.692051  512940.381277
10710   857.772142  512962.369588
10711   857.852233  512984.357719
10712   857.932323  513006.345670
10713   858.012414  513028.333441
10714   858.092505  513050.321032
10715   858.172596  513072.308443
10716   858.252686  513094.295675
10717   858.332777  513116.282726
10718   858.412868  513138.269599
10719   858.492959  513160.256291
10720   858.573049  513182.242804
10721   858.653140  513204.229137
10722   858.733231  513226.215291
10723   858.813322  513248.201265
10724   858.893413  513270.187060
10725   858.973503  513292.172676
10726   859.053594  513314.158112
10727   859.133685  513336.143369
10728   859.213776  513358.128446
10729   859.293866  513380.113345
10730   859.373957  513402.098064
10731   859.454048  513424.082604
10732   859.534139  513446.066965
10733   859.614229  513468.051147
10734   859.694320  513490.035151
10735   859.774411  513512.018975
10736   859.854502  513534.002620
10737   859.934593  513555.986086
10738   860.014683  513577.969374
10739   860.094774  513599.952483
10740   860.174865  513621.935413
10741   860.254956  513643.918164
10742   860.335046  513665.900737
10743   860.415137  513687.883131
10744   860.495228  513709.865346
10745   860.575319  513731.847383
10746   860.655409  513753.829242
10747   860.735500  513775.810922
10748   860.815591  513797.792424
10749   860.895682  513819.773747
10750   860.975773  513841.754892
10751   861.055863  513863.735859
10752   861.135954  513885.716647
10753   861.216045  513907.697258
10754   861.296136  513929.677690
10755   861.376226  513951.657944
10756   861.456317  513973.638020
10757   861.536408  513995.617918
10758   861.616499  514017.597638
10759   861.696589  514039.577180
10760   861.776680  514061.556544
10761   861.856771  514083.535731
10762   861.936862  514105.514739
10763   862.016953  514127.493570
10764   862.097043  514149.472223
10765   862.177134  514171.450698
10766   862.257225  514193.428996
10767   862.337316  514215.407116
10768   862.417406  514237.385059
10769   862.497497  514259.362824
10770   862.577588  514281.340411
10771   862.657679  514303.317821
10772   862.737769  514325.295054
10773   862.817860  514347.272109
10774   862.897951  514369.248987
10775   862.978042  514391.225688
10776   863.058133  514413.202211
10777   863.138223  514435.178558
10778   863.218314  514457.154727
10779   863.298405  514479.130719
10780   863.378496  514501.106533
10781   863.458586  514523.082171
10782   863.538677  514545.057632
10783   863.618768  514567.032916
10784   863.698859  514589.008023
10785   863.778949  514610.982953
10786   863.859040  514632.957706
10787   863.939131  514654.932282
10788   864.019222  514676.906682
10789   864.099313  514698.880904
10790   864.179403  514720.854950
10791   864.259494  514742.828820
10792   864.339585  514764.802513
10793   864.419676  514786.776029
10794   864.499766  514808.749369
10795   864.579857  514830.722532
10796   864.659948  514852.695518
10797   864.740039  514874.668329
10798   864.820129  514896.640963
10799   864.900220  514918.613420
10800   864.980311  514940.585701
10801   865.060402  514962.557806
10802   865.140493  514984.529735
10803   865.220583  515006.501487
10804   865.300674  515028.473064
10805   865.380765  515050.444464
10806   865.460856  515072.415688
10807   865.540946  515094.386736
10808   865.621037  515116.357608
10809   865.701128  515138.328304
10810   865.781219  515160.298824
10811   865.861309  515182.269168
10812   865.941400  515204.239337
10813   866.021491  515226.209329
10814   866.101582  515248.179146
10815   866.181673  515270.148787
10816   866.261763  515292.118252
10817   866.341854  515314.087541
10818   866.421945  515336.056655
10819   866.502036  515358.025593
10820   866.582126  515379.994356
10821   866.662217  515401.962943
10822   866.742308  515423.931355
10823   866.822399  515445.899591
10824   866.902489  515467.867651
10825   866.982580  515489.835537
10826   867.062671  515511.803246
10827   867.142762  515533.770781
10828   867.222853  515555.738140
10829   867.302943  515577.705324
10830   867.383034  515599.672333
10831   867.463125  515621.639166
10832   867.543216  515643.605825
10833   867.623306  515665.572308
10834   867.703397  515687.538616
10835   867.783488  515709.504749
10836   867.863579  515731.470707
10837   867.943669  515753.436490
10838   868.023760  515775.402098
10839   868.103851  515797.367531
10840   868.183942  515819.332790
10841   868.264033  515841.297873
10842   868.344123  515863.262782
10843   868.424214  515885.227515
10844   868.504305  515907.192074
10845   868.584396  515929.156459
10846   868.664486  515951.120668
10847   868.744577  515973.084703
10848   868.824668  515995.048563
10849   868.904759  516017.012249
10850   868.984849  516038.975760
10851   869.064940  516060.939097
10852   869.145031  516082.902259
10853   869.225122  516104.865246
10854   869.305213  516126.828060
10855   869.385303  516148.790698
10856   869.465394  516170.753163
10857   869.545485  516192.715453
10858   869.625576  516214.677568
10859   869.705666  516236.639510
10860   869.785757  516258.601277
10861   869.865848  516280.562870
10862   869.945939  516302.524289
10863   870.026030  516324.485533
10864   870.106120  516346.446604
10865   870.186211  516368.407500
10866   870.266302  516390.368222
10867   870.346393  516412.328771
10868   870.426483  516434.289145
10869   870.506574  516456.249345
10870   870.586665  516478.209371
10871   870.666756  516500.169224
10872   870.746846  516522.128902
10873   870.826937  516544.088407
10874   870.907028  516566.047738
10875   870.987119  516588.006895
10876   871.067210  516609.965878
10877   871.147300  516631.924687
10878   871.227391  516653.883323
10879   871.307482  516675.841785
10880   871.387573  516697.800073
10881   871.467663  516719.758188
10882   871.547754  516741.716129
10883   871.627845  516763.673896
10884   871.707936  516785.631490
10885   871.788026  516807.588911
10886   871.868117  516829.546158
10887   871.948208  516851.503231
10888   872.028299  516873.460131
10889   872.108390  516895.416857
10890   872.188480  516917.373411
10891   872.268571  516939.329790
10892   872.348662  516961.285997
10893   872.428753  516983.242030
10894   872.508843  517005.197890
10895   872.588934  517027.153576
10896   872.669025  517049.109089
10897   872.749116  517071.064429
10898   872.829206  517093.019596
10899   872.909297  517114.974590
10900   872.989388  517136.929410
10901   873.069479  517158.884058
10902   873.149570  517180.838532
10903   873.229660  517202.792833
10904   873.309751  517224.746961
10905   873.389842  517246.700917
10906   873.469933  517268.654699
10907   873.550023  517290.608308
10908   873.630114  517312.561744
10909   873.710205  517334.515007
10910   873.790296  517356.468098
10911   873.870386  517378.421015
10912   873.950477  517400.373760
10913   874.030568  517422.326331
10914   874.110659  517444.278730
10915   874.190750  517466.230956
10916   874.270840  517488.183010
10917   874.350931  517510.134890
10918   874.431022  517532.086598
10919   874.511113  517554.038133
10920   874.591203  517575.989496
10921   874.671294  517597.940685
10922   874.751385  517619.891702
10923   874.831476  517641.842547
10924   874.911566  517663.793219
10925   874.991657  517685.743718
10926   875.071748  517707.694044
10927   875.151839  517729.644198
10928   875.231930  517751.594180
10929   875.312020  517773.543989
10930   875.392111  517795.493625
10931   875.472202  517817.443089
10932   875.552293  517839.392381
10933   875.632383  517861.341500
10934   875.712474  517883.290447
10935   875.792565  517905.239221
10936   875.872656  517927.187823
10937   875.952746  517949.136252
10938   876.032837  517971.084509
10939   876.112928  517993.032594
10940   876.193019  518014.980506
10941   876.273110  518036.928246
10942   876.353200  518058.875814
10943   876.433291  518080.823210
10944   876.513382  518102.770433
10945   876.593473  518124.717484
10946   876.673563  518146.664363
10947   876.753654  518168.611069
10948   876.833745  518190.557604
10949   876.913836  518212.503966
10950   876.993926  518234.450156
10951   877.074017  518256.396173
10952   877.154108  518278.342019
10953   877.234199  518300.287692
10954   877.314290  518322.233194
10955   877.394380  518344.178523
10956   877.474471  518366.123680
10957   877.554562  518388.068665
10958   877.634653  518410.013478
10959   877.714743  518431.958119
10960   877.794834  518453.902588
10961   877.874925  518475.846884
10962   877.955016  518497.791009
10963   878.035106  518519.734962
10964   878.115197  518541.678742
10965   878.195288  518563.622351
10966   878.275379  518585.565788
10967   878.355470  518607.509052
10968   878.435560  518629.452145
10969   878.515651  518651.395066
10970   878.595742  518673.337814
10971   878.675833  518695.280391
10972   878.755923  518717.222796
10973   878.836014  518739.165029
10974   878.916105  518761.107090
10975   878.996196  518783.048979
10976   879.076286  518804.990696
10977   879.156377  518826.932241
10978   879.236468  518848.873615
10979   879.316559  518870.814816
10980   879.396650  518892.755846
10981   879.476740  518914.696703
10982   879.556831  518936.637389
10983   879.636922  518958.577903
10984   879.717013  518980.518245
10985   879.797103  519002.458415
10986   879.877194  519024.398413
10987   879.957285  519046.338240
10988   880.037376  519068.277894
10989   880.117466  519090.217377
10990   880.197557  519112.156688
10991   880.277648  519134.095827
10992   880.357739  519156.034794
10993   880.437830  519177.973589
10994   880.517920  519199.912213
10995   880.598011  519221.850664
10996   880.678102  519243.788944
10997   880.758193  519265.727052
10998   880.838283  519287.664988
10999   880.918374  519309.602752
11000   880.998465  519331.540344
11001   881.078556  519353.477765
11002   881.158646  519375.415014
11003   881.238737  519397.352090
11004   881.318828  519419.288995
11005   881.398919  519441.225728
11006   881.479010  519463.162289
11007   881.559100  519485.098679
11008   881.639191  519507.034896
11009   881.719282  519528.970942
11010   881.799373  519550.906816
11011   881.879463  519572.842517
11012   881.959554  519594.778047
11013   882.039645  519616.713405
11014   882.119736  519638.648592
11015   882.199826  519660.583606
11016   882.279917  519682.518448
11017   882.360008  519704.453119
11018   882.440099  519726.387617
11019   882.520190  519748.321944
11020   882.600280  519770.256098
11021   882.680371  519792.190081
11022   882.760462  519814.123892
11023   882.840553  519836.057530
11024   882.920643  519857.990997
11025   883.000734  519879.924292
11026   883.080825  519901.857414
11027   883.160916  519923.790365
11028   883.241006  519945.723144
11029   883.321097  519967.655750
11030   883.401188  519989.588185
11031   883.481279  520011.520448
11032   883.561370  520033.452538
11033   883.641460  520055.384456
11034   883.721551  520077.316203
11035   883.801642  520099.247777
11036   883.881733  520121.179179
11037   883.961823  520143.110409
11038   884.041914  520165.041466
11039   884.122005  520186.972352
11040   884.202096  520208.903065
11041   884.282186  520230.833606
11042   884.362277  520252.763975
11043   884.442368  520274.694172
11044   884.522459  520296.624196
11045   884.602550  520318.554048
11046   884.682640  520340.483728
11047   884.762731  520362.413235
11048   884.842822  520384.342570
11049   884.922913  520406.271733
11050   885.003003  520428.200723
11051   885.083094  520450.129541
11052   885.163185  520472.058187
11053   885.243276  520493.986660
11054   885.323366  520515.914960
11055   885.403457  520537.843088
11056   885.483548  520559.771044
11057   885.563639  520581.698827
11058   885.643730  520603.626437
11059   885.723820  520625.553875
11060   885.803911  520647.481140
11061   885.884002  520669.408232
11062   885.964093  520691.335152
11063   886.044183  520713.261899
11064   886.124274  520735.188473
11065   886.204365  520757.114874
11066   886.284456  520779.041103
11067   886.364546  520800.967159
11068   886.444637  520822.893042
11069   886.524728  520844.818752
11070   886.604819  520866.744289
11071   886.684910  520888.669653
11072   886.765000  520910.594844
11073   886.845091  520932.519863
11074   886.925182  520954.444708
11075   887.005273  520976.369380
11076   887.085363  520998.293878
11077   887.165454  521020.218204
11078   887.245545  521042.142357
11079   887.325636  521064.066336
11080   887.405726  521085.990142
11081   887.485817  521107.913774
11082   887.565908  521129.837233
11083   887.645999  521151.760519
11084   887.726090  521173.683632
11085   887.806180  521195.606571
11086   887.886271  521217.529336
11087   887.966362  521239.451928
11088   888.046453  521261.374346
11089   888.126543  521283.296591
11090   888.206634  521305.218662
11091   888.286725  521327.140559
11092   888.366816  521349.062282
11093   888.446906  521370.983832
11094   888.526997  521392.905207
11095   888.607088  521414.826409
11096   888.687179  521436.747437
11097   888.767270  521458.668291
11098   888.847360  521480.588970
11099   888.927451  521502.509476
11100   889.007542  521524.429807
11101   889.087633  521546.349964
11102   889.167723  521568.269947
11103   889.247814  521590.189756
11104   889.327905  521612.109390
11105   889.407996  521634.028850
11106   889.488086  521655.948135
11107   889.568177  521677.867246
11108   889.648268  521699.786182
11109   889.728359  521721.704943
11110   889.808450  521743.623530
11111   889.888540  521765.541942
11112   889.968631  521787.460179
11113   890.048722  521809.378241
11114   890.128813  521831.296129
11115   890.208903  521853.213841
11116   890.288994  521875.131378
11117   890.369085  521897.048740
11118   890.449176  521918.965927
11119   890.529267  521940.882939
11120   890.609357  521962.799775
11121   890.689448  521984.716436
11122   890.769539  522006.632921
11123   890.849630  522028.549231
11124   890.929720  522050.465365
11125   891.009811  522072.381324
11126   891.089902  522094.297107
11127   891.169993  522116.212714
11128   891.250083  522138.128145
11129   891.330174  522160.043400
11130   891.410265  522181.958479
11131   891.490356  522203.873382
11132   891.570447  522225.788109
11133   891.650537  522247.702659
11134   891.730628  522269.617034
11135   891.810719  522291.531231
11136   891.890810  522313.445253
11137   891.970900  522335.359098
11138   892.050991  522357.272766
11139   892.131082  522379.186257
11140   892.211173  522401.099572
11141   892.291263  522423.012709
11142   892.371354  522444.925670
11143   892.451445  522466.838454
11144   892.531536  522488.751060
11145   892.611627  522510.663489
11146   892.691717  522532.575741
11147   892.771808  522554.487816
11148   892.851899  522576.399713
11149   892.931990  522598.311432
11150   893.012080  522620.222974
11151   893.092171  522642.134338
11152   893.172262  522664.045524
11153   893.252353  522685.956532
11154   893.332443  522707.867362
11155   893.412534  522729.778013
11156   893.492625  522751.688487
11157   893.572716  522773.598782
11158   893.652807  522795.508899
11159   893.732897  522817.418837
11160   893.812988  522839.328597
11161   893.893079  522861.238177
11162   893.973170  522883.147579
11163   894.053260  522905.056802
11164   894.133351  522926.965846
11165   894.213442  522948.874710
11166   894.293533  522970.783396
11167   894.373623  522992.691902
11168   894.453714  523014.600228
11169   894.533805  523036.508375
11170   894.613896  523058.416342
11171   894.693987  523080.324129
11172   894.774077  523102.231736
11173   894.854168  523124.139163
11174   894.934259  523146.046410
11175   895.014350  523167.953477
11176   895.094440  523189.860363
11177   895.174531  523211.767069
11178   895.254622  523233.673594
11179   895.334713  523255.579938
11180   895.414803  523277.486101
11181   895.494894  523299.392083
11182   895.574985  523321.297884
11183   895.655076  523343.203504
11184   895.735167  523365.108942
11185   895.815257  523387.014198
11186   895.895348  523408.919273
11187   895.975439  523430.824167
11188   896.055530  523452.728878
11189   896.135620  523474.633407
11190   896.215711  523496.537753
11191   896.295802  523518.441918
11192   896.375893  523540.345900
11193   896.455983  523562.249699
11194   896.536074  523584.153316
11195   896.616165  523606.056749
11196   896.696256  523627.960000
11197   896.776347  523649.863067
11198   896.856437  523671.765951
11199   896.936528  523693.668651
11200   897.016619  523715.571168
11201   897.096710  523737.473500
11202   897.176800  523759.375649
11203   897.256891  523781.277614
11204   897.336982  523803.179394
11205   897.417073  523825.080990
11206   897.497163  523846.982402
11207   897.577254  523868.883628
11208   897.657345  523890.784670
11209   897.737436  523912.685527
11210   897.817527  523934.586198
11211   897.897617  523956.486684
11212   897.977708  523978.386984
11213   898.057799  524000.287099
11214   898.137890  524022.187028
11215   898.217980  524044.086770
11216   898.298071  524065.986327
11217   898.378162  524087.885697
11218   898.458253  524109.784880
11219   898.538343  524131.683876
11220   898.618434  524153.582686
11221   898.698525  524175.481308
11222   898.778616  524197.379743
11223   898.858707  524219.277991
11224   898.938797  524241.176051
11225   899.018888  524263.073923
11226   899.098979  524284.971607
11227   899.179070  524306.869103
11228   899.259160  524328.766410
11229   899.339251  524350.663528
11230   899.419342  524372.560458
11231   899.499433  524394.457199
11232   899.579523  524416.353750
11233   899.659614  524438.250112
11234   899.739705  524460.146285
11235   899.819796  524482.042267
11236   899.899887  524503.938060
11237   899.979977  524525.833662
11238   900.060068  524547.729074
11239   900.140159  524569.624295
11240   900.220250  524591.519325
11241   900.300340  524613.414164
11242   900.380431  524635.308812
11243   900.460522  524657.203268
11244   900.540613  524679.097533
11245   900.620703  524700.991606
11246   900.700794  524722.885486
11247   900.780885  524744.779174
11248   900.860976  524766.672669
11249   900.941067  524788.565972
11250   901.021157  524810.459081
11251   901.101248  524832.351997
11252   901.181339  524854.244720
11253   901.261430  524876.137248
11254   901.341520  524898.029583
11255   901.421611  524919.921723
11256   901.501702  524941.813669
11257   901.581793  524963.705420
11258   901.661883  524985.596976
11259   901.741974  525007.488337
11260   901.822065  525029.379502
11261   901.902156  525051.270471
11262   901.982247  525073.161245
11263   902.062337  525095.051822
11264   902.142428  525116.942203
11265   902.222519  525138.832386
11266   902.302610  525160.722373
11267   902.382700  525182.612163
11268   902.462791  525204.501755
11269   902.542882  525226.391149
11270   902.622973  525248.280345
11271   902.703063  525270.169342
11272   902.783154  525292.058141
11273   902.863245  525313.946741
11274   902.943336  525335.835141
11275   903.023427  525357.723342
11276   903.103517  525379.611344
11277   903.183608  525401.499145
11278   903.263699  525423.386746
11279   903.343790  525445.274146
11280   903.423880  525467.161345
11281   903.503971  525489.048343
11282   903.584062  525510.935140
11283   903.664153  525532.821734
11284   903.744243  525554.708127
11285   903.824334  525576.594317
11286   903.904425  525598.480304
11287   903.984516  525620.366088
11288   904.064607  525642.251669
11289   904.144697  525664.137046
11290   904.224788  525686.022219
11291   904.304879  525707.907188
11292   904.384970  525729.791952
11293   904.465060  525751.676511
11294   904.545151  525773.560865
11295   904.625242  525795.445013
11296   904.705333  525817.328955
11297   904.785423  525839.212691
11298   904.865514  525861.096220
11299   904.945605  525882.979542
11300   905.025696  525904.862657
11301   905.105787  525926.745564
11302   905.185877  525948.628264
11303   905.265968  525970.510754
11304   905.346059  525992.393037
11305   905.426150  526014.275110
11306   905.506240  526036.156973
11307   905.586331  526058.038627
11308   905.666422  526079.920071
11309   905.746513  526101.801304
11310   905.826603  526123.682326
11311   905.906694  526145.563137
11312   905.986785  526167.443736
11313   906.066876  526189.324123
11314   906.146967  526211.204298
11315   906.227057  526233.084260
11316   906.307148  526254.964009
11317   906.387239  526276.843544
11318   906.467330  526298.722866
11319   906.547420  526320.601973
11320   906.627511  526342.480865
11321   906.707602  526364.359542
11322   906.787693  526386.238004
11323   906.867783  526408.116249
11324   906.947874  526429.994278
11325   907.027965  526451.872091
11326   907.108056  526473.749686
11327   907.188147  526495.627063
11328   907.268237  526517.504223
11329   907.348328  526539.381164
11330   907.428419  526561.257886
11331   907.508510  526583.134389
11332   907.588600  526605.010672
11333   907.668691  526626.886734
11334   907.748782  526648.762576
11335   907.828873  526670.638197
11336   907.908963  526692.513597
11337   907.989054  526714.388774
11338   908.069145  526736.263729
11339   908.149236  526758.138461
11340   908.229327  526780.012970
11341   908.309417  526801.887255
11342   908.389508  526823.761315
11343   908.469599  526845.635151
11344   908.549690  526867.508762
11345   908.629780  526889.382146
11346   908.709871  526911.255305
11347   908.789962  526933.128236
11348   908.870053  526955.000941
11349   908.950143  526976.873418
11350   909.030234  526998.745666
11351   909.110325  527020.617686
11352   909.190416  527042.489477
11353   909.270507  527064.361038
11354   909.350597  527086.232369
11355   909.430688  527108.103469
11356   909.510779  527129.974338
11357   909.590870  527151.844975
11358   909.670960  527173.715380
11359   909.751051  527195.585551
11360   909.831142  527217.455490
11361   909.911233  527239.325194
11362   909.991323  527261.194664
11363   910.071414  527283.063900
11364   910.151505  527304.932899
11365   910.231596  527326.801662
11366   910.311687  527348.670189
11367   910.391777  527370.538479
11368   910.471868  527392.406530
11369   910.551959  527414.274343
11370   910.632050  527436.141918
11371   910.712140  527458.009253
11372   910.792231  527479.876347
11373   910.872322  527501.743201
11374   910.952413  527523.609814
11375   911.032504  527545.476184
11376   911.112594  527567.342313
11377   911.192685  527589.208198
11378   911.272776  527611.073839
11379   911.352867  527632.939236
11380   911.432957  527654.804389
11381   911.513048  527676.669295
11382   911.593139  527698.533955
11383   911.673230  527720.398369
11384   911.753320  527742.262535
11385   911.833411  527764.126453
11386   911.913502  527785.990122
11387   911.993593  527807.853542
11388   912.073684  527829.716712
11389   912.153774  527851.579631
11390   912.233865  527873.442299
11391   912.313956  527895.304714
11392   912.394047  527917.166877
11393   912.474137  527939.028787
11394   912.554228  527960.890442
11395   912.634319  527982.751843
11396   912.714410  528004.612988
11397   912.794500  528026.473878
11398   912.874591  528048.334510
11399   912.954682  528070.194885
11400   913.034773  528092.055001
11401   913.114864  528113.914858
11402   913.194954  528135.774456
11403   913.275045  528157.633793
11404   913.355136  528179.492869
11405   913.435227  528201.351684
11406   913.515317  528223.210235
11407   913.595408  528245.068523
11408   913.675499  528266.926547
11409   913.755590  528288.784306
11410   913.835680  528310.641800
11411   913.915771  528332.499027
11412   913.995862  528354.355987
11413   914.075953  528376.212678
11414   914.156044  528398.069101
11415   914.236134  528419.925255
11416   914.316225  528441.781138
11417   914.396316  528463.636749
11418   914.476407  528485.492089
11419   914.556497  528507.347156
11420   914.636588  528529.201950
11421   914.716679  528551.056469
11422   914.796770  528572.910712
11423   914.876860  528594.764680
11424   914.956951  528616.618370
11425   915.037042  528638.471783
11426   915.117133  528660.324917
11427   915.197224  528682.177772
11428   915.277314  528704.030346
11429   915.357405  528725.882639
11430   915.437496  528747.734650
11431   915.517587  528769.586378
11432   915.597677  528791.437822
11433   915.677768  528813.288981
11434   915.757859  528835.139854
11435   915.837950  528856.990441
11436   915.918040  528878.840740
11437   915.998131  528900.690751
11438   916.078222  528922.540472
11439   916.158313  528944.389903
11440   916.238404  528966.239043
11441   916.318494  528988.087890
11442   916.398585  529009.936444
11443   916.478676  529031.784705
11444   916.558767  529053.632670
11445   916.638857  529075.480339
11446   916.718948  529097.327711
11447   916.799039  529119.174785
11448   916.879130  529141.021559
11449   916.959220  529162.868034
11450   917.039311  529184.714208
11451   917.119402  529206.560080
11452   917.199493  529228.405649
11453   917.279584  529250.250913
11454   917.359674  529272.095873
11455   917.439765  529293.940526
11456   917.519856  529315.784872
11457   917.599947  529337.628910
11458   917.680037  529359.472638
11459   917.760128  529381.316056
11460   917.840219  529403.159163
11461   917.920310  529425.001957
11462   918.000400  529446.844437
11463   918.080491  529468.686603
11464   918.160582  529490.528452
11465   918.240673  529512.369985
11466   918.320764  529534.211200
11467   918.400854  529556.052095
11468   918.480945  529577.892670
11469   918.561036  529599.732923
11470   918.641127  529621.572854
11471   918.721217  529643.412461
11472   918.801308  529665.251743
11473   918.881399  529687.090698
11474   918.961490  529708.929327
11475   919.041580  529730.767626
11476   919.121671  529752.605596
11477   919.201762  529774.443235
11478   919.281853  529796.280542
11479   919.361944  529818.117515
11480   919.442034  529839.954154
11481   919.522125  529861.790457
11482   919.602216  529883.626423
11483   919.682307  529905.462050
11484   919.762397  529927.297337
11485   919.842488  529949.132284
11486   919.922579  529970.966888
11487   920.002670  529992.801149
11488   920.082760  530014.635065
11489   920.162851  530036.468634
11490   920.242942  530058.301857
11491   920.323033  530080.134730
11492   920.403124  530101.967253
11493   920.483214  530123.799425
11494   920.563305  530145.631244
11495   920.643396  530167.462708
11496   920.723487  530189.293817
11497   920.803577  530211.124570
11498   920.883668  530232.954963
11499   920.963759  530254.784997
11500   921.043850  530276.614670
11501   921.123940  530298.443980
11502   921.204031  530320.272926
11503   921.284122  530342.101506
11504   921.364213  530363.929720
11505   921.444304  530385.757565
11506   921.524394  530407.585041
11507   921.604485  530429.412145
11508   921.684576  530451.238876
11509   921.764667  530473.065233
11510   921.844757  530494.891214
11511   921.924848  530516.716818
11512   922.004939  530538.542043
11513   922.085030  530560.366887
11514   922.165120  530582.191350
11515   922.245211  530604.015429
11516   922.325302  530625.839123
11517   922.405393  530647.662430
11518   922.485484  530669.485349
11519   922.565574  530691.307879
11520   922.645665  530713.130017
11521   922.725756  530734.951762
11522   922.805847  530756.773112
11523   922.885937  530778.594066
11524   922.966028  530800.414622
11525   923.046119  530822.234778
11526   923.126210  530844.054533
11527   923.206300  530865.873885
11528   923.286391  530887.692833
11529   923.366482  530909.511374
11530   923.446573  530931.329507
11531   923.526664  530953.147230
11532   923.606754  530974.964541
11533   923.686845  530996.781439
11534   923.766936  531018.597923
11535   923.847027  531040.413989
11536   923.927117  531062.229636
11537   924.007208  531084.044864
11538   924.087299  531105.859669
11539   924.167390  531127.674049
11540   924.247480  531149.488004
11541   924.327571  531171.301531
11542   924.407662  531193.114629
11543   924.487753  531214.927295
11544   924.567844  531236.739528
11545   924.647934  531258.551325
11546   924.728025  531280.362685
11547   924.808116  531302.173606
11548   924.888207  531323.984086
11549   924.968297  531345.794123
11550   925.048388  531367.603715
11551   925.128479  531389.412860
11552   925.208570  531411.221556
11553   925.288660  531433.029801
11554   925.368751  531454.837594
11555   925.448842  531476.644931
11556   925.528933  531498.451811
11557   925.609024  531520.258233
11558   925.689114  531542.064193
11559   925.769205  531563.869690
11560   925.849296  531585.674721
11561   925.929387  531607.479286
11562   926.009477  531629.283380
11563   926.089568  531651.087004
11564   926.169659  531672.890153
11565   926.249750  531694.692827
11566   926.329840  531716.495022
11567   926.409931  531738.296737
11568   926.490022  531760.097970
11569   926.570113  531781.898718
11570   926.650204  531803.698980
11571   926.730294  531825.498752
11572   926.810385  531847.298033
11573   926.890476  531869.096820
11574   926.970567  531890.895111
11575   927.050657  531912.692904
11576   927.130748  531934.490197
11577   927.210839  531956.286986
11578   927.290930  531978.083271
11579   927.371020  531999.879048
11580   927.451111  532021.674316
11581   927.531202  532043.469071
11582   927.611293  532065.263311
11583   927.691384  532087.057034
11584   927.771474  532108.850238
11585   927.851565  532130.642920
11586   927.931656  532152.435078
11587   928.011747  532174.226709
11588   928.091837  532196.017810
11589   928.171928  532217.808380
11590   928.252019  532239.598415
11591   928.332110  532261.387913
11592   928.412200  532283.176872
11593   928.492291  532304.965289
11594   928.572382  532326.753161
11595   928.652473  532348.540486
11596   928.732564  532370.327261
11597   928.812654  532392.113484
11598   928.892745  532413.899151
11599   928.972836  532435.684261
11600   929.052927  532457.468810
11601   929.133017  532479.252795
11602   929.213108  532501.036215
11603   929.293199  532522.819066
11604   929.373290  532544.601345
11605   929.453380  532566.383051
11606   929.533471  532588.164179
11607   929.613562  532609.944727
11608   929.693653  532631.724692
11609   929.773744  532653.504072
11610   929.853834  532675.282863
11611   929.933925  532697.061063
11612   930.014016  532718.838668
11613   930.094107  532740.615676
11614   930.174197  532762.392084
11615   930.254288  532784.167889
11616   930.334379  532805.943088
11617   930.414470  532827.717678
11618   930.494561  532849.491655
11619   930.574651  532871.265018
11620   930.654742  532893.037762
11621   930.734833  532914.809885
11622   930.814924  532936.581383
11623   930.895014  532958.352254
11624   930.975105  532980.122494
11625   931.055196  533001.892101
11626   931.135287  533023.661070
11627   931.215377  533045.429400
11628   931.295468  533067.197086
11629   931.375559  533088.964126
11630   931.455650  533110.730516
11631   931.535741  533132.496253
11632   931.615831  533154.261334
11633   931.695922  533176.025755
11634   931.776013  533197.789513
11635   931.856104  533219.552605
11636   931.936194  533241.315028
11637   932.016285  533263.076777
11638   932.096376  533284.837850
11639   932.176467  533306.598244
11640   932.256557  533328.357954
11641   932.336648  533350.116978
11642   932.416739  533371.875311
11643   932.496830  533393.632951
11644   932.576921  533415.389894
11645   932.657011  533437.146136
11646   932.737102  533458.901674
11647   932.817193  533480.656505
11648   932.897284  533502.410623
11649   932.977374  533524.164027
11650   933.057465  533545.916712
11651   933.137556  533567.668674
11652   933.217647  533589.419910
11653   933.297737  533611.170417
11654   933.377828  533632.920189
11655   933.457919  533654.669225
11656   933.538010  533676.417519
11657   933.618101  533698.165068
11658   933.698191  533719.911868
11659   933.778282  533741.657915
11660   933.858373  533763.403205
11661   933.938464  533785.147735
11662   934.018554  533806.891500
11663   934.098645  533828.634496
11664   934.178736  533850.376720
11665   934.258827  533872.118167
11666   934.338917  533893.858833
11667   934.419008  533915.598714
11668   934.499099  533937.337806
11669   934.579190  533959.076105
11670   934.659281  533980.813607
11671   934.739371  534002.550307
11672   934.819462  534024.286201
11673   934.899553  534046.021286
11674   934.979644  534067.755556
11675   935.059734  534089.489008
11676   935.139825  534111.221636
11677   935.219916  534132.953438
11678   935.300007  534154.684408
11679   935.380097  534176.414542
11680   935.460188  534198.143835
11681   935.540279  534219.872284
11682   935.620370  534241.599883
11683   935.700461  534263.326629
11684   935.780551  534285.052517
11685   935.860642  534306.777541
11686   935.940733  534328.501698
11687   936.020824  534350.224984
11688   936.100914  534371.947392
11689   936.181005  534393.668920
11690   936.261096  534415.389562
11691   936.341187  534437.109313
11692   936.421277  534458.828169
11693   936.501368  534480.546125
11694   936.581459  534502.263176
11695   936.661550  534523.979318
11696   936.741641  534545.694546
11697   936.821731  534567.408854
11698   936.901822  534589.122239
11699   936.981913  534610.834695
11700   937.062004  534632.546216
11701   937.142094  534654.256799
11702   937.222185  534675.966439
11703   937.302276  534697.675129
11704   937.382367  534719.382866
11705   937.462457  534741.089644
11706   937.542548  534762.795458
11707   937.622639  534784.500303
11708   937.702730  534806.204173
11709   937.782821  534827.907064
11710   937.862911  534849.608970
11711   937.943002  534871.309886
11712   938.023093  534893.009807
11713   938.103184  534914.708727
11714   938.183274  534936.406641
11715   938.263365  534958.103543
11716   938.343456  534979.799428
11717   938.423547  535001.494290
11718   938.503637  535023.188125
11719   938.583728  535044.880926
11720   938.663819  535066.572687
11721   938.743910  535088.263403
11722   938.824001  535109.953069
11723   938.904091  535131.641678
11724   938.984182  535153.329225
11725   939.064273  535175.015704
11726   939.144364  535196.701110
11727   939.224454  535218.385435
11728   939.304545  535240.068675
11729   939.384636  535261.750823
11730   939.464727  535283.431874
11731   939.544817  535305.111821
11732   939.624908  535326.790658
11733   939.704999  535348.468379
11734   939.785090  535370.144979
11735   939.865181  535391.820450
11736   939.945271  535413.494787
11737   940.025362  535435.167984
11738   940.105453  535456.840034
11739   940.185544  535478.510931
11740   940.265634  535500.180669
11741   940.345725  535521.849241
11742   940.425816  535543.516641
11743   940.505907  535565.182863
11744   940.585997  535586.847899
11745   940.666088  535608.511745
11746   940.746179  535630.174393
11747   940.826270  535651.835836
11748   940.906361  535673.496069
11749   940.986451  535695.155084
11750   941.066542  535716.812875
11751   941.146633  535738.469436
11752   941.226724  535760.124760
11753   941.306814  535781.778839
11754   941.386905  535803.431668
11755   941.466996  535825.083239
11756   941.547087  535846.733546
11757   941.627177  535868.382582
11758   941.707268  535890.030340
11759   941.787359  535911.676814
11760   941.867450  535933.321995
11761   941.947541  535954.965878
11762   942.027631  535976.608455
11763   942.107722  535998.249719
11764   942.187813  536019.889663
11765   942.267904  536041.528279
11766   942.347994  536063.165562
11767   942.428085  536084.801503
11768   942.508176  536106.436095
11769   942.588267  536128.069331
11770   942.668357  536149.701203
11771   942.748448  536171.331704
11772   942.828539  536192.960826
11773   942.908630  536214.588562
11774   942.988721  536236.214904
11775   943.068811  536257.839845
11776   943.148902  536279.463376
11777   943.228993  536301.085490
11778   943.309084  536322.706179
11779   943.389174  536344.325436
11780   943.469265  536365.943251
11781   943.549356  536387.559618
11782   943.629447  536409.174528
11783   943.709537  536430.787972
11784   943.789628  536452.399943
11785   943.869719  536474.010433
11786   943.949810  536495.619433
11787   944.029901  536517.226934
11788   944.109991  536538.832929
11789   944.190082  536560.437409
11790   944.270173  536582.040365
11791   944.350264  536603.641789
11792   944.430354  536625.241672
11793   944.510445  536646.840006
11794   944.590536  536668.436781
11795   944.670627  536690.031990
11796   944.750717  536711.625623
11797   944.830808  536733.217672
11798   944.910899  536754.808128
11799   944.990990  536776.396981
11800   945.071081  536797.984223
11801   945.151171  536819.569846
11802   945.231262  536841.153840
11803   945.311353  536862.736195
11804   945.391444  536884.316904
11805   945.471534  536905.895957
11806   945.551625  536927.473345
11807   945.631716  536949.049059
11808   945.711807  536970.623090
11809   945.791897  536992.195428
11810   945.871988  537013.766065
11811   945.952079  537035.334990
11812   946.032170  537056.902196
11813   946.112261  537078.467673
11814   946.192351  537100.031410
11815   946.272442  537121.593400
11816   946.352533  537143.153632
11817   946.432624  537164.712098
11818   946.512714  537186.268787
11819   946.592805  537207.823690
11820   946.672896  537229.376798
11821   946.752987  537250.928100
11822   946.833077  537272.477588
11823   946.913168  537294.025251
11824   946.993259  537315.571079
11825   947.073350  537337.115064
11826   947.153441  537358.657194
11827   947.233531  537380.197460
11828   947.313622  537401.735851
11829   947.393713  537423.272358
11830   947.473804  537444.806970
11831   947.553894  537466.339678
11832   947.633985  537487.870469
11833   947.714076  537509.399335
11834   947.794167  537530.926264
11835   947.874257  537552.451245
11836   947.954348  537573.974269
11837   948.034439  537595.495323
11838   948.114530  537617.014398
11839   948.194621  537638.531482
11840   948.274711  537660.046564
11841   948.354802  537681.559632
11842   948.434893  537703.070676
11843   948.514984  537724.579683
11844   948.595074  537746.086643
11845   948.675165  537767.591544
11846   948.755256  537789.094374
11847   948.835347  537810.595122
11848   948.915437  537832.093775
11849   948.995528  537853.590322
11850   949.075619  537875.084751
11851   949.155710  537896.577049
11852   949.235801  537918.067205
11853   949.315891  537939.555206
11854   949.395982  537961.041041
11855   949.476073  537982.524696
11856   949.556164  538004.006161
11857   949.636254  538025.485422
11858   949.716345  538046.962467
11859   949.796436  538068.437283
11860   949.876527  538089.909860
11861   949.956617  538111.380183
11862   950.036708  538132.848240
11863   950.116799  538154.314020
11864   950.196890  538175.777510
11865   950.276981  538197.238696
11866   950.357071  538218.697568
11867   950.437162  538240.154111
11868   950.517253  538261.608315
11869   950.597344  538283.060166
11870   950.677434  538304.509651
11871   950.757525  538325.956759
11872   950.837616  538347.401476
11873   950.917707  538368.843791
11874   950.997798  538390.283689
11875   951.077888  538411.721160
11876   951.157979  538433.156190
11877   951.238070  538454.588767
11878   951.318161  538476.018877
11879   951.398251  538497.446509
11880   951.478342  538518.871648
11881   951.558433  538540.294283
11882   951.638524  538561.714400
11883   951.718614  538583.131986
11884   951.798705  538604.547028
11885   951.878796  538625.959512
11886   951.958887  538647.369426
11887   952.038978  538668.776756
11888   952.119068  538690.181488
11889   952.199159  538711.583608
11890   952.279250  538732.983104
11891   952.359341  538754.379960
11892   952.439431  538775.774162
11893   952.519522  538797.165697
11894   952.599613  538818.554551
11895   952.679704  538839.940707
11896   952.759794  538861.324153
11897   952.839885  538882.704872
11898   952.919976  538904.082850
11899   953.000067  538925.458072
11900   953.080158  538946.830523
11901   953.160248  538968.200187
11902   953.240339  538989.567047
11903   953.320430  539010.931090
11904   953.400521  539032.292298
11905   953.480611  539053.650656
11906   953.560702  539075.006147
11907   953.640793  539096.358755
11908   953.720884  539117.708464
11909   953.800974  539139.055256
11910   953.881065  539160.399116
11911   953.961156  539181.740027
11912   954.041247  539203.077971
11913   954.121338  539224.412932
11914   954.201428  539245.744892
11915   954.281519  539267.073835
11916   954.361610  539288.399744
11917   954.441701  539309.722601
11918   954.521791  539331.042390
11919   954.601882  539352.359093
11920   954.681973  539373.672693
11921   954.762064  539394.983174
11922   954.842154  539416.290517
11923   954.922245  539437.594707
11924   955.002336  539458.895727
11925   955.082427  539480.193558
11926   955.162518  539501.488186
11927   955.242608  539522.779593
11928   955.322699  539544.067762
11929   955.402790  539565.352677
11930   955.482881  539586.634321
11931   955.562971  539607.912678
11932   955.643062  539629.187732
11933   955.723153  539650.459466
11934   955.803244  539671.727864
11935   955.883334  539692.992909
11936   955.963425  539714.254585
11937   956.043516  539735.512876
11938   956.123607  539756.767766
11939   956.203698  539778.019237
11940   956.283788  539799.267274
11941   956.363879  539820.511861
11942   956.443970  539841.752979
11943   956.524061  539862.990613
11944   956.604151  539884.224746
11945   956.684242  539905.455361
11946   956.764333  539926.682441
11947   956.844424  539947.905968
11948   956.924514  539969.125924
11949   957.004605  539990.342293
11950   957.084696  540011.555055
11951   957.164787  540032.764193
11952   957.244878  540053.969689
11953   957.324968  540075.171523
11954   957.405059  540096.369676
11955   957.485150  540117.564130
11956   957.565241  540138.754865
11957   957.645331  540159.941861
11958   957.725422  540181.125098
11959   957.805513  540202.304555
11960   957.885604  540223.480211
11961   957.965694  540244.652047
11962   958.045785  540265.820040
11963   958.125876  540286.984169
11964   958.205967  540308.144412
11965   958.286058  540329.300747
11966   958.366148  540350.453152
11967   958.446239  540371.601604
11968   958.526330  540392.746081
11969   958.606421  540413.886559
11970   958.686511  540435.023016
11971   958.766602  540456.155428
11972   958.846693  540477.283772
11973   958.926784  540498.408024
11974   959.006874  540519.528161
11975   959.086965  540540.644158
11976   959.167056  540561.755994
11977   959.247147  540582.863643
11978   959.327238  540603.967082
11979   959.407328  540625.066288
11980   959.487419  540646.161236
11981   959.567510  540667.251905
11982   959.647601  540688.338270
11983   959.727691  540709.420309
11984   959.807782  540730.497998
11985   959.887873  540751.571317
11986   959.967964  540772.640241
11987   960.048054  540793.704750
11988   960.128145  540814.764822
11989   960.208236  540835.820436
11990   960.288327  540856.871570
11991   960.368418  540877.918205
11992   960.448508  540898.960319
11993   960.528599  540919.997893
11994   960.608690  540941.030907
11995   960.688781  540962.059341
11996   960.768871  540983.083176
11997   960.848962  541004.102393
11998   960.929053  541025.116971
11999   961.009144  541046.126892
12000   961.089234  541067.132137
12001   961.169325  541088.132687
12002   961.249416  541109.128521
12003   961.329507  541130.119620
12004   961.409598  541151.105965
12005   961.489688  541172.087535
12006   961.569779  541193.064310
12007   961.649870  541214.036269
12008   961.729961  541235.003392
12009   961.810051  541255.965656
12010   961.890142  541276.923039
12011   961.970233  541297.875520
12012   962.050324  541318.823074
12013   962.130414  541339.765679
12014   962.210505  541360.703310
12015   962.290596  541381.635943
12016   962.370687  541402.563553
12017   962.450778  541423.486113
12018   962.530868  541444.403596
12019   962.610959  541465.315977
12020   962.691050  541486.223228
12021   962.771141  541507.125319
12022   962.851231  541528.022223
12023   962.931322  541548.913909
12024   963.011413  541569.800349
12025   963.091504  541590.681512
12026   963.171594  541611.557367
12027   963.251685  541632.427883
12028   963.331776  541653.293028
12029   963.411867  541674.152771
12030   963.491958  541695.007079
12031   963.572048  541715.855919
12032   963.652139  541736.699260
12033   963.732230  541757.537068
12034   963.812321  541778.369311
12035   963.892411  541799.195955
12036   963.972502  541820.016967
12037   964.052593  541840.832316
12038   964.132684  541861.641967
12039   964.212774  541882.445889
12040   964.292865  541903.244050
12041   964.372956  541924.036417
12042   964.453047  541944.822959
12043   964.533138  541965.603644
12044   964.613228  541986.378444
12045   964.693319  542007.147327
12046   964.773410  542027.910264
12047   964.853501  542048.667227
12048   964.933591  542069.418188
12049   965.013682  542090.163120
12050   965.093773  542110.901997
12051   965.173864  542131.634794
12052   965.253954  542152.361487
12053   965.334045  542173.082054
12054   965.414136  542193.796471
12055   965.494227  542214.504718
12056   965.574318  542235.206776
12057   965.654408  542255.902624
12058   965.734499  542276.592245
12059   965.814590  542297.275620
12060   965.894681  542317.952732
12061   965.974771  542338.623563
12062   966.054862  542359.288094
12063   966.134953  542379.946309
12064   966.215044  542400.598189
12065   966.295134  542421.243715
12066   966.375225  542441.882868
12067   966.455316  542462.515627
12068   966.535407  542483.141970
12069   966.615498  542503.761877
12070   966.695588  542524.375322
12071   966.775679  542544.982282
12072   966.855770  542565.582730
12073   966.935861  542586.176639
12074   967.015951  542606.763979
12075   967.096042  542627.344722
12076   967.176133  542647.918834
12077   967.256224  542668.486283
12078   967.336314  542689.047033
12079   967.416405  542709.601050
12080   967.496496  542730.148296
12081   967.576587  542750.688732
12082   967.656678  542771.222318
12083   967.736768  542791.749013
12084   967.816859  542812.268775
12085   967.896950  542832.781561
12086   967.977041  542853.287326
12087   968.057131  542873.786026
12088   968.137222  542894.277616
12089   968.217313  542914.762048
12090   968.297404  542935.239277
12091   968.377494  542955.709255
12092   968.457585  542976.171935
12093   968.537676  542996.627270
12094   968.617767  543017.075212
12095   968.697858  543037.515714
12096   968.777948  543057.948729
12097   968.858039  543078.374210
12098   968.938130  543098.792112
12099   969.018221  543119.202389
12100   969.098311  543139.604995
12101   969.178402  543159.999888
12102   969.258493  543180.387025
12103   969.338584  543200.766363
12104   969.418674  543221.137862
12105   969.498765  543241.501484
12106   969.578856  543261.857190
12107   969.658947  543282.204944
12108   969.739038  543302.544712
12109   969.819128  543322.876460
12110   969.899219  543343.200159
12111   969.979310  543363.515778
12112   970.059401  543383.823290
12113   970.139491  543404.122672
12114   970.219582  543424.413898
12115   970.299673  543444.696950
12116   970.379764  543464.971809
12117   970.459855  543485.238458
12118   970.539945  543505.496883
12119   970.620036  543525.747074
12120   970.700127  543545.989022
12121   970.780218  543566.222720
12122   970.860308  543586.448164
12123   970.940399  543606.665354
12124   971.020490  543626.874289
12125   971.100581  543647.074971
12126   971.180671  543667.267399
12127   971.260762  543687.451571
12128   971.340853  543707.627482
12129   971.420944  543727.795124
12130   971.501035  543747.954486
12131   971.581125  543768.105552
12132   971.661216  543788.248302
12133   971.741307  543808.382711
12134   971.821398  543828.508750
12135   971.901488  543848.626385
12136   971.981579  543868.735578
12137   972.061670  543888.836287
12138   972.141761  543908.928463
12139   972.221851  543929.012056
12140   972.301942  543949.087012
12141   972.382033  543969.153272
12142   972.462124  543989.210773
12143   972.542215  544009.259453
12144   972.622305  544029.299243
12145   972.702396  544049.330074
12146   972.782487  544069.351875
12147   972.862578  544089.364573
12148   972.942668  544109.368093
12149   973.022759  544129.362362
12150   973.102850  544149.347302
12151   973.182941  544169.322839
12152   973.263031  544189.288896
12153   973.343122  544209.245399
12154   973.423213  544229.192272
12155   973.503304  544249.129443
12156   973.583395  544269.056838
12157   973.663485  544288.974389
12158   973.743576  544308.882025
12159   973.823667  544328.779680
12160   973.903758  544348.667290
12161   973.983848  544368.544793
12162   974.063939  544388.412130
12163   974.144030  544408.269245
12164   974.224121  544428.116085
12165   974.304211  544447.952600
12166   974.384302  544467.778744
12167   974.464393  544487.594474
12168   974.544484  544507.399751
12169   974.624575  544527.194540
12170   974.704665  544546.978810
12171   974.784756  544566.752533
12172   974.864847  544586.515685
12173   974.944938  544606.268247
12174   975.025028  544626.010205
12175   975.105119  544645.741546
12176   975.185210  544665.462265
12177   975.265301  544685.172359
12178   975.345391  544704.871829
12179   975.425482  544724.560681
12180   975.505573  544744.238925
12181   975.585664  544763.906576
12182   975.665755  544783.563652
12183   975.745845  544803.210175
12184   975.825936  544822.846173
12185   975.906027  544842.471676
12186   975.986118  544862.086719
12187   976.066208  544881.691341
12188   976.146299  544901.285583
12189   976.226390  544920.869493
12190   976.306481  544940.443122
12191   976.386571  544960.006522
12192   976.466662  544979.559751
12193   976.546753  544999.102871
12194   976.626844  545018.635942
12195   976.706935  545038.158988
12196   976.787025  545057.672002
12197   976.867116  545077.174947
12198   976.947207  545096.667762
12199   977.027298  545116.150364
12200   977.107388  545135.622654
12201   977.187479  545155.084515
12202   977.267570  545174.535819
12203   977.347661  545193.976429
12204   977.427751  545213.406198
12205   977.507842  545232.824974
12206   977.587933  545252.232601
12207   977.668024  545271.628922
12208   977.748115  545291.013776
12209   977.828205  545310.387004
12210   977.908296  545329.748451
12211   977.988387  545349.097960
12212   978.068478  545368.435382
12213   978.148568  545387.760571
12214   978.228659  545407.073385
12215   978.308750  545426.373690
12216   978.388841  545445.661358
12217   978.468931  545464.936267
12218   978.549022  545484.198304
12219   978.629113  545503.447362
12220   978.709204  545522.683344
12221   978.789295  545541.906160
12222   978.869385  545561.115730
12223   978.949476  545580.311980
12224   979.029567  545599.494847
12225   979.109658  545618.664277
12226   979.189748  545637.820222
12227   979.269839  545656.962647
12228   979.349930  545676.091521
12229   979.430021  545695.206825
12230   979.510111  545714.308547
12231   979.590202  545733.396684
12232   979.670293  545752.471242
12233   979.750384  545771.532233
12234   979.830475  545790.579678
12235   979.910565  545809.613606
12236   979.990656  545828.634054
12237   980.070747  545847.641066
12238   980.150838  545866.634691
12239   980.230928  545885.614988
12240   980.311019  545904.582021
12241   980.391110  545923.535860
12242   980.471201  545942.476584
12243   980.551291  545961.404274
12244   980.631382  545980.319020
12245   980.711473  545999.220915
12246   980.791564  546018.110059
12247   980.871655  546036.986557
12248   980.951745  546055.850517
12249   981.031836  546074.702053
12250   981.111927  546093.541284
12251   981.192018  546112.368332
12252   981.272108  546131.183322
12253   981.352199  546149.986385
12254   981.432290  546168.777653
12255   981.512381  546187.557263
12256   981.592471  546206.325354
12257   981.672562  546225.082069
12258   981.752653  546243.827551
12259   981.832744  546262.561949
12260   981.912835  546281.285412
12261   981.992925  546299.998090
12262   982.073016  546318.700139
12263   982.153107  546337.391711
12264   982.233198  546356.072964
12265   982.313288  546374.743534
12266   982.393379  546393.402516
12267   982.473470  546412.049089
12268   982.553561  546430.682502
12269   982.633651  546449.302078
12270   982.713742  546467.907202
12271   982.793833  546486.497324
12272   982.873924  546505.071953
12273   982.954015  546523.630650
12274   983.034105  546542.173030
12275   983.114196  546560.698755
12276   983.194287  546579.207535
12277   983.274378  546597.699118
12278   983.354468  546616.173296
12279   983.434559  546634.629897
12280   983.514650  546653.068783
12281   983.594741  546671.489850
12282   983.674831  546689.893024
12283   983.754922  546708.278258
12284   983.835013  546726.645533
12285   983.915104  546744.994854
12286   983.995195  546763.326250
12287   984.075285  546781.639769
12288   984.155376  546799.935480
12289   984.235467  546818.213471
12290   984.315558  546836.473844
12291   984.395648  546854.716720
12292   984.475739  546872.942232
12293   984.555830  546891.150526
12294   984.635921  546909.341762
12295   984.716011  546927.516108
12296   984.796102  546945.673745
12297   984.876193  546963.814861
12298   984.956284  546981.939653
12299   985.036375  547000.048326
12300   985.116465  547018.141090
12301   985.196556  547036.218162
12302   985.276647  547054.279765
12303   985.356738  547072.326125
12304   985.436828  547090.357474
12305   985.516919  547108.374044
12306   985.597010  547126.376075
12307   985.677101  547144.363805
12308   985.757191  547162.337477
12309   985.837282  547180.297333
12310   985.917373  547198.243619
12311   985.997464  547216.176579
12312   986.077555  547234.096460
12313   986.157645  547252.003507
12314   986.237736  547269.897967
12315   986.317827  547287.780085
12316   986.397918  547305.650105
12317   986.478008  547323.508271
12318   986.558099  547341.354827
12319   986.638190  547359.190013
12320   986.718281  547377.014069
12321   986.798371  547394.827234
12322   986.878462  547412.629742
12323   986.958553  547430.421830
12324   987.038644  547448.203727
12325   987.118735  547465.975665
12326   987.198825  547483.737871
12327   987.278916  547501.490568
12328   987.359007  547519.233980
12329   987.439098  547536.968326
12330   987.519188  547554.693823
12331   987.599279  547572.410685
12332   987.679370  547590.119122
12333   987.759461  547607.819343
12334   987.839551  547625.511554
12335   987.919642  547643.195956
12336   987.999733  547660.847550
12337   988.079824  547678.462385
12338   988.159915  547696.041698
12339   988.240005  547713.586681
12340   988.320096  547731.098486
12341   988.400187  547748.578223
12342   988.480278  547766.026962
12343   988.560368  547783.445738
12344   988.640459  547800.835547
12345   988.720550  547818.197352
12346   988.800641  547835.532081
12347   988.880731  547852.840632
12348   988.960822  547870.123870
12349   989.040913  547887.382632
12350   989.121004  547904.617723
12351   989.201095  547921.829923
12352   989.281185  547939.019985
12353   989.361276  547956.188635
12354   989.441367  547973.336576
12355   989.521458  547990.464486
12356   989.601548  548007.573019
12357   989.681639  548024.662809
12358   989.761730  548041.734467
12359   989.841821  548058.788584
12360   989.921911  548075.825730
12361   990.002002  548092.846459
12362   990.082093  548109.851302
12363   990.162184  548126.840775
12364   990.242275  548143.815376
12365   990.322365  548160.775587
12366   990.402456  548177.721874
12367   990.482547  548194.654685
12368   990.562638  548211.574456
12369   990.642728  548228.481608
12370   990.722819  548245.376548
12371   990.802910  548262.259668
12372   990.883001  548279.131348
12373   990.963092  548295.991957
12374   991.043182  548312.841850
12375   991.123273  548329.681371
12376   991.203364  548346.510851
12377   991.283455  548363.330614
12378   991.363545  548380.140970
12379   991.443636  548396.942220
12380   991.523727  548413.734654
12381   991.603818  548430.518555
12382   991.683908  548447.294195
12383   991.763999  548464.061838
12384   991.844090  548480.821738
12385   991.924181  548497.574141
12386   992.004272  548514.319288
12387   992.084362  548531.057407
12388   992.164453  548547.788723
12389   992.244544  548564.513452
12390   992.324635  548581.231803
12391   992.404725  548597.943979
12392   992.484816  548614.650174
12393   992.564907  548631.350579
12394   992.644998  548648.045376
12395   992.725088  548664.734744
12396   992.805179  548681.418854
12397   992.885270  548698.097873
12398   992.965361  548714.771960
12399   993.045452  548731.441272
12400   993.125542  548748.105959
12401   993.205633  548764.766167
12402   993.285724  548781.422038
12403   993.365815  548798.073707
12404   993.445905  548814.721307
12405   993.525996  548831.364966
12406   993.606087  548848.004808
12407   993.686178  548864.640953
12408   993.766268  548881.273516
12409   993.846359  548897.902611
12410   993.926450  548914.528345
12411   994.006541  548931.150824
12412   994.086632  548947.770150
12413   994.166722  548964.386422
12414   994.246813  548980.999734
12415   994.326904  548997.610180
12416   994.406995  549014.217849
12417   994.487085  549030.822828
12418   994.567176  549047.425200
12419   994.647267  549064.025047
12420   994.727358  549080.622446
12421   994.807448  549097.217475
12422   994.887539  549113.810207
12423   994.967630  549130.400714
12424   995.047721  549146.989063
12425   995.127812  549163.575323
12426   995.207902  549180.159558
12427   995.287993  549196.741830
12428   995.368084  549213.322200
12429   995.448175  549229.900728
12430   995.528265  549246.477469
12431   995.608356  549263.052479
12432   995.688447  549279.625812
12433   995.768538  549296.197518
12434   995.848628  549312.767648
12435   995.928719  549329.336250
12436   996.008810  549345.903372
12437   996.088901  549362.469058
12438   996.168992  549379.033352
12439   996.249082  549395.596297
12440   996.329173  549412.157934
12441   996.409264  549428.718303
12442   996.489355  549445.277443
12443   996.569445  549461.835391
12444   996.649536  549478.392183
12445   996.729627  549494.947854
12446   996.809718  549511.502438
12447   996.889808  549528.055968
12448   996.969899  549544.608477
12449   997.049990  549561.159993
12450   997.130081  549577.710549
12451   997.210172  549594.260172
12452   997.290262  549610.808890
12453   997.370353  549627.356731
12454   997.450444  549643.903720
12455   997.530535  549660.449884
12456   997.610625  549676.995246
12457   997.690716  549693.539831
12458   997.770807  549710.083661
12459   997.850898  549726.626760
12460   997.930988  549743.169148
12461   998.011079  549759.710846
12462   998.091170  549776.251876
12463   998.171261  549792.792255
12464   998.251352  549809.332005
12465   998.331442  549825.871142
12466   998.411533  549842.409684
12467   998.491624  549858.947650
12468   998.571715  549875.485056
12469   998.651805  549892.021917
12470   998.731896  549908.558250
12471   998.811987  549925.094070
12472   998.892078  549941.629391
12473   998.972168  549958.164228
12474   999.052259  549974.698594
12475   999.132350  549991.232503
12476   999.212441  550007.765968
12477   999.292532  550024.299001
12478   999.372622  550040.831615
12479   999.452713  550057.363821
12480   999.532804  550073.895630
12481   999.612895  550090.427054
12482   999.692985  550106.958103
12483   999.773076  550123.488787
12484   999.853167  550140.019117
12485   999.933258  550156.549102
12486  1000.013348  550173.078752
12487  1000.093439  550189.608075
12488  1000.173530  550206.137081
12489  1000.253621  550222.665778
12490  1000.333712  550239.194174
12491  1000.413802  550255.722277
12492  1000.493893  550272.250095
12493  1000.573984  550288.777636
12494  1000.654075  550305.304906
12495  1000.734165  550321.831913
12496  1000.814256  550338.358663
12497  1000.894347  550354.885163
12498  1000.974438  550371.411420
12499  1001.054528  550387.937439
12500  1001.134619  550404.463227
12501  1001.214710  550420.988789
12502  1001.294801  550437.514131
12503  1001.374892  550454.039258
12504  1001.454982  550470.564177
12505  1001.535073  550487.088890
12506  1001.615164  550503.613405
12507  1001.695255  550520.137725
12508  1001.775345  550536.661855
12509  1001.855436  550553.185799
12510  1001.935527  550569.709562
12511  1002.015618  550586.233149
12512  1002.095708  550602.756562
12513  1002.175799  550619.279807
12514  1002.255890  550635.802886
12515  1002.335981  550652.325804
12516  1002.416072  550668.848564
12517  1002.496162  550685.371169
12518  1002.576253  550701.893624
12519  1002.656344  550718.415930
12520  1002.736435  550734.938092
12521  1002.816525  550751.460113
12522  1002.896616  550767.981994
12523  1002.976707  550784.503740
12524  1003.056798  550801.025352
12525  1003.136888  550817.546834
12526  1003.216979  550834.068188
12527  1003.297070  550850.589417
12528  1003.377161  550867.110523
12529  1003.457252  550883.631509
12530  1003.537342  550900.152376
12531  1003.617433  550916.673126
12532  1003.697524  550933.193763
12533  1003.777615  550949.714288
12534  1003.857705  550966.234703
12535  1003.937796  550982.755010
12536  1004.017887  550999.275211
12537  1004.097978  551015.795308
12538  1004.178068  551032.315302
12539  1004.258159  551048.835196
12540  1004.338250  551065.354990
12541  1004.418341  551081.874686
12542  1004.498432  551098.394286
12543  1004.578522  551114.913792
12544  1004.658613  551131.433205
12545  1004.738704  551147.952526
12546  1004.818795  551164.471756
12547  1004.898885  551180.990898
12548  1004.978976  551197.509951
12549  1005.059067  551214.028918
12550  1005.139158  551230.547800
12551  1005.219248  551247.066597
12552  1005.299339  551263.585312
12553  1005.379430  551280.103944
12554  1005.459521  551296.622495
12555  1005.539612  551313.140966
12556  1005.619702  551329.659358
12557  1005.699793  551346.177673
12558  1005.779884  551362.695909
12559  1005.859975  551379.214070
12560  1005.940065  551395.732155
12561  1006.020156  551412.250166
12562  1006.100247  551428.768103
12563  1006.180338  551445.285966
12564  1006.260428  551461.803758
12565  1006.340519  551478.321478
12566  1006.420610  551494.839127
12567  1006.500701  551511.356706
12568  1006.580792  551527.874215
12569  1006.660882  551544.391656
12570  1006.740973  551560.909028
12571  1006.821064  551577.426333
12572  1006.901155  551593.943570
12573  1006.981245  551610.460741
12574  1007.061336  551626.977846
12575  1007.141427  551643.494886
12576  1007.221518  551660.011860
12577  1007.301608  551676.528770
12578  1007.381699  551693.045616
12579  1007.461790  551709.562399
12580  1007.541881  551726.079118
12581  1007.621972  551742.595775
12582  1007.702062  551759.112369
12583  1007.782153  551775.628902
12584  1007.862244  551792.145373
12585  1007.942335  551808.661783
12586  1008.022425  551825.178132
12587  1008.102516  551841.694420
12588  1008.182607  551858.210649
12589  1008.262698  551874.726818
12590  1008.342788  551891.242927
12591  1008.422879  551907.758977
12592  1008.502970  551924.274969
12593  1008.583061  551940.790901
12594  1008.663152  551957.306776
12595  1008.743242  551973.822592
12596  1008.823333  551990.338351
12597  1008.903424  552006.854052
12598  1008.983515  552023.369696
12599  1009.063605  552039.885282
12600  1009.143696  552056.400812
12601  1009.223787  552072.916285
12602  1009.303878  552089.431702
12603  1009.383968  552105.947062
12604  1009.464059  552122.462367
12605  1009.544150  552138.977615
12606  1009.624241  552155.492808
12607  1009.704332  552172.007945
12608  1009.784422  552188.523027
12609  1009.864513  552205.038053
12610  1009.944604  552221.553025
12611  1010.024695  552238.067942
12612  1010.104785  552254.582803
12613  1010.184876  552271.097611
12614  1010.264967  552287.612363
12615  1010.345058  552304.127061
12616  1010.425149  552320.641705
12617  1010.505239  552337.156295
12618  1010.585330  552353.670831
12619  1010.665421  552370.185313
12620  1010.745512  552386.699741
12621  1010.825602  552403.214115
12622  1010.905693  552419.728436
12623  1010.985784  552436.242703
12624  1011.065875  552452.756916
12625  1011.145965  552469.271076
12626  1011.226056  552485.785183
12627  1011.306147  552502.299237
12628  1011.386238  552518.813237
12629  1011.466329  552535.327185
12630  1011.546419  552551.841079
12631  1011.626510  552568.354920
12632  1011.706601  552584.868709
12633  1011.786692  552601.382444
12634  1011.866782  552617.896127
12635  1011.946873  552634.409757
12636  1012.026964  552650.923334
12637  1012.107055  552667.436859
12638  1012.187145  552683.950331
12639  1012.267236  552700.463750
12640  1012.347327  552716.977117
12641  1012.427418  552733.490432
12642  1012.507509  552750.003694
12643  1012.587599  552766.516903
12644  1012.667690  552783.030060
12645  1012.747781  552799.543165
12646  1012.827872  552816.056217
12647  1012.907962  552832.569217
12648  1012.988053  552849.082165
12649  1013.068144  552865.595060
12650  1013.148235  552882.107903
12651  1013.228325  552898.620694
12652  1013.308416  552915.133433
12653  1013.388507  552931.646119
12654  1013.468598  552948.158754
12655  1013.548689  552964.671336
12656  1013.628779  552981.183865
12657  1013.708870  552997.696343
12658  1013.788961  553014.208768
12659  1013.869052  553030.721142
12660  1013.949142  553047.233463
12661  1014.029233  553063.745731
12662  1014.109324  553080.257948
12663  1014.189415  553096.770113
12664  1014.269505  553113.282225
12665  1014.349596  553129.794285
12666  1014.429687  553146.306293
12667  1014.509778  553162.818249
12668  1014.589869  553179.330153
12669  1014.669959  553195.842004
12670  1014.750050  553212.353803
12671  1014.830141  553228.865550
12672  1014.910232  553245.377245
12673  1014.990322  553261.888887
12674  1015.070413  553278.400477
12675  1015.150504  553294.912015
12676  1015.230595  553311.423501
12677  1015.310685  553327.934934
12678  1015.390776  553344.446316
12679  1015.470867  553360.957644
12680  1015.550958  553377.468921
12681  1015.631049  553393.980145
12682  1015.711139  553410.491316
12683  1015.791230  553427.002436
12684  1015.871321  553443.513502
12685  1015.951412  553460.024517
12686  1016.031502  553476.535479
12687  1016.111593  553493.046388
12688  1016.191684  553509.557245
12689  1016.271775  553526.068049
12690  1016.351865  553542.578801
12691  1016.431956  553559.089500
12692  1016.512047  553575.600147
12693  1016.592138  553592.110741
12694  1016.672229  553608.621282
12695  1016.752319  553625.131771
12696  1016.832410  553641.642207
12697  1016.912501  553658.152590
12698  1016.992592  553674.662921
12699  1017.072682  553691.173198
12700  1017.152773  553707.683423
12701  1017.232864  553724.193595
12702  1017.312955  553740.703714
12703  1017.393045  553757.213780
12704  1017.473136  553773.723794
12705  1017.553227  553790.233754
12706  1017.633318  553806.743661
12707  1017.713409  553823.253515
12708  1017.793499  553839.763316
12709  1017.873590  553856.273064
12710  1017.953681  553872.782759
12711  1018.033772  553889.292400
12712  1018.113862  553905.801989
12713  1018.193953  553922.311524
12714  1018.274044  553938.821006
12715  1018.354135  553955.330434
12716  1018.434225  553971.839809
12717  1018.514316  553988.349131
12718  1018.594407  554004.858399
12719  1018.674498  554021.367614
12720  1018.754589  554037.876775
12721  1018.834679  554054.385883
12722  1018.914770  554070.894937
12723  1018.994861  554087.403938
12724  1019.074952  554103.912885
12725  1019.155042  554120.421778
12726  1019.235133  554136.930617
12727  1019.315224  554153.439403
12728  1019.395315  554169.948134
12729  1019.475405  554186.456812
12730  1019.555496  554202.965436
12731  1019.635587  554219.474006
12732  1019.715678  554235.982522
12733  1019.795769  554252.490984
12734  1019.875859  554268.999392
12735  1019.955950  554285.507745
12736  1020.036041  554302.016045
12737  1020.116132  554318.524290
12738  1020.196222  554335.032481
12739  1020.276313  554351.540618
12740  1020.356404  554368.048700
12741  1020.436495  554384.556728
12742  1020.516585  554401.064702
12743  1020.596676  554417.572621
12744  1020.676767  554434.080485
12745  1020.756858  554450.588295
12746  1020.836949  554467.096050
12747  1020.917039  554483.603751
12748  1020.997130  554500.111397
12749  1021.077221  554516.618988
12750  1021.157312  554533.126524
12751  1021.237402  554549.634006
12752  1021.317493  554566.141432
12753  1021.397584  554582.648803
12754  1021.477675  554599.156120
12755  1021.557765  554615.663381
12756  1021.637856  554632.170588
12757  1021.717947  554648.677739
12758  1021.798038  554665.184835
12759  1021.878129  554681.691875
12760  1021.958219  554698.198861
12761  1022.038310  554714.705791
12762  1022.118401  554731.212665
12763  1022.198492  554747.719484
12764  1022.278582  554764.226248
12765  1022.358673  554780.732956
12766  1022.438764  554797.239608
12767  1022.518855  554813.746205
12768  1022.598945  554830.252745
12769  1022.679036  554846.759231
12770  1022.759127  554863.265660
12771  1022.839218  554879.772033
12772  1022.919309  554896.278351
12773  1022.999399  554912.784612
12774  1023.079490  554929.290817
12775  1023.159581  554945.796967
12776  1023.239672  554962.303060
12777  1023.319762  554978.809097
12778  1023.399853  554995.315077
12779  1023.479944  555011.821001
12780  1023.560035  555028.326869
12781  1023.640125  555044.832681
12782  1023.720216  555061.338435
12783  1023.800307  555077.844134
12784  1023.880398  555094.349775
12785  1023.960489  555110.855360
12786  1024.040579  555127.360889
12787  1024.120670  555143.866360
12788  1024.200761  555160.371775
12789  1024.280852  555176.877133
12790  1024.360942  555193.382433
12791  1024.441033  555209.887677
12792  1024.521124  555226.392864
12793  1024.601215  555242.897993
12794  1024.681305  555259.403065
12795  1024.761396  555275.908080
12796  1024.841487  555292.413038
12797  1024.921578  555308.917938
12798  1025.001669  555325.422781
12799  1025.081759  555341.927566
12800  1025.161850  555358.432294
12801  1025.241941  555374.936964
12802  1025.322032  555391.441576
12803  1025.402122  555407.946131
12804  1025.482213  555424.450627
12805  1025.562304  555440.955066
12806  1025.642395  555457.459447
12807  1025.722485  555473.963770
12808  1025.802576  555490.468035
12809  1025.882667  555506.972241
12810  1025.962758  555523.476390
12811  1026.042849  555539.980480
12812  1026.122939  555556.484512
12813  1026.203030  555572.988485
12814  1026.283121  555589.492400
12815  1026.363212  555605.996256
12816  1026.443302  555622.500054
12817  1026.523393  555639.003793
12818  1026.603484  555655.507473
12819  1026.683575  555672.011095
12820  1026.763665  555688.514658
12821  1026.843756  555705.018161
12822  1026.923847  555721.521606
12823  1027.003938  555738.024991
12824  1027.084029  555754.528318
12825  1027.164119  555771.031585
12826  1027.244210  555787.534793
12827  1027.324301  555804.037941
12828  1027.404392  555820.541030
12829  1027.484482  555837.044060
12830  1027.564573  555853.547030
12831  1027.644664  555870.049940
12832  1027.724755  555886.552791
12833  1027.804845  555903.055582
12834  1027.884936  555919.558313
12835  1027.965027  555936.060984
12836  1028.045118  555952.563595
12837  1028.125209  555969.066146
12838  1028.205299  555985.568637
12839  1028.285390  556002.071068
12840  1028.365481  556018.573438
12841  1028.445572  556035.075748
12842  1028.525662  556051.577997
12843  1028.605753  556068.080186
12844  1028.685844  556084.582315
12845  1028.765935  556101.084382
12846  1028.846025  556117.586389
12847  1028.926116  556134.088335
12848  1029.006207  556150.590221
12849  1029.086298  556167.092045
12850  1029.166389  556183.593808
12851  1029.246479  556200.095510
12852  1029.326570  556216.597151
12853  1029.406661  556233.098731
12854  1029.486752  556249.600249
12855  1029.566842  556266.101706
12856  1029.646933  556282.603101
12857  1029.727024  556299.104434
12858  1029.807115  556315.605706
12859  1029.887205  556332.106917
12860  1029.967296  556348.608065
12861  1030.047387  556365.109151
12862  1030.127478  556381.610176
12863  1030.207569  556398.111138
12864  1030.287659  556414.612038
12865  1030.367750  556431.112876
12866  1030.447841  556447.613652
12867  1030.527932  556464.114365
12868  1030.608022  556480.615016
12869  1030.688113  556497.115604
12870  1030.768204  556513.616129
12871  1030.848295  556530.116592
12872  1030.928386  556546.616992
12873  1031.008476  556563.117329
12874  1031.088567  556579.617603
12875  1031.168658  556596.117814
12876  1031.248749  556612.617962
12877  1031.328839  556629.118046
12878  1031.408930  556645.618067
12879  1031.489021  556662.118025
12880  1031.569112  556678.617919
12881  1031.649202  556695.117749
12882  1031.729293  556711.617516
12883  1031.809384  556728.117219
12884  1031.889475  556744.616859
12885  1031.969566  556761.116434
12886  1032.049656  556777.615945
12887  1032.129747  556794.115392
12888  1032.209838  556810.614775
12889  1032.289929  556827.114094
12890  1032.370019  556843.613348
12891  1032.450110  556860.112537
12892  1032.530201  556876.611662
12893  1032.610292  556893.110723
12894  1032.690382  556909.609718
12895  1032.770473  556926.108649
12896  1032.850564  556942.607515
12897  1032.930655  556959.106316
12898  1033.010746  556975.605051
12899  1033.090836  556992.103721
12900  1033.170927  557008.602326
12901  1033.251018  557025.100866
12902  1033.331109  557041.599340
12903  1033.411199  557058.097749
12904  1033.491290  557074.596091
12905  1033.571381  557091.094368
12906  1033.651472  557107.592579
12907  1033.731562  557124.090724
12908  1033.811653  557140.588803
12909  1033.891744  557157.086816
12910  1033.971835  557173.584762
12911  1034.051926  557190.082642
12912  1034.132016  557206.580456
12913  1034.212107  557223.078202
12914  1034.292198  557239.575883
12915  1034.372289  557256.073496
12916  1034.452379  557272.571043
12917  1034.532470  557289.068522
12918  1034.612561  557305.565935
12919  1034.692652  557322.063280
12920  1034.772742  557338.560558
12921  1034.852833  557355.057768
12922  1034.932924  557371.554911
12923  1035.013015  557388.051987
12924  1035.093106  557404.548994
12925  1035.173196  557421.045934
12926  1035.253287  557437.542806
12927  1035.333378  557454.039610
12928  1035.413469  557470.536346
12929  1035.493559  557487.033014
12930  1035.573650  557503.529613
12931  1035.653741  557520.026144
12932  1035.733832  557536.522606
12933  1035.813922  557553.019000
12934  1035.894013  557569.515324
12935  1035.974104  557586.011580
12936  1036.054195  557602.507767
12937  1036.134286  557619.003885
12938  1036.214376  557635.499934
12939  1036.294467  557651.995913
12940  1036.374558  557668.491823
12941  1036.454649  557684.987663
12942  1036.534739  557701.483434
12943  1036.614830  557717.979135
12944  1036.694921  557734.474766
12945  1036.775012  557750.970327
12946  1036.855102  557767.465818
12947  1036.935193  557783.961239
12948  1037.015284  557800.456589
12949  1037.095375  557816.951869
12950  1037.175466  557833.447079
12951  1037.255556  557849.942217
12952  1037.335647  557866.437285
12953  1037.415738  557882.932282
12954  1037.495829  557899.427209
12955  1037.575919  557915.922063
12956  1037.656010  557932.416847
12957  1037.736101  557948.911560
12958  1037.816192  557965.406200
12959  1037.896282  557981.900770
12960  1037.976373  557998.395267
12961  1038.056464  558014.889693
12962  1038.136555  558031.384047
12963  1038.216646  558047.878328
12964  1038.296736  558064.372538
12965  1038.376827  558080.866675
12966  1038.456918  558097.360739
12967  1038.537009  558113.854731
12968  1038.617099  558130.348651
12969  1038.697190  558146.842497
12970  1038.777281  558163.336271
12971  1038.857372  558179.829972
12972  1038.937462  558196.323599
12973  1039.017553  558212.817153
12974  1039.097644  558229.310634
12975  1039.177735  558245.804041
12976  1039.257826  558262.297374
12977  1039.337916  558278.790634
12978  1039.418007  558295.283819
12979  1039.498098  558311.776931
12980  1039.578189  558328.269968
12981  1039.658279  558344.762931
12982  1039.738370  558361.255820
12983  1039.818461  558377.748634
12984  1039.898552  558394.241373
12985  1039.978642  558410.734037
12986  1040.058733  558427.226627
12987  1040.138824  558443.719141
12988  1040.218915  558460.211580
12989  1040.299006  558476.703943
12990  1040.379096  558493.196232
12991  1040.459187  558509.688444
12992  1040.539278  558526.180581
12993  1040.619369  558542.672642
12994  1040.699459  558559.164626
12995  1040.779550  558575.656535
12996  1040.859641  558592.148367
12997  1040.939732  558608.640123
12998  1041.019822  558625.131802
12999  1041.099913  558641.623404
13000  1041.180004  558658.114930
13001  1041.260095  558674.606379
13002  1041.340186  558691.097750
13003  1041.420276  558707.589044
13004  1041.500367  558724.080261
13005  1041.580458  558740.571400
13006  1041.660549  558757.062461
13007  1041.740639  558773.553445
13008  1041.820730  558790.044350
13009  1041.900821  558806.535178
13010  1041.980912  558823.025927
13011  1042.061002  558839.516597
13012  1042.141093  558856.007189
13013  1042.221184  558872.497703
13014  1042.301275  558888.988137
13015  1042.381366  558905.478493
13016  1042.461456  558921.968769
13017  1042.541547  558938.458966
13018  1042.621638  558954.949084
13019  1042.701729  558971.439122
13020  1042.781819  558987.929080
13021  1042.861910  559004.418958
13022  1042.942001  559020.908756
13023  1043.022092  559037.398474
13024  1043.102182  559053.888112
13025  1043.182273  559070.377669
13026  1043.262364  559086.867146
13027  1043.342455  559103.356542
13028  1043.422546  559119.845856
13029  1043.502636  559136.335090
13030  1043.582727  559152.824243
13031  1043.662818  559169.313313
13032  1043.742909  559185.802303
13033  1043.822999  559202.291210
13034  1043.903090  559218.780036
13035  1043.983181  559235.268780
13036  1044.063272  559251.757441
13037  1044.143362  559268.246021
13038  1044.223453  559284.734517
13039  1044.303544  559301.222931
13040  1044.383635  559317.711262
13041  1044.463726  559334.199510
13042  1044.543816  559350.687675
13043  1044.623907  559367.175757
13044  1044.703998  559383.663755
13045  1044.784089  559400.151669
13046  1044.864179  559416.639500
13047  1044.944270  559433.127246
13048  1045.024361  559449.614909
13049  1045.104452  559466.102487
13050  1045.184542  559482.589980
13051  1045.264633  559499.077389
13052  1045.344724  559515.564714
13053  1045.424815  559532.051953
13054  1045.504906  559548.539107
13055  1045.584996  559565.026176
13056  1045.665087  559581.513159
13057  1045.745178  559598.000057
13058  1045.825269  559614.486868
13059  1045.905359  559630.973594
13060  1045.985450  559647.460234
13061  1046.065541  559663.946787
13062  1046.145632  559680.433254
13063  1046.225722  559696.919634
13064  1046.305813  559713.405927
13065  1046.385904  559729.892133
13066  1046.465995  559746.378252
13067  1046.546086  559762.864283
13068  1046.626176  559779.350227
13069  1046.706267  559795.836083
13070  1046.786358  559812.321852
13071  1046.866449  559828.807532
13072  1046.946539  559845.293124
13073  1047.026630  559861.778627
13074  1047.106721  559878.264042
13075  1047.186812  559894.749368
13076  1047.266902  559911.234605
13077  1047.346993  559927.719752
13078  1047.427084  559944.204811
13079  1047.507175  559960.689779
13080  1047.587266  559977.174658
13081  1047.667356  559993.659447
13082  1047.747447  560010.144146
13083  1047.827538  560026.628755
13084  1047.907629  560043.113273
13085  1047.987719  560059.597701
13086  1048.067810  560076.082037
13087  1048.147901  560092.566283
13088  1048.227992  560109.050437
13089  1048.308082  560125.534500
13090  1048.388173  560142.018471
13091  1048.468264  560158.502351
13092  1048.548355  560174.986138
13093  1048.628446  560191.469833
13094  1048.708536  560207.953436
13095  1048.788627  560224.436946
13096  1048.868718  560240.920363
13097  1048.948809  560257.403688
13098  1049.028899  560273.886919
13099  1049.108990  560290.370057
13100  1049.189081  560306.853101
13101  1049.269172  560323.336052
13102  1049.349262  560339.818908
13103  1049.429353  560356.301670
13104  1049.509444  560372.784338
13105  1049.589535  560389.266912
13106  1049.669626  560405.749390
13107  1049.749716  560422.231774
13108  1049.829807  560438.714062
13109  1049.909898  560455.196255
13110  1049.989989  560471.678352
13111  1050.070079  560488.160354
13112  1050.150170  560504.642259
13113  1050.230261  560521.124069
13114  1050.310352  560537.605782
13115  1050.390443  560554.087398
13116  1050.470533  560570.568917
13117  1050.550624  560587.050340
13118  1050.630715  560603.531665
13119  1050.710806  560620.012892
13120  1050.790896  560636.494022
13121  1050.870987  560652.975054
13122  1050.951078  560669.455988
13123  1051.031169  560685.936823
13124  1051.111259  560702.417560
13125  1051.191350  560718.898199
13126  1051.271441  560735.378738
13127  1051.351532  560751.859178
13128  1051.431623  560768.339518
13129  1051.511713  560784.819759
13130  1051.591804  560801.299901
13131  1051.671895  560817.779942
13132  1051.751986  560834.259882
13133  1051.832076  560850.739722
13134  1051.912167  560867.219462
13135  1051.992258  560883.699100
13136  1052.072349  560900.178638
13137  1052.152439  560916.658074
13138  1052.232530  560933.137408
13139  1052.312621  560949.616640
13140  1052.392712  560966.095770
13141  1052.472803  560982.574798
13142  1052.552893  560999.053724
13143  1052.632984  561015.532546
13144  1052.713075  561032.011266
13145  1052.793166  561048.489882
13146  1052.873256  561064.968395
13147  1052.953347  561081.446804
13148  1053.033438  561097.925109
13149  1053.113529  561114.403310
13150  1053.193619  561130.881407
13151  1053.273710  561147.359399
13152  1053.353801  561163.837286
13153  1053.433892  561180.315068
13154  1053.513983  561196.792744
13155  1053.594073  561213.270315
13156  1053.674164  561229.747780
13157  1053.754255  561246.225139
13158  1053.834346  561262.702392
13159  1053.914436  561279.179538
13160  1053.994527  561295.656577
13161  1054.074618  561312.133509
13162  1054.154709  561328.610334
13163  1054.234799  561345.087051
13164  1054.314890  561361.563661
13165  1054.394981  561378.040163
13166  1054.475072  561394.516556
13167  1054.555163  561410.992840
13168  1054.635253  561427.469016
13169  1054.715344  561443.945083
13170  1054.795435  561460.421041
13171  1054.875526  561476.896889
13172  1054.955616  561493.372627
13173  1055.035707  561509.848255
13174  1055.115798  561526.323773
13175  1055.195889  561542.799180
13176  1055.275979  561559.274476
13177  1055.356070  561575.749662
13178  1055.436161  561592.224736
13179  1055.516252  561608.699698
13180  1055.596343  561625.174548
13181  1055.676433  561641.649287
13182  1055.756524  561658.123913
13183  1055.836615  561674.598426
13184  1055.916706  561691.072827
13185  1055.996796  561707.547114
13186  1056.076887  561724.021288
13187  1056.156978  561740.495348
13188  1056.237069  561756.969294
13189  1056.317159  561773.443126
13190  1056.397250  561789.916843
13191  1056.477341  561806.390446
13192  1056.557432  561822.863933
13193  1056.637523  561839.337306
13194  1056.717613  561855.810562
13195  1056.797704  561872.283703
13196  1056.877795  561888.756728
13197  1056.957886  561905.229636
13198  1057.037976  561921.702427
13199  1057.118067  561938.175102
13200  1057.198158  561954.647659
13201  1057.278249  561971.120099
13202  1057.358339  561987.592421
13203  1057.438430  562004.064624
13204  1057.518521  562020.536710
13205  1057.598612  562037.008676
13206  1057.678703  562053.480524
13207  1057.758793  562069.952253
13208  1057.838884  562086.423862
13209  1057.918975  562102.895351
13210  1057.999066  562119.366720
13211  1058.079156  562135.837969
13212  1058.159247  562152.309097
13213  1058.239338  562168.780104
13214  1058.319429  562185.250990
13215  1058.399519  562201.721755
13216  1058.479610  562218.192397
13217  1058.559701  562234.662918
13218  1058.639792  562251.133316
13219  1058.719883  562267.603591
13220  1058.799973  562284.073743
13221  1058.880064  562300.543772
13222  1058.960155  562317.013677
13223  1059.040246  562333.483459
13224  1059.120336  562349.953116
13225  1059.200427  562366.422649
13226  1059.280518  562382.892056
13227  1059.360609  562399.361339
13228  1059.440699  562415.830496
13229  1059.520790  562432.299528
13230  1059.600881  562448.768433
13231  1059.680972  562465.237213
13232  1059.761063  562481.705865
13233  1059.841153  562498.174391
13234  1059.921244  562514.642789
13235  1060.001335  562531.111060
13236  1060.081426  562547.579202
13237  1060.161516  562564.047217
13238  1060.241607  562580.515103
13239  1060.321698  562596.982860
13240  1060.401789  562613.450488
13241  1060.481879  562629.917986
13242  1060.561970  562646.385355
13243  1060.642061  562662.852594
13244  1060.722152  562679.319702
13245  1060.802243  562695.786679
13246  1060.882333  562712.253525
13247  1060.962424  562728.720240
13248  1061.042515  562745.186823
13249  1061.122606  562761.653274
13250  1061.202696  562778.119593
13251  1061.282787  562794.585779
13252  1061.362878  562811.051831
13253  1061.442969  562827.517751
13254  1061.523059  562843.983537
13255  1061.603150  562860.449188
13256  1061.683241  562876.914706
13257  1061.763332  562893.380088
13258  1061.843423  562909.845336
13259  1061.923513  562926.310448
13260  1062.003604  562942.775424
13261  1062.083695  562959.240264
13262  1062.163786  562975.704968
13263  1062.243876  562992.169536
13264  1062.323967  563008.633966
13265  1062.404058  563025.098258
13266  1062.484149  563041.562413
13267  1062.564239  563058.026430
13268  1062.644330  563074.490308
13269  1062.724421  563090.954047
13270  1062.804512  563107.417648
13271  1062.884603  563123.881108
13272  1062.964693  563140.344429
13273  1063.044784  563156.807610
13274  1063.124875  563173.270650
13275  1063.204966  563189.733549
13276  1063.285056  563206.196307
13277  1063.365147  563222.658923
13278  1063.445238  563239.121397
13279  1063.525329  563255.583729
13280  1063.605419  563272.045918
13281  1063.685510  563288.507964
13282  1063.765601  563304.969867
13283  1063.845692  563321.431625
13284  1063.925783  563337.893240
13285  1064.005873  563354.354710
13286  1064.085964  563370.816035
13287  1064.166055  563387.277215
13288  1064.246146  563403.738249
13289  1064.326236  563420.199137
13290  1064.406327  563436.659879
13291  1064.486418  563453.120474
13292  1064.566509  563469.580922
13293  1064.646599  563486.041222
13294  1064.726690  563502.501375
13295  1064.806781  563518.961379
13296  1064.886872  563535.421234
13297  1064.966963  563551.880941
13298  1065.047053  563568.340498
13299  1065.127144  563584.799905
13300  1065.207235  563601.259162
13301  1065.287326  563617.718269
13302  1065.367416  563634.177225
13303  1065.447507  563650.636029
13304  1065.527598  563667.094681
13305  1065.607689  563683.553182
13306  1065.687779  563700.011530
13307  1065.767870  563716.469725
13308  1065.847961  563732.927767
13309  1065.928052  563749.385655
13310  1066.008143  563765.843389
13311  1066.088233  563782.300968
13312  1066.168324  563798.758393
13313  1066.248415  563815.215662
13314  1066.328506  563831.672776
13315  1066.408596  563848.129733
13316  1066.488687  563864.586535
13317  1066.568778  563881.043179
13318  1066.648869  563897.499666
13319  1066.728959  563913.955995
13320  1066.809050  563930.412166
13321  1066.889141  563946.868179
13322  1066.969232  563963.324032
13323  1067.049323  563979.779727
13324  1067.129413  563996.235261
13325  1067.209504  564012.690636
13326  1067.289595  564029.145850
13327  1067.369686  564045.600902
13328  1067.449776  564062.055794
13329  1067.529867  564078.510523
13330  1067.609958  564094.965091
13331  1067.690049  564111.419495
13332  1067.770139  564127.873737
13333  1067.850230  564144.327815
13334  1067.930321  564160.781729
13335  1068.010412  564177.235479
13336  1068.090503  564193.689063
13337  1068.170593  564210.142483
13338  1068.250684  564226.595737
13339  1068.330775  564243.048825
13340  1068.410866  564259.501746
13341  1068.490956  564275.954500
13342  1068.571047  564292.407087
13343  1068.651138  564308.859506
13344  1068.731229  564325.311756
13345  1068.811319  564341.763838
13346  1068.891410  564358.215751
13347  1068.971501  564374.667494
13348  1069.051592  564391.119067
13349  1069.131683  564407.570470
13350  1069.211773  564424.021701
13351  1069.291864  564440.472762
13352  1069.371955  564456.923650
13353  1069.452046  564473.374366
13354  1069.532136  564489.824909
13355  1069.612227  564506.275279
13356  1069.692318  564522.725475
13357  1069.772409  564539.175497
13358  1069.852499  564555.625345
13359  1069.932590  564572.075018
13360  1070.012681  564588.524515
13361  1070.092772  564604.973836
13362  1070.172863  564621.422980
13363  1070.252953  564637.871948
13364  1070.333044  564654.320738
13365  1070.413135  564670.769350
13366  1070.493226  564687.217784
13367  1070.573316  564703.666040
13368  1070.653407  564720.114116
13369  1070.733498  564736.562012
13370  1070.813589  564753.009728
13371  1070.893680  564769.457264
13372  1070.973770  564785.904618
13373  1071.053861  564802.351790
13374  1071.133952  564818.798781
13375  1071.214043  564835.245589
13376  1071.294133  564851.692213
13377  1071.374224  564868.138655
13378  1071.454315  564884.584912
13379  1071.534406  564901.030984
13380  1071.614496  564917.476872
13381  1071.694587  564933.922574
13382  1071.774678  564950.368089
13383  1071.854769  564966.813419
13384  1071.934860  564983.258561
13385  1072.014950  564999.703516
13386  1072.095041  565016.148283
13387  1072.175132  565032.592861
13388  1072.255223  565049.037250
13389  1072.335313  565065.481450
13390  1072.415404  565081.925459
13391  1072.495495  565098.369279
13392  1072.575586  565114.812907
13393  1072.655676  565131.256343
13394  1072.735767  565147.699588
13395  1072.815858  565164.142639
13396  1072.895949  565180.585498
13397  1072.976040  565197.028163
13398  1073.056130  565213.470634
13399  1073.136221  565229.912911
13400  1073.216312  565246.354992
13401  1073.296403  565262.796877
13402  1073.376493  565279.238567
13403  1073.456584  565295.680059
13404  1073.536675  565312.121354
13405  1073.616766  565328.562452
13406  1073.696856  565345.003351
13407  1073.776947  565361.444051
13408  1073.857038  565377.884552
13409  1073.937129  565394.324853
13410  1074.017220  565410.764953
13411  1074.097310  565427.204853
13412  1074.177401  565443.644551
13413  1074.257492  565460.084047
13414  1074.337583  565476.523340
13415  1074.417673  565492.962430
13416  1074.497764  565509.401316
13417  1074.577855  565525.839998
13418  1074.657946  565542.278476
13419  1074.738036  565558.716748
13420  1074.818127  565575.154814
13421  1074.898218  565591.592673
13422  1074.978309  565608.030326
13423  1075.058400  565624.467771
13424  1075.138490  565640.905007
13425  1075.218581  565657.342036
13426  1075.298672  565673.778854
13427  1075.378763  565690.215463
13428  1075.458853  565706.651862
13429  1075.538944  565723.088050
13430  1075.619035  565739.524026
13431  1075.699126  565755.959790
13432  1075.779216  565772.395341
13433  1075.859307  565788.830680
13434  1075.939398  565805.265804
13435  1076.019489  565821.700714
13436  1076.099580  565838.135409
13437  1076.179670  565854.569888
13438  1076.259761  565871.004152
13439  1076.339852  565887.438198
13440  1076.419943  565903.872028
13441  1076.500033  565920.305639
13442  1076.580124  565936.739032
13443  1076.660215  565953.172206
13444  1076.740306  565969.605160
13445  1076.820396  565986.037894
13446  1076.900487  566002.470407
13447  1076.980578  566018.902699
13448  1077.060669  566035.334769
13449  1077.140760  566051.766616
13450  1077.220850  566068.198239
13451  1077.300941  566084.629639
13452  1077.381032  566101.060815
13453  1077.461123  566117.491765
13454  1077.541213  566133.922490
13455  1077.621304  566150.352988
13456  1077.701395  566166.783260
13457  1077.781486  566183.213304
13458  1077.861576  566199.643120
13459  1077.941667  566216.072707
13460  1078.021758  566232.502065
13461  1078.101849  566248.931193
13462  1078.181940  566265.360090
13463  1078.262030  566281.788756
13464  1078.342121  566298.217190
13465  1078.422212  566314.645391
13466  1078.502303  566331.073360
13467  1078.582393  566347.501095
13468  1078.662484  566363.928595
13469  1078.742575  566380.355860
13470  1078.822666  566396.782890
13471  1078.902756  566413.209683
13472  1078.982847  566429.636240
13473  1079.062938  566446.062558
13474  1079.143029  566462.488639
13475  1079.223120  566478.914481
13476  1079.303210  566495.340083
13477  1079.383301  566511.765445
13478  1079.463392  566528.190566
13479  1079.543483  566544.615445
13480  1079.623573  566561.040083
13481  1079.703664  566577.464478
13482  1079.783755  566593.888629
13483  1079.863846  566610.312536
13484  1079.943936  566626.736198
13485  1080.024027  566643.159615
13486  1080.104118  566659.582786
13487  1080.184209  566676.005710
13488  1080.264300  566692.428386
13489  1080.344390  566708.850815
13490  1080.424481  566725.272994
13491  1080.504572  566741.694924
13492  1080.584663  566758.116604
13493  1080.664753  566774.538033
13494  1080.744844  566790.959211
13495  1080.824935  566807.380136
13496  1080.905026  566823.800808
13497  1080.985116  566840.221227
13498  1081.065207  566856.641392
13499  1081.145298  566873.061301
13500  1081.225389  566889.480955
13501  1081.305480  566905.900352
13502  1081.385570  566922.319493
13503  1081.465661  566938.738376
13504  1081.545752  566955.157000
13505  1081.625843  566971.575365
13506  1081.705933  566987.993470
13507  1081.786024  567004.411314
13508  1081.866115  567020.828898
13509  1081.946206  567037.246219
13510  1082.026296  567053.663278
13511  1082.106387  567070.080073
13512  1082.186478  567086.496604
13513  1082.266569  567102.912870
13514  1082.346660  567119.328870
13515  1082.426750  567135.744604
13516  1082.506841  567152.160071
13517  1082.586932  567168.575271
13518  1082.667023  567184.990202
13519  1082.747113  567201.404863
13520  1082.827204  567217.819255
13521  1082.907295  567234.233376
13522  1082.987386  567250.647225
13523  1083.067476  567267.060802
13524  1083.147567  567283.474107
13525  1083.227658  567299.887137
13526  1083.307749  567316.299894
13527  1083.387840  567332.712375
13528  1083.467930  567349.124580
13529  1083.548021  567365.536508
13530  1083.628112  567381.948159
13531  1083.708203  567398.359532
13532  1083.788293  567414.770626
13533  1083.868384  567431.181440
13534  1083.948475  567447.591974
13535  1084.028566  567464.002227
13536  1084.108656  567480.412197
13537  1084.188747  567496.821885
13538  1084.268838  567513.231289
13539  1084.348929  567529.640409
13540  1084.429020  567546.049244
13541  1084.509110  567562.457793
13542  1084.589201  567578.866055
13543  1084.669292  567595.274030
13544  1084.749383  567611.681716
13545  1084.829473  567628.089114
13546  1084.909564  567644.496222
13547  1084.989655  567660.903039
13548  1085.069746  567677.309565
13549  1085.149836  567693.715799
13550  1085.229927  567710.121739
13551  1085.310018  567726.527386
13552  1085.390109  567742.932739
13553  1085.470200  567759.337796
13554  1085.550290  567775.742557
13555  1085.630381  567792.147021
13556  1085.710472  567808.551187
13557  1085.790563  567824.955054
13558  1085.870653  567841.358622
13559  1085.950744  567857.761890
13560  1086.030835  567874.164857
13561  1086.110926  567890.567522
13562  1086.191016  567906.969884
13563  1086.271107  567923.371943
13564  1086.351198  567939.773697
13565  1086.431289  567956.175146
13566  1086.511380  567972.576289
13567  1086.591470  567988.977125
13568  1086.671561  568005.377654
13569  1086.751652  568021.777874
13570  1086.831743  568038.177785
13571  1086.911833  568054.577385
13572  1086.991924  568070.976674
13573  1087.072015  568087.375652
13574  1087.152106  568103.774317
13575  1087.232196  568120.172668
13576  1087.312287  568136.570704
13577  1087.392378  568152.968426
13578  1087.472469  568169.365831
13579  1087.552560  568185.762919
13580  1087.632650  568202.159689
13581  1087.712741  568218.556140
13582  1087.792832  568234.952272
13583  1087.872923  568251.348083
13584  1087.953013  568267.743573
13585  1088.033104  568284.138740
13586  1088.113195  568300.533585
13587  1088.193286  568316.928105
13588  1088.273376  568333.322301
13589  1088.353467  568349.716170
13590  1088.433558  568366.109713
13591  1088.513649  568382.502929
13592  1088.593740  568398.895816
13593  1088.673830  568415.288373
13594  1088.753921  568431.680600
13595  1088.834012  568448.072497
13596  1088.914103  568464.464061
13597  1088.994193  568480.855292
13598  1089.074284  568497.246189
13599  1089.154375  568513.636752
13600  1089.234466  568530.026978
13601  1089.314556  568546.416869
13602  1089.394647  568562.806421
13603  1089.474738  568579.195635
13604  1089.554829  568595.584510
13605  1089.634920  568611.973045
13606  1089.715010  568628.361238
13607  1089.795101  568644.749089
13608  1089.875192  568661.136598
13609  1089.955283  568677.523762
13610  1090.035373  568693.910581
13611  1090.115464  568710.297054
13612  1090.195555  568726.683181
13613  1090.275646  568743.068960
13614  1090.355737  568759.454390
13615  1090.435827  568775.839470
13616  1090.515918  568792.224200
13617  1090.596009  568808.608578
13618  1090.676100  568824.992604
13619  1090.756190  568841.376276
13620  1090.836281  568857.759594
13621  1090.916372  568874.142556
13622  1090.996463  568890.525162
13623  1091.076553  568906.907411
13624  1091.156644  568923.289302
13625  1091.236735  568939.670833
13626  1091.316826  568956.052004
13627  1091.396917  568972.432813
13628  1091.477007  568988.813261
13629  1091.557098  569005.193345
13630  1091.637189  569021.573065
13631  1091.717280  569037.952420
13632  1091.797370  569054.331409
13633  1091.877461  569070.710031
13634  1091.957552  569087.088284
13635  1092.037643  569103.466169
13636  1092.117733  569119.843683
13637  1092.197824  569136.220826
13638  1092.277915  569152.597597
13639  1092.358006  569168.973995
13640  1092.438097  569185.350018
13641  1092.518187  569201.725667
13642  1092.598278  569218.100939
13643  1092.678369  569234.475834
13644  1092.758460  569250.850351
13645  1092.838550  569267.224488
13646  1092.918641  569283.598246
13647  1092.998732  569299.971621
13648  1093.078823  569316.344615
13649  1093.158913  569332.717225
13650  1093.239004  569349.089451
13651  1093.319095  569365.461291
13652  1093.399186  569381.832745
13653  1093.479277  569398.203811
13654  1093.559367  569414.574488
13655  1093.639458  569430.944776
13656  1093.719549  569447.314673
13657  1093.799640  569463.684179
13658  1093.879730  569480.053291
13659  1093.959821  569496.422010
13660  1094.039912  569512.790334
13661  1094.120003  569529.158261
13662  1094.200093  569545.525792
13663  1094.280184  569561.892925
13664  1094.360275  569578.259658
13665  1094.440366  569594.625991
13666  1094.520457  569610.991922
13667  1094.600547  569627.357451
13668  1094.680638  569643.722577
13669  1094.760729  569660.087297
13670  1094.840820  569676.451612
13671  1094.920910  569692.815521
13672  1095.001001  569709.179021
13673  1095.081092  569725.542112
13674  1095.161183  569741.904793
13675  1095.241273  569758.267063
13676  1095.321364  569774.628921
13677  1095.401455  569790.990365
13678  1095.481546  569807.351394
13679  1095.561637  569823.712008
13680  1095.641727  569840.072205
13681  1095.721818  569856.431984
13682  1095.801909  569872.791344
13683  1095.882000  569889.150284
13684  1095.962090  569905.508802
13685  1096.042181  569921.866898
13686  1096.122272  569938.224570
13687  1096.202363  569954.581818
13688  1096.282453  569970.938640
13689  1096.362544  569987.295035
13690  1096.442635  570003.651001
13691  1096.522726  570020.006538
13692  1096.602817  570036.361645
13693  1096.682907  570052.716321
13694  1096.762998  570069.070563
13695  1096.843089  570085.424371
13696  1096.923180  570101.777745
13697  1097.003270  570118.130682
13698  1097.083361  570134.483182
13699  1097.163452  570150.835243
13700  1097.243543  570167.186864
13701  1097.323633  570183.538044
13702  1097.403724  570199.888782
13703  1097.483815  570216.239077
13704  1097.563906  570232.588927
13705  1097.643997  570248.938332
13706  1097.724087  570265.287289
13707  1097.804178  570281.635799
13708  1097.884269  570297.983859
13709  1097.964360  570314.331469
13710  1098.044450  570330.678627
13711  1098.124541  570347.025332
13712  1098.204632  570363.371583
13713  1098.284723  570379.717378
13714  1098.364813  570396.062717
13715  1098.444904  570412.407598
13716  1098.524995  570428.752020
13717  1098.605086  570445.095982
13718  1098.685177  570461.439483
13719  1098.765267  570477.782520
13720  1098.845358  570494.125094
13721  1098.925449  570510.467203
13722  1099.005540  570526.808845
13723  1099.085630  570543.150020
13724  1099.165721  570559.490725
13725  1099.245812  570575.830961
13726  1099.325903  570592.170725
13727  1099.405993  570608.510016
13728  1099.486084  570624.848834
13729  1099.566175  570641.187176
13730  1099.646266  570657.525042
13731  1099.726357  570673.862430
13732  1099.806447  570690.199339
13733  1099.886538  570706.535768
13734  1099.966629  570722.871715
13735  1100.046720  570739.207180
13736  1100.126810  570755.542160
13737  1100.206901  570771.876655
13738  1100.286992  570788.210663
13739  1100.367083  570804.544184
13740  1100.447173  570820.877215
13741  1100.527264  570837.209755
13742  1100.607355  570853.541804
13743  1100.687446  570869.873359
13744  1100.767537  570886.204420
13745  1100.847627  570902.534985
13746  1100.927718  570918.865053
13747  1101.007809  570935.194622
13748  1101.087900  570951.523692
13749  1101.167990  570967.852261
13750  1101.248081  570984.180327
13751  1101.328172  571000.507890
13752  1101.408263  571016.834947
13753  1101.488353  571033.161498
13754  1101.568444  571049.487541
13755  1101.648535  571065.813075
13756  1101.728626  571082.138099
13757  1101.808717  571098.462611
13758  1101.888807  571114.786610
13759  1101.968898  571131.110094
13760  1102.048989  571147.433063
13761  1102.129080  571163.755514
13762  1102.209170  571180.077446
13763  1102.289261  571196.398859
13764  1102.369352  571212.719750
13765  1102.449443  571229.040119
13766  1102.529533  571245.359963
13767  1102.609624  571261.679282
13768  1102.689715  571277.998075
13769  1102.769806  571294.316339
13770  1102.849897  571310.634073
13771  1102.929987  571326.951276
13772  1103.010078  571343.267947
13773  1103.090169  571359.584084
13774  1103.170260  571375.899686
13775  1103.250350  571392.214751
13776  1103.330441  571408.529278
13777  1103.410532  571424.843266
13778  1103.490623  571441.156713
13779  1103.570713  571457.469617
13780  1103.650804  571473.781978
13781  1103.730895  571490.093793
13782  1103.810986  571506.405062
13783  1103.891077  571522.715783
13784  1103.971167  571539.025955
13785  1104.051258  571555.335576
13786  1104.131349  571571.644644
13787  1104.211440  571587.953158
13788  1104.291530  571604.261118
13789  1104.371621  571620.568520
13790  1104.451712  571636.875365
13791  1104.531803  571653.181649
13792  1104.611893  571669.487373
13793  1104.691984  571685.792534
13794  1104.772075  571702.097132
13795  1104.852166  571718.401163
13796  1104.932257  571734.704628
13797  1105.012347  571751.007524
13798  1105.092438  571767.309850
13799  1105.172529  571783.611605
13800  1105.252620  571799.912787
13801  1105.332710  571816.213395
13802  1105.412801  571832.513427
13803  1105.492892  571848.812881
13804  1105.572983  571865.111756
13805  1105.653073  571881.410051
13806  1105.733164  571897.707764
13807  1105.813255  571914.004894
13808  1105.893346  571930.301438
13809  1105.973437  571946.597396
13810  1106.053527  571962.892766
13811  1106.133618  571979.187547
13812  1106.213709  571995.481736
13813  1106.293800  572011.775333
13814  1106.373890  572028.068336
13815  1106.453981  572044.360743
13816  1106.534072  572060.652552
13817  1106.614163  572076.943763
13818  1106.694253  572093.234374
13819  1106.774344  572109.524383
13820  1106.854435  572125.813788
13821  1106.934526  572142.102588
13822  1107.014617  572158.390782
13823  1107.094707  572174.678367
13824  1107.174798  572190.965343
13825  1107.254889  572207.251707
13826  1107.334980  572223.537459
13827  1107.415070  572239.822596
13828  1107.495161  572256.107117
13829  1107.575252  572272.391020
13830  1107.655343  572288.674304
13831  1107.735433  572304.956967
13832  1107.815524  572321.239008
13833  1107.895615  572337.520424
13834  1107.975706  572353.801215
13835  1108.055797  572370.081379
13836  1108.135887  572386.360913
13837  1108.215978  572402.639818
13838  1108.296069  572418.918090
13839  1108.376160  572435.195728
13840  1108.456250  572451.472731
13841  1108.536341  572467.749097
13842  1108.616432  572484.024824
13843  1108.696523  572500.299910
13844  1108.776613  572516.574355
13845  1108.856704  572532.848156
13846  1108.936795  572549.121312
13847  1109.016886  572565.393821
13848  1109.096977  572581.665682
13849  1109.177067  572597.936892
13850  1109.257158  572614.207450
13851  1109.337249  572630.477355
13852  1109.417340  572646.746604
13853  1109.497430  572663.015196
13854  1109.577521  572679.283130
13855  1109.657612  572695.550404
13856  1109.737703  572711.817015
13857  1109.817793  572728.082963
13858  1109.897884  572744.348245
13859  1109.977975  572760.612860
13860  1110.058066  572776.876807
13861  1110.138157  572793.140083
13862  1110.218247  572809.402686
13863  1110.298338  572825.664616
13864  1110.378429  572841.925870
13865  1110.458520  572858.186447
13866  1110.538610  572874.446344
13867  1110.618701  572890.705561
13868  1110.698792  572906.964095
13869  1110.778883  572923.221945
13870  1110.858974  572939.479109
13871  1110.939064  572955.735585
13872  1111.019155  572971.991372
13873  1111.099246  572988.246467
13874  1111.179337  573004.500869
13875  1111.259427  573020.754576
13876  1111.339518  573037.007587
13877  1111.419609  573053.259900
13878  1111.499700  573069.511512
13879  1111.579790  573085.762422
13880  1111.659881  573102.012629
13881  1111.739972  573118.262130
13882  1111.820063  573134.510924
13883  1111.900154  573150.759009
13884  1111.980244  573167.006384
13885  1112.060335  573183.253045
13886  1112.140426  573199.498992
13887  1112.220517  573215.744223
13888  1112.300607  573231.988736
13889  1112.380698  573248.232529
13890  1112.460789  573264.475601
13891  1112.540880  573280.717949
13892  1112.620970  573296.959571
13893  1112.701061  573313.200467
13894  1112.781152  573329.440633
13895  1112.861243  573345.680069
13896  1112.941334  573361.918772
13897  1113.021424  573378.156740
13898  1113.101515  573394.393972
13899  1113.181606  573410.630466
13900  1113.261697  573426.866220
13901  1113.341787  573443.101232
13902  1113.421878  573459.335501
13903  1113.501969  573475.569023
13904  1113.582060  573491.801798
13905  1113.662150  573508.033824
13906  1113.742241  573524.265098
13907  1113.822332  573540.495620
13908  1113.902423  573556.725386
13909  1113.982514  573572.954395
13910  1114.062604  573589.182646
13911  1114.142695  573605.410136
13912  1114.222786  573621.636863
13913  1114.302877  573637.862826
13914  1114.382967  573654.088022
13915  1114.463058  573670.312450
13916  1114.543149  573686.536107
13917  1114.623240  573702.758993
13918  1114.703330  573718.981104
13919  1114.783421  573735.202439
13920  1114.863512  573751.422997
13921  1114.943603  573767.642774
13922  1115.023694  573783.861770
13923  1115.103784  573800.079981
13924  1115.183875  573816.297407
13925  1115.263966  573832.514046
13926  1115.344057  573848.729894
13927  1115.424147  573864.944951
13928  1115.504238  573881.159215
13929  1115.584329  573897.372682
13930  1115.664420  573913.585353
13931  1115.744510  573929.797224
13932  1115.824601  573946.008293
13933  1115.904692  573962.218559
13934  1115.984783  573978.428019
13935  1116.064874  573994.636672
13936  1116.144964  574010.844515
13937  1116.225055  574027.051547
13938  1116.305146  574043.257766
13939  1116.385237  574059.463169
13940  1116.465327  574075.667755
13941  1116.545418  574091.871521
13942  1116.625509  574108.074465
13943  1116.705600  574124.276586
13944  1116.785690  574140.477882
13945  1116.865781  574156.678349
13946  1116.945872  574172.877988
13947  1117.025963  574189.076794
13948  1117.106054  574205.274767
13949  1117.186144  574221.471904
13950  1117.266235  574237.668203
13951  1117.346326  574253.863662
13952  1117.426417  574270.058279
13953  1117.506507  574286.252052
13954  1117.586598  574302.444979
13955  1117.666689  574318.637058
13956  1117.746780  574334.828287
13957  1117.826870  574351.018663
13958  1117.906961  574367.208185
13959  1117.987052  574383.396851
13960  1118.067143  574399.584657
13961  1118.147234  574415.771603
13962  1118.227324  574431.957687
13963  1118.307415  574448.142905
13964  1118.387506  574464.327256
13965  1118.467597  574480.510738
13966  1118.547687  574496.693349
13967  1118.627778  574512.875087
13968  1118.707869  574529.055949
13969  1118.787960  574545.235933
13970  1118.868050  574561.415038
13971  1118.948141  574577.593260
13972  1119.028232  574593.770599
13973  1119.108323  574609.947051
13974  1119.188414  574626.122615
13975  1119.268504  574642.297289
13976  1119.348595  574658.471070
13977  1119.428686  574674.643955
13978  1119.508777  574690.815944
13979  1119.588867  574706.987034
13980  1119.668958  574723.157222
13981  1119.749049  574739.326507
13982  1119.829140  574755.494886
13983  1119.909230  574771.662357
13984  1119.989321  574787.828918
13985  1120.069412  574803.994567
13986  1120.149503  574820.159301
13987  1120.229594  574836.323118
13988  1120.309684  574852.486017
13989  1120.389775  574868.647994
13990  1120.469866  574884.809048
13991  1120.549957  574900.969176
13992  1120.630047  574917.128377
13993  1120.710138  574933.286647
13994  1120.790229  574949.443985
13995  1120.870320  574965.600389
13996  1120.950410  574981.755856
13997  1121.030501  574997.910383
13998  1121.110592  575014.063970
13999  1121.190683  575030.216613
14000  1121.270774  575046.368310
14001  1121.350864  575062.519059
14002  1121.430955  575078.668858
14003  1121.511046  575094.817704
14004  1121.591137  575110.965595
14005  1121.671227  575127.112529
14006  1121.751318  575143.258504
14007  1121.831409  575159.403516
14008  1121.911500  575175.547565
14009  1121.991590  575191.690647
14010  1122.071681  575207.832761
14011  1122.151772  575223.973904
14012  1122.231863  575240.114073
14013  1122.311954  575256.253267
14014  1122.392044  575272.391483
14015  1122.472135  575288.528719
14016  1122.552226  575304.664972
14017  1122.632317  575320.800240
14018  1122.712407  575336.934521
14019  1122.792498  575353.067813
14020  1122.872589  575369.200112
14021  1122.952680  575385.331417
14022  1123.032770  575401.461726
14023  1123.112861  575417.591035
14024  1123.192952  575433.719344
14025  1123.273043  575449.846648
14026  1123.353134  575465.972946
14027  1123.433224  575482.098236
14028  1123.513315  575498.222515
14029  1123.593406  575514.345781
14030  1123.673497  575530.468031
14031  1123.753587  575546.589263
14032  1123.833678  575562.709475
14033  1123.913769  575578.828664
14034  1123.993860  575594.946827
14035  1124.073950  575611.063963
14036  1124.154041  575627.180069
14037  1124.234132  575643.295142
14038  1124.314223  575659.409181
14039  1124.394314  575675.522182
14040  1124.474404  575691.634143
14041  1124.554495  575707.745062
14042  1124.634586  575723.854937
14043  1124.714677  575739.963764
14044  1124.794767  575756.071542
14045  1124.874858  575772.178268
14046  1124.954949  575788.283939
14047  1125.035040  575804.388554
14048  1125.115130  575820.492109
14049  1125.195221  575836.594602
14050  1125.275312  575852.696031
14051  1125.355403  575868.796393
14052  1125.435494  575884.895685
14053  1125.515584  575900.993906
14054  1125.595675  575917.091053
14055  1125.675766  575933.187122
14056  1125.755857  575949.282113
14057  1125.835947  575965.376022
14058  1125.916038  575981.468846
14059  1125.996129  575997.560584
14060  1126.076220  576013.651232
14061  1126.156310  576029.740788
14062  1126.236401  576045.829250
14063  1126.316492  576061.916615
14064  1126.396583  576078.002880
14065  1126.476674  576094.088044
14066  1126.556764  576110.172103
14067  1126.636855  576126.255055
14068  1126.716946  576142.336897
14069  1126.797037  576158.417627
14070  1126.877127  576174.497242
14071  1126.957218  576190.575740
14072  1127.037309  576206.653117
14073  1127.117400  576222.729373
14074  1127.197490  576238.804503
14075  1127.277581  576254.878505
14076  1127.357672  576270.951378
14077  1127.437763  576287.023117
14078  1127.517854  576303.093721
14079  1127.597944  576319.163187
14080  1127.678035  576335.231512
14081  1127.758126  576351.298694
14082  1127.838217  576367.364730
14083  1127.918307  576383.429618
14084  1127.998398  576399.493354
14085  1128.078489  576415.555937
14086  1128.158580  576431.617363
14087  1128.238670  576447.677630
14088  1128.318761  576463.736735
14089  1128.398852  576479.794677
14090  1128.478943  576495.851451
14091  1128.559034  576511.907055
14092  1128.639124  576527.961487
14093  1128.719215  576544.014745
14094  1128.799306  576560.066824
14095  1128.879397  576576.117723
14096  1128.959487  576592.167439
14097  1129.039578  576608.215970
14098  1129.119669  576624.263312
14099  1129.199760  576640.309463
14100  1129.279850  576656.354421
14101  1129.359941  576672.398182
14102  1129.440032  576688.440743
14103  1129.520123  576704.482103
14104  1129.600214  576720.522259
14105  1129.680304  576736.561207
14106  1129.760395  576752.598945
14107  1129.840486  576768.635470
14108  1129.920577  576784.670780
14109  1130.000667  576800.704871
14110  1130.080758  576816.737742
14111  1130.160849  576832.769389
14112  1130.240940  576848.799809
14113  1130.321031  576864.829001
14114  1130.401121  576880.856960
14115  1130.481212  576896.883685
14116  1130.561303  576912.909172
14117  1130.641394  576928.933418
14118  1130.721484  576944.956422
14119  1130.801575  576960.978180
14120  1130.881666  576976.998690
14121  1130.961757  576993.017948
14122  1131.041847  577009.035952
14123  1131.121938  577025.052698
14124  1131.202029  577041.068186
14125  1131.282120  577057.082410
14126  1131.362211  577073.095369
14127  1131.442301  577089.107060
14128  1131.522392  577105.117480
14129  1131.602483  577121.126626
14130  1131.682574  577137.134495
14131  1131.762664  577153.141085
14132  1131.842755  577169.146393
14133  1131.922846  577185.150415
14134  1132.002937  577201.153149
14135  1132.083027  577217.154592
14136  1132.163118  577233.154742
14137  1132.243209  577249.153595
14138  1132.323300  577265.151149
14139  1132.403391  577281.147400
14140  1132.483481  577297.142346
14141  1132.563572  577313.135984
14142  1132.643663  577329.128311
14143  1132.723754  577345.119324
14144  1132.803844  577361.109020
14145  1132.883935  577377.097397
14146  1132.964026  577393.084451
14147  1133.044117  577409.070179
14148  1133.124207  577425.054580
14149  1133.204298  577441.037649
14150  1133.284389  577457.019384
14151  1133.364480  577472.999782
14152  1133.444571  577488.978840
14153  1133.524661  577504.956554
14154  1133.604752  577520.932923
14155  1133.684843  577536.907943
14156  1133.764934  577552.881612
14157  1133.845024  577568.853925
14158  1133.925115  577584.824881
14159  1134.005206  577600.794477
14160  1134.085297  577616.762709
14161  1134.165387  577632.729574
14162  1134.245478  577648.695069
14163  1134.325569  577664.659193
14164  1134.405660  577680.621940
14165  1134.485751  577696.583310
14166  1134.565841  577712.543297
14167  1134.645932  577728.501901
14168  1134.726023  577744.459117
14169  1134.806114  577760.414942
14170  1134.886204  577776.369374
14171  1134.966295  577792.322410
14172  1135.046386  577808.274046
14173  1135.126477  577824.224280
14174  1135.206567  577840.173108
14175  1135.286658  577856.120528
14176  1135.366749  577872.066536
14177  1135.446840  577888.011130
14178  1135.526931  577903.954305
14179  1135.607021  577919.896061
14180  1135.687112  577935.836392
14181  1135.767203  577951.775297
14182  1135.847294  577967.712772
14183  1135.927384  577983.648814
14184  1136.007475  577999.583420
14185  1136.087566  578015.516587
14186  1136.167657  578031.448312
14187  1136.247747  578047.378592
14188  1136.327838  578063.307423
14189  1136.407929  578079.234803
14190  1136.488020  578095.160729
14191  1136.568111  578111.085197
14192  1136.648201  578127.008205
14193  1136.728292  578142.929748
14194  1136.808383  578158.849825
14195  1136.888474  578174.768432
14196  1136.968564  578190.685566
14197  1137.048655  578206.601224
14198  1137.128746  578222.515402
14199  1137.208837  578238.428098
14200  1137.288927  578254.339308
14201  1137.369018  578270.249030
14202  1137.449109  578286.157259
14203  1137.529200  578302.063994
14204  1137.609291  578317.969230
14205  1137.689381  578333.872965
14206  1137.769472  578349.775196
14207  1137.849563  578365.675919
14208  1137.929654  578381.575131
14209  1138.009744  578397.472829
14210  1138.089835  578413.369009
14211  1138.169926  578429.263670
14212  1138.250017  578445.156807
14213  1138.330107  578461.048417
14214  1138.410198  578476.938497
14215  1138.490289  578492.827044
14216  1138.570380  578508.714055
14217  1138.650471  578524.599526
14218  1138.730561  578540.483454
14219  1138.810652  578556.365837
14220  1138.890743  578572.246670
14221  1138.970834  578588.125951
14222  1139.050924  578604.003676
14223  1139.131015  578619.879842
14224  1139.211106  578635.754446
14225  1139.291197  578651.627484
14226  1139.371287  578667.498954
14227  1139.451378  578683.368853
14228  1139.531469  578699.237176
14229  1139.611560  578715.103920
14230  1139.691651  578730.969083
14231  1139.771741  578746.832661
14232  1139.851832  578762.694651
14233  1139.931923  578778.555049
14234  1140.012014  578794.413853
14235  1140.092104  578810.271059
14236  1140.172195  578826.126663
14237  1140.252286  578841.980663
14238  1140.332377  578857.833054
14239  1140.412467  578873.683835
14240  1140.492558  578889.533001
14241  1140.572649  578905.380549
14242  1140.652740  578921.226476
14243  1140.732831  578937.070778
14244  1140.812921  578952.913453
14245  1140.893012  578968.754497
14246  1140.973103  578984.593906
14247  1141.053194  579000.431678
14248  1141.133284  579016.267808
14249  1141.213375  579032.102294
14250  1141.293466  579047.935132
14251  1141.373557  579063.766319
14252  1141.453647  579079.595851
14253  1141.533738  579095.423726
14254  1141.613829  579111.249939
14255  1141.693920  579127.074487
14256  1141.774011  579142.897368
14257  1141.854101  579158.718577
14258  1141.934192  579174.538112
14259  1142.014283  579190.355968
14260  1142.094374  579206.172143
14261  1142.174464  579221.986633
14262  1142.254555  579237.799435
14263  1142.334646  579253.610545
14264  1142.414737  579269.419960
14265  1142.494827  579285.227677
14266  1142.574918  579301.033691
14267  1142.655009  579316.838000
14268  1142.735100  579332.640601
14269  1142.815191  579348.441489
14270  1142.895281  579364.240662
14271  1142.975372  579380.038115
14272  1143.055463  579395.833846
14273  1143.135554  579411.627851
14274  1143.215644  579427.420127
14275  1143.295735  579443.210670
14276  1143.375826  579458.999477
14277  1143.455917  579474.786544
14278  1143.536007  579490.571867
14279  1143.616098  579506.355444
14280  1143.696189  579522.137271
14281  1143.776280  579537.917345
14282  1143.856371  579553.695661
14283  1143.936461  579569.472217
14284  1144.016552  579585.247008
14285  1144.096643  579601.020032
14286  1144.176734  579616.791285
14287  1144.256824  579632.560764
14288  1144.336915  579648.328464
14289  1144.417006  579664.094383
14290  1144.497097  579679.858517
14291  1144.577187  579695.620863
14292  1144.657278  579711.381416
14293  1144.737369  579727.140174
14294  1144.817460  579742.897132
14295  1144.897551  579758.652288
14296  1144.977641  579774.405638
14297  1145.057732  579790.157178
14298  1145.137823  579805.906904
14299  1145.217914  579821.654814
14300  1145.298004  579837.400904
14301  1145.378095  579853.145170
14302  1145.458186  579868.887608
14303  1145.538277  579884.628215
14304  1145.618367  579900.366988
14305  1145.698458  579916.103922
14306  1145.778549  579931.839015
14307  1145.858640  579947.572262
14308  1145.938731  579963.303661
14309  1146.018821  579979.033207
14310  1146.098912  579994.760897
14311  1146.179003  580010.486727
14312  1146.259094  580026.210694
14313  1146.339184  580041.932795
14314  1146.419275  580057.653024
14315  1146.499366  580073.371380
14316  1146.579457  580089.087859
14317  1146.659547  580104.802455
14318  1146.739638  580120.515168
14319  1146.819729  580136.225991
14320  1146.899820  580151.934923
14321  1146.979911  580167.641958
14322  1147.060001  580183.347095
14323  1147.140092  580199.050328
14324  1147.220183  580214.751654
14325  1147.300274  580230.451071
14326  1147.380364  580246.148573
14327  1147.460455  580261.844158
14328  1147.540546  580277.537821
14329  1147.620637  580293.229560
14330  1147.700727  580308.919370
14331  1147.780818  580324.607248
14332  1147.860909  580340.293190
14333  1147.941000  580355.977192
14334  1148.021091  580371.659251
14335  1148.101181  580387.339363
14336  1148.181272  580403.017525
14337  1148.261363  580418.693732
14338  1148.341454  580434.367981
14339  1148.421544  580450.040269
14340  1148.501635  580465.710591
14341  1148.581726  580481.378944
14342  1148.661817  580497.045324
14343  1148.741907  580512.709728
14344  1148.821998  580528.372152
14345  1148.902089  580544.032591
14346  1148.982180  580559.691043
14347  1149.062271  580575.347504
14348  1149.142361  580591.001969
14349  1149.222452  580606.654436
14350  1149.302543  580622.304900
14351  1149.382634  580637.953358
14352  1149.462724  580653.599806
14353  1149.542815  580669.244240
14354  1149.622906  580684.886656
14355  1149.702997  580700.527051
14356  1149.783087  580716.165422
14357  1149.863178  580731.801763
14358  1149.943269  580747.436072
14359  1150.023360  580763.068344
14360  1150.103451  580778.698577
14361  1150.183541  580794.326765
14362  1150.263632  580809.952906
14363  1150.343723  580825.576996
14364  1150.423814  580841.199030
14365  1150.503904  580856.819006
14366  1150.583995  580872.436918
14367  1150.664086  580888.052764
14368  1150.744177  580903.666540
14369  1150.824268  580919.278242
14370  1150.904358  580934.887865
14371  1150.984449  580950.495407
14372  1151.064540  580966.100864
14373  1151.144631  580981.704231
14374  1151.224721  580997.305505
14375  1151.304812  581012.904681
14376  1151.384903  581028.501757
14377  1151.464994  581044.096729
14378  1151.545084  581059.689592
14379  1151.625175  581075.280342
14380  1151.705266  581090.868977
14381  1151.785357  581106.455491
14382  1151.865448  581122.039882
14383  1151.945538  581137.622145
14384  1152.025629  581153.202276
14385  1152.105720  581168.780272
14386  1152.185811  581184.356129
14387  1152.265901  581199.929843
14388  1152.345992  581215.501410
14389  1152.426083  581231.070826
14390  1152.506174  581246.638087
14391  1152.586264  581262.203190
14392  1152.666355  581277.766131
14393  1152.746446  581293.326905
14394  1152.826537  581308.885509
14395  1152.906628  581324.441939
14396  1152.986718  581339.996191
14397  1153.066809  581355.548262
14398  1153.146900  581371.098146
14399  1153.226991  581386.645842
14400  1153.307081  581402.191343
14401  1153.387172  581417.734647
14402  1153.467263  581433.275750
14403  1153.547354  581448.814648
14404  1153.627444  581464.351337
14405  1153.707535  581479.885812
14406  1153.787626  581495.418071
14407  1153.867717  581510.948109
14408  1153.947808  581526.475922
14409  1154.027898  581542.001506
14410  1154.107989  581557.524858
14411  1154.188080  581573.045973
14412  1154.268171  581588.564848
14413  1154.348261  581604.081478
14414  1154.428352  581619.595860
14415  1154.508443  581635.107990
14416  1154.588534  581650.617863
14417  1154.668624  581666.125477
14418  1154.748715  581681.630826
14419  1154.828806  581697.133907
14420  1154.908897  581712.634716
14421  1154.988988  581728.133249
14422  1155.069078  581743.629502
14423  1155.149169  581759.123471
14424  1155.229260  581774.615152
14425  1155.309351  581790.104542
14426  1155.389441  581805.591635
14427  1155.469532  581821.076429
14428  1155.549623  581836.558919
14429  1155.629714  581852.039101
14430  1155.709804  581867.516972
14431  1155.789895  581882.992527
14432  1155.869986  581898.465762
14433  1155.950077  581913.936673
14434  1156.030168  581929.405257
14435  1156.110258  581944.871509
14436  1156.190349  581960.335425
14437  1156.270440  581975.797002
14438  1156.350531  581991.256235
14439  1156.430621  582006.713120
14440  1156.510712  582022.167653
14441  1156.590803  582037.619831
14442  1156.670894  582053.069649
14443  1156.750984  582068.517104
14444  1156.831075  582083.962190
14445  1156.911166  582099.404905
14446  1156.991257  582114.845244
14447  1157.071348  582130.283203
14448  1157.151438  582145.718778
14449  1157.231529  582161.151965
14450  1157.311620  582176.582761
14451  1157.391711  582192.011160
14452  1157.471801  582207.437160
14453  1157.551892  582222.860755
14454  1157.631983  582238.281942
14455  1157.712074  582253.700717
14456  1157.792164  582269.117076
14457  1157.872255  582284.531015
14458  1157.952346  582299.942529
14459  1158.032437  582315.351616
14460  1158.112528  582330.758269
14461  1158.192618  582346.162486
14462  1158.272709  582361.564263
14463  1158.352800  582376.963595
14464  1158.432891  582392.360479
14465  1158.512981  582407.754909
14466  1158.593072  582423.146883
14467  1158.673163  582438.536396
14468  1158.753254  582453.923444
14469  1158.833344  582469.308023
14470  1158.913435  582484.690129
14471  1158.993526  582500.069758
14472  1159.073617  582515.446906
14473  1159.153708  582530.821568
14474  1159.233798  582546.193741
14475  1159.313889  582561.563420
14476  1159.393980  582576.930601
14477  1159.474071  582592.295281
14478  1159.554161  582607.657455
14479  1159.634252  582623.017119
14480  1159.714343  582638.374269
14481  1159.794434  582653.728901
14482  1159.874524  582669.081011
14483  1159.954615  582684.430595
14484  1160.034706  582699.777647
14485  1160.114797  582715.122166
14486  1160.194888  582730.464146
14487  1160.274978  582745.803583
14488  1160.355069  582761.140473
14489  1160.435160  582776.474812
14490  1160.515251  582791.806596
14491  1160.595341  582807.135820
14492  1160.675432  582822.462481
14493  1160.755523  582837.786575
14494  1160.835614  582853.108097
14495  1160.915704  582868.427043
14496  1160.995795  582883.743410
14497  1161.075886  582899.057192
14498  1161.155977  582914.368386
14499  1161.236068  582929.676988
14500  1161.316158  582944.982994
14501  1161.396249  582960.286399
14502  1161.476340  582975.587199
14503  1161.556431  582990.885390
14504  1161.636521  583006.180968
14505  1161.716612  583021.473929
14506  1161.796703  583036.764269
14507  1161.876794  583052.051983
14508  1161.956884  583067.337068
14509  1162.036975  583082.619518
14510  1162.117066  583097.899331
14511  1162.197157  583113.176502
14512  1162.277248  583128.451026
14513  1162.357338  583143.722901
14514  1162.437429  583158.992120
14515  1162.517520  583174.258681
14516  1162.597611  583189.522579
14517  1162.677701  583204.783810
14518  1162.757792  583220.042369
14519  1162.837883  583235.298253
14520  1162.917974  583250.551458
14521  1162.998064  583265.801979
14522  1163.078155  583281.049811
14523  1163.158246  583296.294952
14524  1163.238337  583311.537397
14525  1163.318428  583326.777141
14526  1163.398518  583342.014180
14527  1163.478609  583357.248510
14528  1163.558700  583372.480128
14529  1163.638791  583387.709028
14530  1163.718881  583402.935207
14531  1163.798972  583418.158661
14532  1163.879063  583433.379384
14533  1163.959154  583448.597374
14534  1164.039244  583463.812625
14535  1164.119335  583479.025135
14536  1164.199426  583494.234897
14537  1164.279517  583509.441909
14538  1164.359608  583524.646166
14539  1164.439698  583539.847664
14540  1164.519789  583555.046399
14541  1164.599880  583570.242366
14542  1164.679971  583585.435562
14543  1164.760061  583600.625981
14544  1164.840152  583615.813621
14545  1164.920243  583630.998476
14546  1165.000334  583646.180542
14547  1165.080424  583661.359816
14548  1165.160515  583676.536293
14549  1165.240606  583691.709969
14550  1165.320697  583706.880840
14551  1165.400788  583722.048900
14552  1165.480878  583737.214148
14553  1165.560969  583752.376577
14554  1165.641060  583767.536184
14555  1165.721151  583782.692964
14556  1165.801241  583797.846914
14557  1165.881332  583812.998030
14558  1165.961423  583828.146306
14559  1166.041514  583843.291738
14560  1166.121604  583858.434324
14561  1166.201695  583873.574057
14562  1166.281786  583888.710935
14563  1166.361877  583903.844953
14564  1166.441968  583918.976106
14565  1166.522058  583934.104391
14566  1166.602149  583949.229803
14567  1166.682240  583964.352337
14568  1166.762331  583979.471991
14569  1166.842421  583994.588759
14570  1166.922512  584009.702637
14571  1167.002603  584024.813622
14572  1167.082694  584039.921708
14573  1167.162784  584055.026892
14574  1167.242875  584070.129169
14575  1167.322966  584085.228536
14576  1167.403057  584100.324987
14577  1167.483148  584115.418519
14578  1167.563238  584130.509128
14579  1167.643329  584145.596808
14580  1167.723420  584160.681557
14581  1167.803511  584175.763370
14582  1167.883601  584190.842242
14583  1167.963692  584205.918169
14584  1168.043783  584220.991148
14585  1168.123874  584236.061173
14586  1168.203964  584251.128241
14587  1168.284055  584266.192347
14588  1168.364146  584281.253488
14589  1168.444237  584296.311658
14590  1168.524328  584311.366854
14591  1168.604418  584326.419071
14592  1168.684509  584341.468306
14593  1168.764600  584356.514554
14594  1168.844691  584371.557810
14595  1168.924781  584386.598071
14596  1169.004872  584401.635332
14597  1169.084963  584416.669589
14598  1169.165054  584431.700838
14599  1169.245144  584446.729074
14600  1169.325235  584461.754294
14601  1169.405326  584476.776493
14602  1169.485417  584491.795666
14603  1169.565508  584506.811810
14604  1169.645598  584521.824921
14605  1169.725689  584536.834993
14606  1169.805780  584551.842024
14607  1169.885871  584566.846008
14608  1169.965961  584581.846941
14609  1170.046052  584596.844820
14610  1170.126143  584611.839639
14611  1170.206234  584626.831395
14612  1170.286325  584641.820084
14613  1170.366415  584656.805701
14614  1170.446506  584671.788241
14615  1170.526597  584686.767702
14616  1170.606688  584701.744078
14617  1170.686778  584716.717365
14618  1170.766869  584731.687559
14619  1170.846960  584746.654656
14620  1170.927051  584761.618651
14621  1171.007141  584776.579541
14622  1171.087232  584791.537321
14623  1171.167323  584806.491986
14624  1171.247414  584821.443534
14625  1171.327505  584836.391958
14626  1171.407595  584851.337256
14627  1171.487686  584866.279422
14628  1171.567777  584881.218453
14629  1171.647868  584896.154345
14630  1171.727958  584911.087092
14631  1171.808049  584926.016692
14632  1171.888140  584940.943139
14633  1171.968231  584955.866430
14634  1172.048321  584970.786559
14635  1172.128412  584985.703524
14636  1172.208503  585000.617320
14637  1172.288594  585015.527942
14638  1172.368685  585030.435386
14639  1172.448775  585045.339649
14640  1172.528866  585060.240725
14641  1172.608957  585075.138611
14642  1172.689048  585090.033302
14643  1172.769138  585104.924795
14644  1172.849229  585119.813084
14645  1172.929320  585134.698166
14646  1173.009411  585149.580036
14647  1173.089501  585164.458691
14648  1173.169592  585179.334126
14649  1173.249683  585194.206336
14650  1173.329774  585209.075318
14651  1173.409865  585223.941067
14652  1173.489955  585238.803580
14653  1173.570046  585253.662851
14654  1173.650137  585268.518877
14655  1173.730228  585283.371653
14656  1173.810318  585298.221176
14657  1173.890409  585313.067440
14658  1173.970500  585327.910443
14659  1174.050591  585342.750178
14660  1174.130681  585357.586644
14661  1174.210772  585372.419834
14662  1174.290863  585387.249745
14663  1174.370954  585402.076373
14664  1174.451045  585416.899714
14665  1174.531135  585431.719762
14666  1174.611226  585446.536515
14667  1174.691317  585461.349968
14668  1174.771408  585476.160116
14669  1174.851498  585490.966956
14670  1174.931589  585505.770483
14671  1175.011680  585520.570693
14672  1175.091771  585535.367582
14673  1175.171861  585550.161145
14674  1175.251952  585564.951379
14675  1175.332043  585579.738279
14676  1175.412134  585594.521841
14677  1175.492225  585609.302061
14678  1175.572315  585624.078934
14679  1175.652406  585638.852457
14680  1175.732497  585653.622625
14681  1175.812588  585668.389434
14682  1175.892678  585683.152880
14683  1175.972769  585697.912959
14684  1176.052860  585712.669666
14685  1176.132951  585727.422998
14686  1176.213041  585742.172949
14687  1176.293132  585756.919516
14688  1176.373223  585771.662695
14689  1176.453314  585786.402482
14690  1176.533405  585801.138872
14691  1176.613495  585815.871861
14692  1176.693586  585830.601445
14693  1176.773677  585845.327620
14694  1176.853768  585860.050382
14695  1176.933858  585874.769726
14696  1177.013949  585889.485648
14697  1177.094040  585904.198144
14698  1177.174131  585918.907211
14699  1177.254221  585933.612843
14700  1177.334312  585948.315036
14701  1177.414403  585963.013788
14702  1177.494494  585977.709092
14703  1177.574585  585992.400946
14704  1177.654675  586007.089344
14705  1177.734766  586021.774284
14706  1177.814857  586036.455760
14707  1177.894948  586051.133768
14708  1177.975038  586065.808305
14709  1178.055129  586080.479366
14710  1178.135220  586095.146947
14711  1178.215311  586109.811045
14712  1178.295401  586124.471653
14713  1178.375492  586139.128770
14714  1178.455583  586153.782390
14715  1178.535674  586168.432509
14716  1178.615765  586183.079123
14717  1178.695855  586197.722229
14718  1178.775946  586212.361821
14719  1178.856037  586226.997896
14720  1178.936128  586241.630450
14721  1179.016218  586256.259478
14722  1179.096309  586270.884977
14723  1179.176400  586285.506942
14724  1179.256491  586300.125369
14725  1179.336581  586314.740254
14726  1179.416672  586329.351593
14727  1179.496763  586343.959382
14728  1179.576854  586358.563617
14729  1179.656945  586373.164293
14730  1179.737035  586387.761407
14731  1179.817126  586402.354954
14732  1179.897217  586416.944930
14733  1179.977308  586431.531332
14734  1180.057398  586446.114154
14735  1180.137489  586460.693394
14736  1180.217580  586475.269046
14737  1180.297671  586489.841107
14738  1180.377761  586504.409573
14739  1180.457852  586518.974439
14740  1180.537943  586533.535702
14741  1180.618034  586548.093358
14742  1180.698125  586562.647401
14743  1180.778215  586577.197829
14744  1180.858306  586591.744637
14745  1180.938397  586606.287821
14746  1181.018488  586620.827378
14747  1181.098578  586635.363302
14748  1181.178669  586649.895590
14749  1181.258760  586664.424238
14750  1181.338851  586678.949241
14751  1181.418941  586693.470597
14752  1181.499032  586707.988300
14753  1181.579123  586722.502346
14754  1181.659214  586737.012733
14755  1181.739305  586751.519454
14756  1181.819395  586766.022507
14757  1181.899486  586780.521888
14758  1181.979577  586795.017592
14759  1182.059668  586809.509615
14760  1182.139758  586823.997954
14761  1182.219849  586838.482603
14762  1182.299940  586852.963560
14763  1182.380031  586867.440821
14764  1182.460121  586881.914380
14765  1182.540212  586896.384235
14766  1182.620303  586910.850380
14767  1182.700394  586925.312813
14768  1182.780485  586939.771529
14769  1182.860575  586954.226524
14770  1182.940666  586968.677794
14771  1183.020757  586983.125335
14772  1183.100848  586997.569144
14773  1183.180938  587012.009215
14774  1183.261029  587026.445545
14775  1183.341120  587040.878131
14776  1183.421211  587055.306968
14777  1183.501301  587069.732051
14778  1183.581392  587084.153378
14779  1183.661483  587098.570944
14780  1183.741574  587112.984746
14781  1183.821665  587127.394778
14782  1183.901755  587141.801038
14783  1183.981846  587156.203520
14784  1184.061937  587170.602223
14785  1184.142028  587184.997140
14786  1184.222118  587199.388269
14787  1184.302209  587213.775605
14788  1184.382300  587228.159145
14789  1184.462391  587242.538885
14790  1184.542481  587256.914819
14791  1184.622572  587271.286946
14792  1184.702663  587285.655260
14793  1184.782754  587300.019758
14794  1184.862845  587314.380436
14795  1184.942935  587328.737289
14796  1185.023026  587343.090315
14797  1185.103117  587357.439509
14798  1185.183208  587371.784866
14799  1185.263298  587386.126384
14800  1185.343389  587400.464059
14801  1185.423480  587414.797885
14802  1185.503571  587429.127860
14803  1185.583661  587443.453980
14804  1185.663752  587457.776240
14805  1185.743843  587472.094637
14806  1185.823934  587486.409167
14807  1185.904025  587500.719826
14808  1185.984115  587515.026610
14809  1186.064206  587529.329516
14810  1186.144297  587543.628538
14811  1186.224388  587557.923675
14812  1186.304478  587572.214920
14813  1186.384569  587586.502272
14814  1186.464660  587600.785725
14815  1186.544751  587615.065277
14816  1186.624841  587629.340922
14817  1186.704932  587643.612658
14818  1186.785023  587657.880480
14819  1186.865114  587672.144385
14820  1186.945205  587686.404369
14821  1187.025295  587700.660428
14822  1187.105386  587714.912557
14823  1187.185477  587729.160754
14824  1187.265568  587743.405015
14825  1187.345658  587757.645335
14826  1187.425749  587771.881711
14827  1187.505840  587786.114139
14828  1187.585931  587800.342615
14829  1187.666021  587814.567136
14830  1187.746112  587828.787697
14831  1187.826203  587843.004295
14832  1187.906294  587857.216926
14833  1187.986385  587871.425586
14834  1188.066475  587885.630271
14835  1188.146566  587899.830978
14836  1188.226657  587914.027703
14837  1188.306748  587928.220442
14838  1188.386838  587942.409192
14839  1188.466929  587956.593947
14840  1188.547020  587970.774706
14841  1188.627111  587984.951464
14842  1188.707201  587999.124217
14843  1188.787292  588013.292961
14844  1188.867383  588027.457694
14845  1188.947474  588041.618410
14846  1189.027565  588055.775106
14847  1189.107655  588069.927780
14848  1189.187746  588084.076425
14849  1189.267837  588098.221041
14850  1189.347928  588112.361621
14851  1189.428018  588126.498163
14852  1189.508109  588140.630663
14853  1189.588200  588154.759118
14854  1189.668291  588168.883522
14855  1189.748381  588183.003874
14856  1189.828472  588197.120169
14857  1189.908563  588211.232403
14858  1189.988654  588225.340574
14859  1190.068745  588239.444676
14860  1190.148835  588253.544706
14861  1190.228926  588267.640662
14862  1190.309017  588281.732538
14863  1190.389108  588295.820332
14864  1190.469198  588309.904040
14865  1190.549289  588323.983658
14866  1190.629380  588338.059182
14867  1190.709471  588352.130609
14868  1190.789562  588366.197935
14869  1190.869652  588380.261157
14870  1190.949743  588394.320270
14871  1191.029834  588408.375272
14872  1191.109925  588422.426159
14873  1191.190015  588436.472926
14874  1191.270106  588450.515571
14875  1191.350197  588464.554090
14876  1191.430288  588478.588479
14877  1191.510378  588492.618734
14878  1191.590469  588506.644853
14879  1191.670560  588520.666831
14880  1191.750651  588534.684665
14881  1191.830742  588548.698351
14882  1191.910832  588562.707886
14883  1191.990923  588576.713266
14884  1192.071014  588590.714487
14885  1192.151105  588604.711547
14886  1192.231195  588618.704440
14887  1192.311286  588632.693165
14888  1192.391377  588646.677717
14889  1192.471468  588660.658093
14890  1192.551558  588674.634289
14891  1192.631649  588688.606302
14892  1192.711740  588702.574128
14893  1192.791831  588716.537763
14894  1192.871922  588730.497205
14895  1192.952012  588744.452450
14896  1193.032103  588758.403493
14897  1193.112194  588772.350332
14898  1193.192285  588786.292964
14899  1193.272375  588800.231384
14900  1193.352466  588814.165589
14901  1193.432557  588828.095576
14902  1193.512648  588842.021341
14903  1193.592738  588855.942880
14904  1193.672829  588869.860191
14905  1193.752920  588883.773270
14906  1193.833011  588897.682113
14907  1193.913102  588911.586717
14908  1193.993192  588925.487079
14909  1194.073283  588939.383194
14910  1194.153374  588953.275060
14911  1194.233465  588967.162673
14912  1194.313555  588981.046030
14913  1194.393646  588994.925127
14914  1194.473737  589008.799961
14915  1194.553828  589022.670528
14916  1194.633918  589036.536826
14917  1194.714009  589050.398850
14918  1194.794100  589064.256597
14919  1194.874191  589078.110064
14920  1194.954282  589091.959248
14921  1195.034372  589105.804145
14922  1195.114463  589119.644751
14923  1195.194554  589133.481064
14924  1195.274645  589147.313080
14925  1195.354735  589161.140796
14926  1195.434826  589174.964207
14927  1195.514917  589188.783312
14928  1195.595008  589202.598106
14929  1195.675098  589216.408587
14930  1195.755189  589230.214750
14931  1195.835280  589244.016594
14932  1195.915371  589257.814113
14933  1195.995462  589271.607305
14934  1196.075552  589285.396167
14935  1196.155643  589299.180696
14936  1196.235734  589312.960887
14937  1196.315825  589326.736738
14938  1196.395915  589340.508246
14939  1196.476006  589354.275407
14940  1196.556097  589368.038218
14941  1196.636188  589381.796675
14942  1196.716278  589395.550776
14943  1196.796369  589409.300517
14944  1196.876460  589423.045895
14945  1196.956551  589436.786907
14946  1197.036642  589450.523549
14947  1197.116732  589464.255818
14948  1197.196823  589477.983711
14949  1197.276914  589491.707224
14950  1197.357005  589505.426356
14951  1197.437095  589519.141101
14952  1197.517186  589532.851458
14953  1197.597277  589546.557422
14954  1197.677368  589560.258991
14955  1197.757458  589573.956162
14956  1197.837549  589587.648930
14957  1197.917640  589601.337294
14958  1197.997731  589615.021250
14959  1198.077822  589628.700795
14960  1198.157912  589642.375925
14961  1198.238003  589656.046638
14962  1198.318094  589669.712930
14963  1198.398185  589683.374798
14964  1198.478275  589697.032240
14965  1198.558366  589710.685251
14966  1198.638457  589724.333829
14967  1198.718548  589737.977970
14968  1198.798638  589751.617672
14969  1198.878729  589765.252932
14970  1198.958820  589778.883746
14971  1199.038911  589792.510111
14972  1199.119002  589806.132024
14973  1199.199092  589819.749483
14974  1199.279183  589833.362483
14975  1199.359274  589846.971022
14976  1199.439365  589860.575098
14977  1199.519455  589874.174705
14978  1199.599546  589887.769843
14979  1199.679637  589901.360507
14980  1199.759728  589914.946695
14981  1199.839818  589928.528404
14982  1199.919909  589942.105630
14983  1200.000000  589942.105630