                 t           Prod
0         0.000000      54.856321
1         0.080091     109.712642
2         0.160182     164.568963
3         0.240272     219.425283
4         0.320363     274.281604
5         0.400454     329.137925
6         0.480545     383.994246
7         0.560635     438.850567
8         0.640726     493.706888
9         0.720817     548.563208
10        0.800908     603.419529
11        0.880998     658.275850
12        0.961089     713.132171
13        1.041180     767.988492
14        1.121271     822.844813
15        1.201362     877.701134
16        1.281452     932.557454
17        1.361543     987.413775
18        1.441634    1042.270096
19        1.521725    1097.126417
20        1.601815    1151.982738
21        1.681906    1206.839059
22        1.761997    1261.695380
23        1.842088    1316.551700
24        1.922178    1371.408021
25        2.002269    1426.264342
26        2.082360    1481.120663
27        2.162451    1535.976984
28        2.242542    1590.833305
29        2.322632    1645.689625
30        2.402723    1700.545946
31        2.482814    1755.402267
32        2.562905    1810.258588
33        2.642995    1865.114909
34        2.723086    1919.971230
35        2.803177    1974.827551
36        2.883268    2029.683871
37        2.963358    2084.540192
38        3.043449    2139.396513
39        3.123540    2194.252834
40        3.203631    2249.109155
41        3.283722    2303.965476
42        3.363812    2358.821796
43        3.443903    2413.678117
44        3.523994    2468.534438
45        3.604085    2523.390759
46        3.684175    2578.247080
47        3.764266    2633.103401
48        3.844357    2687.959722
49        3.924448    2742.816042
50        4.004538    2797.672363
51        4.084629    2852.528684
52        4.164720    2907.385005
53        4.244811    2962.241326
54        4.324902    3017.097647
55        4.404992    3071.953967
56        4.485083    3126.810288
57        4.565174    3181.666609
58        4.645265    3236.522930
59        4.725355    3291.379251
60        4.805446    3346.235572
61        4.885537    3401.091893
62        4.965628    3455.948213
63        5.045718    3510.804534
64        5.125809    3565.660855
65        5.205900    3620.517176
66        5.285991    3675.373497
67        5.366082    3730.229818
68        5.446172    3785.086139
69        5.526263    3839.942459
70        5.606354    3894.798780
71        5.686445    3949.655101
72        5.766535    4004.511422
73        5.846626    4059.367743
74        5.926717    4114.224064
75        6.006808    4169.080384
76        6.086898    4223.936705
77        6.166989    4278.793026
78        6.247080    4333.649347
79        6.327171    4388.505668
80        6.407262    4443.361989
81        6.487352    4498.218310
82        6.567443    4553.074630
83        6.647534    4607.930951
84        6.727625    4662.787272
85        6.807715    4717.643593
86        6.887806    4772.499914
87        6.967897    4827.356235
88        7.047988    4882.212555
89        7.128078    4937.068876
90        7.208169    4991.925197
91        7.288260    5046.781518
92        7.368351    5101.637839
93        7.448442    5156.494160
94        7.528532    5211.350481
95        7.608623    5266.206801
96        7.688714    5321.063122
97        7.768805    5375.919443
98        7.848895    5430.775764
99        7.928986    5485.632085
100       8.009077    5540.488406
101       8.089168    5595.344726
102       8.169258    5650.201047
103       8.249349    5705.057368
104       8.329440    5759.913689
105       8.409531    5814.770010
106       8.489622    5869.626331
107       8.569712    5924.482652
108       8.649803    5979.338972
109       8.729894    6034.195293
110       8.809985    6089.051614
111       8.890075    6143.907935
112       8.970166    6198.764256
113       9.050257    6253.620577
114       9.130348    6308.476898
115       9.210438    6363.333218
116       9.290529    6418.189539
117       9.370620    6473.045860
118       9.450711    6527.902181
119       9.530802    6582.758502
120       9.610892    6637.614823
121       9.690983    6692.471143
122       9.771074    6747.327464
123       9.851165    6802.183785
124       9.931255    6857.040106
125      10.011346    6911.896427
126      10.091437    6966.752748
127      10.171528    7021.609069
128      10.251619    7076.465389
129      10.331709    7131.321710
130      10.411800    7186.178031
131      10.491891    7241.034352
132      10.571982    7295.890673
133      10.652072    7350.746994
134      10.732163    7405.603314
135      10.812254    7460.459635
136      10.892345    7515.315956
137      10.972435    7570.172277
138      11.052526    7625.028598
139      11.132617    7679.884919
140      11.212708    7734.741240
141      11.292799    7789.597560
142      11.372889    7844.453881
143      11.452980    7899.310202
144      11.533071    7954.166523
145      11.613162    8009.022844
146      11.693252    8063.879165
147      11.773343    8118.735485
148      11.853434    8173.591806
149      11.933525    8228.448127
150      12.013615    8283.304448
151      12.093706    8338.160769
152      12.173797    8393.017090
153      12.253888    8447.873411
154      12.333979    8502.729731
155      12.414069    8557.586052
156      12.494160    8612.442373
157      12.574251    8667.298694
158      12.654342    8722.155015
159      12.734432    8777.011336
160      12.814523    8831.867657
161      12.894614    8886.723977
162      12.974705    8941.580298
163      13.054795    8996.436619
164      13.134886    9051.292940
165      13.214977    9106.149261
166      13.295068    9161.005582
167      13.375159    9215.861902
168      13.455249    9270.718223
169      13.535340    9325.574544
170      13.615431    9380.430865
171      13.695522    9435.287186
172      13.775612    9490.143507
173      13.855703    9544.999828
174      13.935794    9599.856148
175      14.015885    9654.712469
176      14.095975    9709.568790
177      14.176066    9764.425111
178      14.256157    9819.281432
179      14.336248    9874.137753
180      14.416339    9928.994073
181      14.496429    9983.850394
182      14.576520   10038.706715
183      14.656611   10093.563036
184      14.736702   10148.419357
185      14.816792   10203.275678
186      14.896883   10258.131999
187      14.976974   10312.988319
188      15.057065   10367.844640
189      15.137155   10422.700961
190      15.217246   10477.557282
191      15.297337   10532.413603
192      15.377428   10587.269924
193      15.457519   10642.126244
194      15.537609   10696.982565
195      15.617700   10751.838886
196      15.697791   10806.695207
197      15.777882   10861.551528
198      15.857972   10916.407849
199      15.938063   10971.264170
200      16.018154   11026.120490
201      16.098245   11080.976811
202      16.178335   11135.833132
203      16.258426   11190.689453
204      16.338517   11245.545774
205      16.418608   11300.402095
206      16.498699   11355.258416
207      16.578789   11410.114736
208      16.658880   11464.971057
209      16.738971   11519.827378
210      16.819062   11574.683699
211      16.899152   11629.540020
212      16.979243   11684.396341
213      17.059334   11739.252661
214      17.139425   11794.108982
215      17.219515   11848.965303
216      17.299606   11903.821624
217      17.379697   11958.677945
218      17.459788   12013.534266
219      17.539879   12068.390587
220      17.619969   12123.246907
221      17.700060   12178.103228
222      17.780151   12232.959549
223      17.860242   12287.815870
224      17.940332   12342.672191
225      18.020423   12397.528512
226      18.100514   12452.384832
227      18.180605   12507.241153
228      18.260695   12562.097474
229      18.340786   12616.953795
230      18.420877   12671.810116
231      18.500968   12726.666437
232      18.581059   12781.522758
233      18.661149   12836.379078
234      18.741240   12891.235399
235      18.821331   12946.091720
236      18.901422   13000.948041
237      18.981512   13055.804362
238      19.061603   13110.660683
239      19.141694   13165.517003
240      19.221785   13220.373324
241      19.301875   13275.229645
242      19.381966   13330.085966
243      19.462057   13384.942287
244      19.542148   13439.798608
245      19.622239   13494.654929
246      19.702329   13549.511249
247      19.782420   13604.367570
248      19.862511   13659.223891
249      19.942602   13714.080212
250      20.022692   13768.936533
251      20.102783   13823.792854
252      20.182874   13878.649175
253      20.262965   13933.505495
254      20.343055   13988.361816
255      20.423146   14043.218137
256      20.503237   14098.074458
257      20.583328   14152.930779
258      20.663419   14207.787100
259      20.743509   14262.643420
260      20.823600   14317.499741
261      20.903691   14372.356062
262      20.983782   14427.212383
263      21.063872   14482.068704
264      21.143963   14536.925025
265      21.224054   14591.781346
266      21.304145   14646.637666
267      21.384235   14701.493987
268      21.464326   14756.350308
269      21.544417   14811.206629
270      21.624508   14866.062950
271      21.704599   14920.919271
272      21.784689   14975.775591
273      21.864780   15030.631912
274      21.944871   15085.488233
275      22.024962   15140.344554
276      22.105052   15195.200875
277      22.185143   15250.057196
278      22.265234   15304.913517
279      22.345325   15359.769837
280      22.425415   15414.626158
281      22.505506   15469.482479
282      22.585597   15524.338800
283      22.665688   15579.195121
284      22.745779   15634.051442
285      22.825869   15688.907762
286      22.905960   15743.764083
287      22.986051   15798.620404
288      23.066142   15853.476725
289      23.146232   15908.333046
290      23.226323   15963.189367
291      23.306414   16018.045688
292      23.386505   16072.902008
293      23.466595   16127.758329
294      23.546686   16182.614650
295      23.626777   16237.470971
296      23.706868   16292.327292
297      23.786959   16347.183613
298      23.867049   16402.039934
299      23.947140   16456.896254
300      24.027231   16511.752575
301      24.107322   16566.608896
302      24.187412   16621.465217
303      24.267503   16676.321538
304      24.347594   16731.177859
305      24.427685   16786.034179
306      24.507775   16840.890500
307      24.587866   16895.746821
308      24.667957   16950.603142
309      24.748048   17005.459463
310      24.828139   17060.315784
311      24.908229   17115.172105
312      24.988320   17170.028425
313      25.068411   17224.884746
314      25.148502   17279.741067
315      25.228592   17334.597388
316      25.308683   17389.453709
317      25.388774   17444.310030
318      25.468865   17499.166350
319      25.548955   17554.022671
320      25.629046   17608.878992
321      25.709137   17663.735313
322      25.789228   17718.591634
323      25.869319   17773.447955
324      25.949409   17828.304276
325      26.029500   17883.160596
326      26.109591   17938.016917
327      26.189682   17992.873238
328      26.269772   18047.729559
329      26.349863   18102.585880
330      26.429954   18157.442201
331      26.510045   18212.298522
332      26.590135   18267.154842
333      26.670226   18322.011163
334      26.750317   18376.867484
335      26.830408   18431.723805
336      26.910499   18486.580126
337      26.990589   18541.436447
338      27.070680   18596.292767
339      27.150771   18651.149088
340      27.230862   18706.005409
341      27.310952   18760.861730
342      27.391043   18815.718051
343      27.471134   18870.574372
344      27.551225   18925.430693
345      27.631315   18980.287013
346      27.711406   19035.143334
347      27.791497   19089.999655
348      27.871588   19144.855976
349      27.951679   19199.712297
350      28.031769   19254.568618
351      28.111860   19309.424938
352      28.191951   19364.281259
353      28.272042   19419.137580
354      28.352132   19473.993901
355      28.432223   19528.850222
356      28.512314   19583.706543
357      28.592405   19638.562864
358      28.672495   19693.419184
359      28.752586   19748.275505
360      28.832677   19803.131826
361      28.912768   19857.988147
362      28.992859   19912.844468
363      29.072949   19967.700789
364      29.153040   20022.557109
365      29.233131   20077.413430
366      29.313222   20132.269751
367      29.393312   20187.126072
368      29.473403   20241.982393
369      29.553494   20296.838714
370      29.633585   20351.695035
371      29.713675   20406.551355
372      29.793766   20461.407676
373      29.873857   20516.263997
374      29.953948   20571.120318
375      30.034039   20625.976639
376      30.114129   20680.832960
377      30.194220   20735.689281
378      30.274311   20790.545601
379      30.354402   20845.401922
380      30.434492   20900.258243
381      30.514583   20955.114564
382      30.594674   21009.970885
383      30.674765   21064.827206
384      30.754856   21119.683526
385      30.834946   21174.539847
386      30.915037   21229.396168
387      30.995128   21284.252489
388      31.075219   21339.108810
389      31.155309   21393.965131
390      31.235400   21448.821452
391      31.315491   21503.677772
392      31.395582   21558.534093
393      31.475672   21613.390414
394      31.555763   21668.246735
395      31.635854   21723.103056
396      31.715945   21777.959377
397      31.796036   21832.815697
398      31.876126   21887.672018
399      31.956217   21942.528339
400      32.036308   21997.384660
401      32.116399   22052.240981
402      32.196489   22107.097302
403      32.276580   22161.953623
404      32.356671   22216.809943
405      32.436762   22271.666264
406      32.516852   22326.522585
407      32.596943   22381.378906
408      32.677034   22436.235227
409      32.757125   22491.091548
410      32.837216   22545.947868
411      32.917306   22600.804189
412      32.997397   22655.660510
413      33.077488   22710.516831
414      33.157579   22765.373152
415      33.237669   22820.229473
416      33.317760   22875.085794
417      33.397851   22929.942114
418      33.477942   22984.798435
419      33.558032   23039.654756
420      33.638123   23094.511077
421      33.718214   23149.367398
422      33.798305   23204.223719
423      33.878396   23259.080040
424      33.958486   23313.936360
425      34.038577   23368.792681
426      34.118668   23423.649002
427      34.198759   23478.505323
428      34.278849   23533.361644
429      34.358940   23588.217965
430      34.439031   23643.074285
431      34.519122   23697.930606
432      34.599212   23752.786927
433      34.679303   23807.643248
434      34.759394   23862.499569
435      34.839485   23917.355890
436      34.919576   23972.212211
437      34.999666   24027.068531
438      35.079757   24081.924852
439      35.159848   24136.781173
440      35.239939   24191.637494
441      35.320029   24246.493815
442      35.400120   24301.350136
443      35.480211   24356.206456
444      35.560302   24411.062777
445      35.640392   24465.919098
446      35.720483   24520.775419
447      35.800574   24575.631740
448      35.880665   24630.488061
449      35.960756   24685.344382
450      36.040846   24740.200702
451      36.120937   24795.057023
452      36.201028   24849.913344
453      36.281119   24904.769665
454      36.361209   24959.625986
455      36.441300   25014.482307
456      36.521391   25069.338627
457      36.601482   25124.194948
458      36.681572   25179.051269
459      36.761663   25233.907590
460      36.841754   25288.763911
461      36.921845   25343.620232
462      37.001936   25398.476553
463      37.082026   25453.332873
464      37.162117   25508.189194
465      37.242208   25563.045515
466      37.322299   25617.901836
467      37.402389   25672.758157
468      37.482480   25727.614478
469      37.562571   25782.470799
470      37.642662   25837.327119
471      37.722752   25892.183440
472      37.802843   25947.039761
473      37.882934   26001.896082
474      37.963025   26056.752403
475      38.043116   26111.608724
476      38.123206   26166.465044
477      38.203297   26221.321365
478      38.283388   26276.177686
479      38.363479   26331.034007
480      38.443569   26385.890328
481      38.523660   26440.746649
482      38.603751   26495.602970
483      38.683842   26550.459290
484      38.763932   26605.315611
485      38.844023   26660.171932
486      38.924114   26715.028253
487      39.004205   26769.884574
488      39.084296   26824.740895
489      39.164386   26879.597215
490      39.244477   26934.453536
491      39.324568   26989.309857
492      39.404659   27044.166178
493      39.484749   27099.022499
494      39.564840   27153.878820
495      39.644931   27208.735141
496      39.725022   27263.591461
497      39.805112   27318.447782
498      39.885203   27373.304103
499      39.965294   27428.160424
500      40.045385   27483.016745
501      40.125476   27537.873066
502      40.205566   27592.729386
503      40.285657   27647.585707
504      40.365748   27702.442028
505      40.445839   27757.298349
506      40.525929   27812.154670
507      40.606020   27867.010991
508      40.686111   27921.867312
509      40.766202   27976.723632
510      40.846292   28031.579953
511      40.926383   28086.436274
512      41.006474   28141.292595
513      41.086565   28196.148916
514      41.166656   28251.005237
515      41.246746   28305.861558
516      41.326837   28360.717878
517      41.406928   28415.574199
518      41.487019   28470.430520
519      41.567109   28525.286841
520      41.647200   28580.143162
521      41.727291   28634.999483
522      41.807382   28689.855803
523      41.887472   28744.712124
524      41.967563   28799.568445
525      42.047654   28854.424766
526      42.127745   28909.281087
527      42.207836   28964.137408
528      42.287926   29018.993729
529      42.368017   29073.850049
530      42.448108   29128.706370
531      42.528199   29183.562691
532      42.608289   29238.419012
533      42.688380   29293.275333
534      42.768471   29348.131654
535      42.848562   29402.987974
536      42.928652   29457.844295
537      43.008743   29512.700616
538      43.088834   29567.556937
539      43.168925   29622.413258
540      43.249016   29677.269579
541      43.329106   29732.125900
542      43.409197   29786.982220
543      43.489288   29841.838541
544      43.569379   29896.694862
545      43.649469   29951.551183
546      43.729560   30006.407504
547      43.809651   30061.263825
548      43.889742   30116.120145
549      43.969832   30170.976466
550      44.049923   30225.832787
551      44.130014   30280.689108
552      44.210105   30335.545429
553      44.290196   30390.401750
554      44.370286   30445.258071
555      44.450377   30500.114391
556      44.530468   30554.970712
557      44.610559   30609.827033
558      44.690649   30664.683354
559      44.770740   30719.539675
560      44.850831   30774.395996
561      44.930922   30829.252317
562      45.011012   30884.108637
563      45.091103   30938.964958
564      45.171194   30993.821279
565      45.251285   31048.677600
566      45.331376   31103.533921
567      45.411466   31158.390242
568      45.491557   31213.246562
569      45.571648   31268.102883
570      45.651739   31322.959204
571      45.731829   31377.815525
572      45.811920   31432.671846
573      45.892011   31487.528167
574      45.972102   31542.384488
575      46.052192   31597.240808
576      46.132283   31652.097129
577      46.212374   31706.953450
578      46.292465   31761.809771
579      46.372556   31816.666092
580      46.452646   31871.522413
581      46.532737   31926.378733
582      46.612828   31981.235054
583      46.692919   32036.091375
584      46.773009   32090.947696
585      46.853100   32145.804017
586      46.933191   32200.660338
587      47.013282   32255.516659
588      47.093372   32310.372979
589      47.173463   32365.229300
590      47.253554   32420.085621
591      47.333645   32474.941942
592      47.413736   32529.798263
593      47.493826   32584.654584
594      47.573917   32639.510905
595      47.654008   32694.367225
596      47.734099   32749.223546
597      47.814189   32804.079867
598      47.894280   32858.936188
599      47.974371   32913.792509
600      48.054462   32968.648830
601      48.134552   33023.505150
602      48.214643   33078.361471
603      48.294734   33133.217792
604      48.374825   33188.074113
605      48.454916   33242.930434
606      48.535006   33297.786755
607      48.615097   33352.643076
608      48.695188   33407.499396
609      48.775279   33462.355717
610      48.855369   33517.212038
611      48.935460   33572.068359
612      49.015551   33626.924680
613      49.095642   33681.781001
614      49.175732   33736.637321
615      49.255823   33791.493642
616      49.335914   33846.349963
617      49.416005   33901.206284
618      49.496096   33956.062605
619      49.576186   34010.918926
620      49.656277   34065.775247
621      49.736368   34120.631567
622      49.816459   34175.487888
623      49.896549   34230.344209
624      49.976640   34285.200530
625      50.056731   34340.056851
626      50.136822   34394.913172
627      50.216913   34449.769492
628      50.297003   34504.625813
629      50.377094   34559.482134
630      50.457185   34614.338455
631      50.537276   34669.194776
632      50.617366   34724.051097
633      50.697457   34778.907418
634      50.777548   34833.763738
635      50.857639   34888.620059
636      50.937729   34943.476380
637      51.017820   34998.332701
638      51.097911   35053.189022
639      51.178002   35108.045343
640      51.258093   35162.901664
641      51.338183   35217.757984
642      51.418274   35272.614305
643      51.498365   35327.470626
644      51.578456   35382.326947
645      51.658546   35437.183268
646      51.738637   35492.039589
647      51.818728   35546.895909
648      51.898819   35601.752230
649      51.978909   35656.608551
650      52.059000   35711.464872
651      52.139091   35766.321193
652      52.219182   35821.177514
653      52.299273   35876.033835
654      52.379363   35930.890155
655      52.459454   35985.746476
656      52.539545   36040.602797
657      52.619636   36095.459118
658      52.699726   36150.315439
659      52.779817   36205.171760
660      52.859908   36260.028080
661      52.939999   36314.884401
662      53.020089   36369.740722
663      53.100180   36424.597043
664      53.180271   36479.453364
665      53.260362   36534.309685
666      53.340453   36589.166006
667      53.420543   36644.022326
668      53.500634   36698.878647
669      53.580725   36753.734968
670      53.660816   36808.591289
671      53.740906   36863.447610
672      53.820997   36918.303931
673      53.901088   36973.160251
674      53.981179   37028.016572
675      54.061269   37082.872893
676      54.141360   37137.729214
677      54.221451   37192.585535
678      54.301542   37247.441856
679      54.381633   37302.298177
680      54.461723   37357.154497
681      54.541814   37412.010818
682      54.621905   37466.867139
683      54.701996   37521.723460
684      54.782086   37576.579781
685      54.862177   37631.436102
686      54.942268   37686.292423
687      55.022359   37741.148743
688      55.102449   37796.005064
689      55.182540   37850.861385
690      55.262631   37905.717706
691      55.342722   37960.574027
692      55.422813   38015.430348
693      55.502903   38070.286668
694      55.582994   38125.142989
695      55.663085   38179.999310
696      55.743176   38234.855631
697      55.823266   38289.711952
698      55.903357   38344.568273
699      55.983448   38399.424594
700      56.063539   38454.280914
701      56.143629   38509.137235
702      56.223720   38563.993556
703      56.303811   38618.849877
704      56.383902   38673.706198
705      56.463993   38728.562519
706      56.544083   38783.418839
707      56.624174   38838.275160
708      56.704265   38893.131481
709      56.784356   38947.987802
710      56.864446   39002.844123
711      56.944537   39057.700444
712      57.024628   39112.556765
713      57.104719   39167.413085
714      57.184809   39222.269406
715      57.264900   39277.125727
716      57.344991   39331.982048
717      57.425082   39386.838369
718      57.505173   39441.694690
719      57.585263   39496.551010
720      57.665354   39551.407331
721      57.745445   39606.263652
722      57.825536   39661.119973
723      57.905626   39715.976294
724      57.985717   39770.832615
725      58.065808   39825.688936
726      58.145899   39880.545256
727      58.225989   39935.401577
728      58.306080   39990.257898
729      58.386171   40045.114219
730      58.466262   40099.970540
731      58.546353   40154.826861
732      58.626443   40209.683182
733      58.706534   40264.539502
734      58.786625   40319.395823
735      58.866716   40374.252144
736      58.946806   40429.108465
737      59.026897   40483.964786
738      59.106988   40538.821107
739      59.187079   40593.677427
740      59.267169   40648.533748
741      59.347260   40703.390069
742      59.427351   40758.246390
743      59.507442   40813.102711
744      59.587533   40867.959032
745      59.667623   40922.815353
746      59.747714   40977.671673
747      59.827805   41032.527994
748      59.907896   41087.384315
749      59.987986   41142.240636
750      60.068077   41197.096957
751      60.148168   41251.953278
752      60.228259   41306.809598
753      60.308349   41361.665919
754      60.388440   41416.522240
755      60.468531   41471.378561
756      60.548622   41526.234882
757      60.628713   41581.091203
758      60.708803   41635.947524
759      60.788894   41690.803844
760      60.868985   41745.660165
761      60.949076   41800.516486
762      61.029166   41855.372807
763      61.109257   41910.229128
764      61.189348   41965.085449
765      61.269439   42019.941769
766      61.349529   42074.798090
767      61.429620   42129.654411
768      61.509711   42184.510732
769      61.589802   42239.367053
770      61.669893   42294.223374
771      61.749983   42349.079695
772      61.830074   42403.936015
773      61.910165   42458.792336
774      61.990256   42513.648657
775      62.070346   42568.504978
776      62.150437   42623.361299
777      62.230528   42678.217620
778      62.310619   42733.073941
779      62.390709   42787.930261
780      62.470800   42842.786582
781      62.550891   42897.642903
782      62.630982   42952.499224
783      62.711073   43007.355545
784      62.791163   43062.211866
785      62.871254   43117.068186
786      62.951345   43171.924507
787      63.031436   43226.780828
788      63.111526   43281.637149
789      63.191617   43336.493470
790      63.271708   43391.349791
791      63.351799   43446.206112
792      63.431889   43501.062432
793      63.511980   43555.918753
794      63.592071   43610.775074
795      63.672162   43665.631395
796      63.752253   43720.487716
797      63.832343   43775.344037
798      63.912434   43830.200357
799      63.992525   43885.056678
800      64.072616   43939.912999
801      64.152706   43994.769320
802      64.232797   44049.625641
803      64.312888   44104.481962
804      64.392979   44159.338283
805      64.473069   44214.194603
806      64.553160   44269.050924
807      64.633251   44323.907245
808      64.713342   44378.763566
809      64.793433   44433.619887
810      64.873523   44488.476208
811      64.953614   44543.332528
812      65.033705   44598.188849
813      65.113796   44653.045170
814      65.193886   44707.901491
815      65.273977   44762.757812
816      65.354068   44817.614133
817      65.434159   44872.470454
818      65.514249   44927.326774
819      65.594340   44982.183095
820      65.674431   45037.039416
821      65.754522   45091.895737
822      65.834613   45146.752058
823      65.914703   45201.608379
824      65.994794   45256.464700
825      66.074885   45311.321020
826      66.154976   45366.177341
827      66.235066   45421.033662
828      66.315157   45475.889983
829      66.395248   45530.746304
830      66.475339   45585.602625
831      66.555429   45640.458945
832      66.635520   45695.315266
833      66.715611   45750.171587
834      66.795702   45805.027908
835      66.875793   45859.884229
836      66.955883   45914.740550
837      67.035974   45969.596871
838      67.116065   46024.453191
839      67.196156   46079.309512
840      67.276246   46134.165833
841      67.356337   46189.022154
842      67.436428   46243.878475
843      67.516519   46298.734796
844      67.596609   46353.591116
845      67.676700   46408.447437
846      67.756791   46463.303758
847      67.836882   46518.160079
848      67.916973   46573.016400
849      67.997063   46627.872721
850      68.077154   46682.729042
851      68.157245   46737.585362
852      68.237336   46792.441683
853      68.317426   46847.298004
854      68.397517   46902.154325
855      68.477608   46957.010646
856      68.557699   47011.866967
857      68.637789   47066.723287
858      68.717880   47121.579608
859      68.797971   47176.435929
860      68.878062   47231.292250
861      68.958153   47286.148571
862      69.038243   47341.004892
863      69.118334   47395.861213
864      69.198425   47450.717533
865      69.278516   47505.573854
866      69.358606   47560.430175
867      69.438697   47615.286496
868      69.518788   47670.142817
869      69.598879   47724.999138
870      69.678969   47779.855459
871      69.759060   47834.711779
872      69.839151   47889.568100
873      69.919242   47944.424421
874      69.999333   47999.280742
875      70.079423   48054.137063
876      70.159514   48108.993384
877      70.239605   48163.849704
878      70.319696   48218.706025
879      70.399786   48273.562346
880      70.479877   48328.418667
881      70.559968   48383.274988
882      70.640059   48438.131309
883      70.720150   48492.987630
884      70.800240   48547.843950
885      70.880331   48602.700271
886      70.960422   48657.556592
887      71.040513   48712.412913
888      71.120603   48767.269234
889      71.200694   48822.125555
890      71.280785   48876.981875
891      71.360876   48931.838196
892      71.440966   48986.694517
893      71.521057   49041.550838
894      71.601148   49096.407159
895      71.681239   49151.263480
896      71.761330   49206.119801
897      71.841420   49260.976121
898      71.921511   49315.832442
899      72.001602   49370.688763
900      72.081693   49425.545084
901      72.161783   49480.401405
902      72.241874   49535.257726
903      72.321965   49590.114047
904      72.402056   49644.970367
905      72.482146   49699.826688
906      72.562237   49754.683009
907      72.642328   49809.539330
908      72.722419   49864.395651
909      72.802510   49919.251972
910      72.882600   49974.108292
911      72.962691   50028.964613
912      73.042782   50083.820934
913      73.122873   50138.677255
914      73.202963   50193.533576
915      73.283054   50248.389897
916      73.363145   50303.246218
917      73.443236   50358.102538
918      73.523326   50412.958859
919      73.603417   50467.815180
920      73.683508   50522.671501
921      73.763599   50577.527822
922      73.843690   50632.384143
923      73.923780   50687.240463
924      74.003871   50742.096784
925      74.083962   50796.953105
926      74.164053   50851.809426
927      74.244143   50906.665747
928      74.324234   50961.522068
929      74.404325   51016.378389
930      74.484416   51071.234709
931      74.564506   51126.091030
932      74.644597   51180.947351
933      74.724688   51235.803672
934      74.804779   51290.659993
935      74.884870   51345.516314
936      74.964960   51400.372634
937      75.045051   51455.228955
938      75.125142   51510.085276
939      75.205233   51564.941597
940      75.285323   51619.797918
941      75.365414   51674.654239
942      75.445505   51729.510560
943      75.525596   51784.366880
944      75.605686   51839.223201
945      75.685777   51894.079522
946      75.765868   51948.935843
947      75.845959   52003.792164
948      75.926050   52058.648485
949      76.006140   52113.504806
950      76.086231   52168.361126
951      76.166322   52223.217447
952      76.246413   52278.073768
953      76.326503   52332.930089
954      76.406594   52387.786410
955      76.486685   52442.642731
956      76.566776   52497.499051
957      76.646866   52552.355372
958      76.726957   52607.211693
959      76.807048   52662.068014
960      76.887139   52716.924335
961      76.967230   52771.780656
962      77.047320   52826.636977
963      77.127411   52881.493297
964      77.207502   52936.349618
965      77.287593   52991.205939
966      77.367683   53046.062260
967      77.447774   53100.918581
968      77.527865   53155.774902
969      77.607956   53210.631222
970      77.688046   53265.487543
971      77.768137   53320.343864
972      77.848228   53375.200185
973      77.928319   53430.056506
974      78.008410   53484.912827
975      78.088500   53539.769148
976      78.168591   53594.625468
977      78.248682   53649.481789
978      78.328773   53704.338110
979      78.408863   53759.194431
980      78.488954   53814.050752
981      78.569045   53868.907073
982      78.649136   53923.763393
983      78.729226   53978.619714
984      78.809317   54033.476035
985      78.889408   54088.332356
986      78.969499   54143.188677
987      79.049590   54198.044998
988      79.129680   54252.901319
989      79.209771   54307.757639
990      79.289862   54362.613960
991      79.369953   54417.470281
992      79.450043   54472.326602
993      79.530134   54527.182923
994      79.610225   54582.039244
995      79.690316   54636.895565
996      79.770406   54691.751885
997      79.850497   54746.608206
998      79.930588   54801.464527
999      80.010679   54856.320848
1000     80.090770   54911.177169
1001     80.170860   54966.033490
1002     80.250951   55020.889810
1003     80.331042   55075.746131
1004     80.411133   55130.602452
1005     80.491223   55185.458773
1006     80.571314   55240.315094
1007     80.651405   55295.171415
1008     80.731496   55350.027736
1009     80.811586   55404.884056
1010     80.891677   55459.740377
1011     80.971768   55514.596698
1012     81.051859   55569.453019
1013     81.131950   55624.309340
1014     81.212040   55679.165661
1015     81.292131   55734.021981
1016     81.372222   55788.878302
1017     81.452313   55843.734623
1018     81.532403   55898.590944
1019     81.612494   55953.447265
1020     81.692585   56008.303586
1021     81.772676   56063.159907
1022     81.852766   56118.016227
1023     81.932857   56172.872548
1024     82.012948   56227.728869
1025     82.093039   56282.585190
1026     82.173130   56337.441511
1027     82.253220   56392.297832
1028     82.333311   56447.154152
1029     82.413402   56502.010473
1030     82.493493   56556.866794
1031     82.573583   56611.723115
1032     82.653674   56666.579436
1033     82.733765   56721.435757
1034     82.813856   56776.292078
1035     82.893946   56831.148398
1036     82.974037   56886.004719
1037     83.054128   56940.861040
1038     83.134219   56995.717361
1039     83.214310   57050.573682
1040     83.294400   57105.430003
1041     83.374491   57160.286324
1042     83.454582   57215.142644
1043     83.534673   57269.998965
1044     83.614763   57324.855286
1045     83.694854   57379.711607
1046     83.774945   57434.567928
1047     83.855036   57489.424249
1048     83.935126   57544.280569
1049     84.015217   57599.136890
1050     84.095308   57653.993211
1051     84.175399   57708.849532
1052     84.255490   57763.705853
1053     84.335580   57818.562174
1054     84.415671   57873.418495
1055     84.495762   57928.274815
1056     84.575853   57983.131136
1057     84.655943   58037.987457
1058     84.736034   58092.843778
1059     84.816125   58147.700099
1060     84.896216   58202.556420
1061     84.976306   58257.412740
1062     85.056397   58312.269061
1063     85.136488   58367.125382
1064     85.216579   58421.981703
1065     85.296670   58476.838024
1066     85.376760   58531.694345
1067     85.456851   58586.550666
1068     85.536942   58641.406986
1069     85.617033   58696.263307
1070     85.697123   58751.119628
1071     85.777214   58805.975949
1072     85.857305   58860.832270
1073     85.937396   58915.688591
1074     86.017486   58970.544911
1075     86.097577   59025.401232
1076     86.177668   59080.257553
1077     86.257759   59135.113874
1078     86.337850   59189.970195
1079     86.417940   59244.826516
1080     86.498031   59299.682837
1081     86.578122   59354.539157
1082     86.658213   59409.395478
1083     86.738303   59464.251799
1084     86.818394   59519.108120
1085     86.898485   59573.964441
1086     86.978576   59628.820762
1087     87.058666   59683.677083
1088     87.138757   59738.533403
1089     87.218848   59793.389724
1090     87.298939   59848.246045
1091     87.379030   59903.102366
1092     87.459120   59957.958687
1093     87.539211   60012.815008
1094     87.619302   60067.671328
1095     87.699393   60122.527649
1096     87.779483   60177.383970
1097     87.859574   60232.240291
1098     87.939665   60287.096612
1099     88.019756   60341.952933
1100     88.099846   60396.809254
1101     88.179937   60451.665574
1102     88.260028   60506.521895
1103     88.340119   60561.378216
1104     88.420210   60616.234537
1105     88.500300   60671.090858
1106     88.580391   60725.947179
1107     88.660482   60780.803499
1108     88.740573   60835.659820
1109     88.820663   60890.516141
1110     88.900754   60945.372462
1111     88.980845   61000.228783
1112     89.060936   61055.085104
1113     89.141026   61109.941425
1114     89.221117   61164.797745
1115     89.301208   61219.654066
1116     89.381299   61274.510387
1117     89.461390   61329.366708
1118     89.541480   61384.223029
1119     89.621571   61439.079350
1120     89.701662   61493.935670
1121     89.781753   61548.791991
1122     89.861843   61603.648312
1123     89.941934   61658.504633
1124     90.022025   61713.360954
1125     90.102116   61768.217275
1126     90.182207   61823.073596
1127     90.262297   61877.929916
1128     90.342388   61932.786237
1129     90.422479   61987.642558
1130     90.502570   62042.498879
1131     90.582660   62097.355200
1132     90.662751   62152.211521
1133     90.742842   62207.067842
1134     90.822933   62261.924162
1135     90.903023   62316.780483
1136     90.983114   62371.636804
1137     91.063205   62426.493125
1138     91.143296   62481.349446
1139     91.223387   62536.205767
1140     91.303477   62591.062087
1141     91.383568   62645.918408
1142     91.463659   62700.774729
1143     91.543750   62755.631050
1144     91.623840   62810.487371
1145     91.703931   62865.343692
1146     91.784022   62920.200013
1147     91.864113   62975.056333
1148     91.944203   63029.912654
1149     92.024294   63084.768975
1150     92.104385   63139.625296
1151     92.184476   63194.481617
1152     92.264567   63249.337938
1153     92.344657   63304.194258
1154     92.424748   63359.050579
1155     92.504839   63413.906900
1156     92.584930   63468.763221
1157     92.665020   63523.619542
1158     92.745111   63578.475863
1159     92.825202   63633.332184
1160     92.905293   63688.188504
1161     92.985383   63743.044825
1162     93.065474   63797.901146
1163     93.145565   63852.757467
1164     93.225656   63907.613788
1165     93.305747   63962.470109
1166     93.385837   64017.326430
1167     93.465928   64072.182750
1168     93.546019   64127.039071
1169     93.626110   64181.895392
1170     93.706200   64236.751713
1171     93.786291   64291.608034
1172     93.866382   64346.464355
1173     93.946473   64401.320675
1174     94.026563   64456.176996
1175     94.106654   64511.033317
1176     94.186745   64565.889638
1177     94.266836   64620.745959
1178     94.346927   64675.602280
1179     94.427017   64730.458601
1180     94.507108   64785.314921
1181     94.587199   64840.171242
1182     94.667290   64895.027563
1183     94.747380   64949.883884
1184     94.827471   65004.740205
1185     94.907562   65059.596526
1186     94.987653   65114.452846
1187     95.067743   65169.309167
1188     95.147834   65224.165488
1189     95.227925   65279.021809
1190     95.308016   65333.878130
1191     95.388107   65388.734451
1192     95.468197   65443.590772
1193     95.548288   65498.447092
1194     95.628379   65553.303413
1195     95.708470   65608.159734
1196     95.788560   65663.016055
1197     95.868651   65717.872376
1198     95.948742   65772.728697
1199     96.028833   65827.585017
1200     96.108923   65882.441338
1201     96.189014   65937.297659
1202     96.269105   65992.153980
1203     96.349196   66047.010301
1204     96.429287   66101.866622
1205     96.509377   66156.722943
1206     96.589468   66211.579263
1207     96.669559   66266.435584
1208     96.749650   66321.291905
1209     96.829740   66376.148226
1210     96.909831   66431.004547
1211     96.989922   66485.860868
1212     97.070013   66540.717189
1213     97.150103   66595.573509
1214     97.230194   66650.429830
1215     97.310285   66705.286151
1216     97.390376   66760.142472
1217     97.470467   66814.998793
1218     97.550557   66869.855114
1219     97.630648   66924.711434
1220     97.710739   66979.567755
1221     97.790830   67034.424076
1222     97.870920   67089.280397
1223     97.951011   67144.136718
1224     98.031102   67198.993039
1225     98.111193   67253.849360
1226     98.191283   67308.705680
1227     98.271374   67363.562001
1228     98.351465   67418.418322
1229     98.431556   67473.274643
1230     98.511647   67528.130964
1231     98.591737   67582.987285
1232     98.671828   67637.843605
1233     98.751919   67692.699926
1234     98.832010   67747.556247
1235     98.912100   67802.412568
1236     98.992191   67857.268889
1237     99.072282   67912.125210
1238     99.152373   67966.981531
1239     99.232463   68021.837851
1240     99.312554   68076.694172
1241     99.392645   68131.550493
1242     99.472736   68186.406814
1243     99.552827   68241.263135
1244     99.632917   68296.119456
1245     99.713008   68350.975776
1246     99.793099   68405.832097
1247     99.873190   68460.688418
1248     99.953280   68515.544739
1249    100.033371   68570.401060
1250    100.113462   68625.257381
1251    100.193553   68680.113702
1252    100.273643   68734.970022
1253    100.353734   68789.826343
1254    100.433825   68844.682664
1255    100.513916   68899.538985
1256    100.594007   68954.395306
1257    100.674097   69009.251627
1258    100.754188   69064.107948
1259    100.834279   69118.964268
1260    100.914370   69173.820589
1261    100.994460   69228.676910
1262    101.074551   69283.533231
1263    101.154642   69338.389552
1264    101.234733   69393.245873
1265    101.314823   69448.102193
1266    101.394914   69502.958514
1267    101.475005   69557.814835
1268    101.555096   69612.671156
1269    101.635187   69667.527477
1270    101.715277   69722.383798
1271    101.795368   69777.240119
1272    101.875459   69832.096439
1273    101.955550   69886.952760
1274    102.035640   69941.809081
1275    102.115731   69996.665402
1276    102.195822   70051.521723
1277    102.275913   70106.378044
1278    102.356003   70161.234364
1279    102.436094   70216.090685
1280    102.516185   70270.947006
1281    102.596276   70325.803327
1282    102.676367   70380.659648
1283    102.756457   70435.515969
1284    102.836548   70490.372290
1285    102.916639   70545.228610
1286    102.996730   70600.084931
1287    103.076820   70654.941252
1288    103.156911   70709.797573
1289    103.237002   70764.653894
1290    103.317093   70819.510215
1291    103.397183   70874.366535
1292    103.477274   70929.222856
1293    103.557365   70984.079177
1294    103.637456   71038.935498
1295    103.717547   71093.791819
1296    103.797637   71148.648140
1297    103.877728   71203.504461
1298    103.957819   71258.360781
1299    104.037910   71313.217102
1300    104.118000   71368.073423
1301    104.198091   71422.929744
1302    104.278182   71477.786065
1303    104.358273   71532.642386
1304    104.438363   71587.498707
1305    104.518454   71642.355027
1306    104.598545   71697.211348
1307    104.678636   71752.067669
1308    104.758727   71806.923990
1309    104.838817   71861.780311
1310    104.918908   71916.636632
1311    104.998999   71971.492952
1312    105.079090   72026.349273
1313    105.159180   72081.205594
1314    105.239271   72136.061915
1315    105.319362   72190.918236
1316    105.399453   72245.774557
1317    105.479543   72300.630878
1318    105.559634   72355.487198
1319    105.639725   72410.343519
1320    105.719816   72465.199840
1321    105.799907   72520.056161
1322    105.879997   72574.912482
1323    105.960088   72629.768803
1324    106.040179   72684.625123
1325    106.120270   72739.481444
1326    106.200360   72794.337765
1327    106.280451   72849.194086
1328    106.360542   72904.050407
1329    106.440633   72958.906728
1330    106.520723   73013.763049
1331    106.600814   73068.619369
1332    106.680905   73123.475690
1333    106.760996   73178.332011
1334    106.841087   73233.188332
1335    106.921177   73288.044653
1336    107.001268   73342.900974
1337    107.081359   73397.757294
1338    107.161450   73452.613615
1339    107.241540   73507.469936
1340    107.321631   73562.326257
1341    107.401722   73617.182578
1342    107.481813   73672.038899
1343    107.561903   73726.895220
1344    107.641994   73781.751540
1345    107.722085   73836.607861
1346    107.802176   73891.464182
1347    107.882267   73946.320503
1348    107.962357   74001.176824
1349    108.042448   74056.033145
1350    108.122539   74110.889466
1351    108.202630   74165.745786
1352    108.282720   74220.602107
1353    108.362811   74275.458428
1354    108.442902   74330.314749
1355    108.522993   74385.171070
1356    108.603083   74440.027391
1357    108.683174   74494.883711
1358    108.763265   74549.740032
1359    108.843356   74604.596353
1360    108.923447   74659.452674
1361    109.003537   74714.308995
1362    109.083628   74769.165316
1363    109.163719   74824.021637
1364    109.243810   74878.877957
1365    109.323900   74933.734278
1366    109.403991   74988.590599
1367    109.484082   75043.446920
1368    109.564173   75098.303241
1369    109.644263   75153.159562
1370    109.724354   75208.015882
1371    109.804445   75262.872203
1372    109.884536   75317.728524
1373    109.964627   75372.584845
1374    110.044717   75427.441166
1375    110.124808   75482.297487
1376    110.204899   75537.153808
1377    110.284990   75592.010128
1378    110.365080   75646.866449
1379    110.445171   75701.722770
1380    110.525262   75756.579091
1381    110.605353   75811.435412
1382    110.685444   75866.291733
1383    110.765534   75921.148053
1384    110.845625   75976.004374
1385    110.925716   76030.860695
1386    111.005807   76085.717016
1387    111.085897   76140.573337
1388    111.165988   76195.429658
1389    111.246079   76250.285979
1390    111.326170   76305.142299
1391    111.406260   76359.998620
1392    111.486351   76414.854941
1393    111.566442   76469.711262
1394    111.646533   76524.567583
1395    111.726624   76579.423904
1396    111.806714   76634.280225
1397    111.886805   76689.136545
1398    111.966896   76743.992866
1399    112.046987   76798.849187
1400    112.127077   76853.705508
1401    112.207168   76908.561829
1402    112.287259   76963.418150
1403    112.367350   77018.274470
1404    112.447440   77073.130791
1405    112.527531   77127.987112
1406    112.607622   77182.843433
1407    112.687713   77237.699754
1408    112.767804   77292.556075
1409    112.847894   77347.412396
1410    112.927985   77402.268716
1411    113.008076   77457.125037
1412    113.088167   77511.981358
1413    113.168257   77566.837679
1414    113.248348   77621.694000
1415    113.328439   77676.550321
1416    113.408530   77731.406641
1417    113.488620   77786.262962
1418    113.568711   77841.119283
1419    113.648802   77895.975604
1420    113.728893   77950.831925
1421    113.808984   78005.688246
1422    113.889074   78060.544567
1423    113.969165   78115.400887
1424    114.049256   78170.257208
1425    114.129347   78225.113529
1426    114.209437   78279.969850
1427    114.289528   78334.826171
1428    114.369619   78389.682492
1429    114.449710   78444.538812
1430    114.529800   78499.395133
1431    114.609891   78554.251454
1432    114.689982   78609.107775
1433    114.770073   78663.964096
1434    114.850164   78718.820417
1435    114.930254   78773.676738
1436    115.010345   78828.533058
1437    115.090436   78883.389379
1438    115.170527   78938.245700
1439    115.250617   78993.102021
1440    115.330708   79047.958342
1441    115.410799   79102.814663
1442    115.490890   79157.670984
1443    115.570980   79212.527304
1444    115.651071   79267.383625
1445    115.731162   79322.239946
1446    115.811253   79377.096267
1447    115.891344   79431.952588
1448    115.971434   79486.808909
1449    116.051525   79541.665229
1450    116.131616   79596.521550
1451    116.211707   79651.377871
1452    116.291797   79706.234192
1453    116.371888   79761.090513
1454    116.451979   79815.946834
1455    116.532070   79870.803155
1456    116.612160   79925.659475
1457    116.692251   79980.515796
1458    116.772342   80035.372117
1459    116.852433   80090.228438
1460    116.932524   80145.084759
1461    117.012614   80199.941080
1462    117.092705   80254.797400
1463    117.172796   80309.653721
1464    117.252887   80364.510042
1465    117.332977   80419.366363
1466    117.413068   80474.222684
1467    117.493159   80529.079005
1468    117.573250   80583.935326
1469    117.653340   80638.791646
1470    117.733431   80693.647967
1471    117.813522   80748.504288
1472    117.893613   80803.360609
1473    117.973704   80858.216930
1474    118.053794   80913.073251
1475    118.133885   80967.929572
1476    118.213976   81022.785892
1477    118.294067   81077.642213
1478    118.374157   81132.498534
1479    118.454248   81187.354855
1480    118.534339   81242.211176
1481    118.614430   81297.067497
1482    118.694520   81351.923817
1483    118.774611   81406.780138
1484    118.854702   81461.636459
1485    118.934793   81516.492780
1486    119.014884   81571.349101
1487    119.094974   81626.205422
1488    119.175065   81681.061743
1489    119.255156   81735.918063
1490    119.335247   81790.774384
1491    119.415337   81845.630705
1492    119.495428   81900.487026
1493    119.575519   81955.343347
1494    119.655610   82010.199668
1495    119.735700   82065.055988
1496    119.815791   82119.912309
1497    119.895882   82174.768630
1498    119.975973   82229.624951
1499    120.056064   82284.481272
1500    120.136154   82339.337593
1501    120.216245   82394.193914
1502    120.296336   82449.050234
1503    120.376427   82503.906555
1504    120.456517   82558.762876
1505    120.536608   82613.619197
1506    120.616699   82668.475518
1507    120.696790   82723.331839
1508    120.776880   82778.188159
1509    120.856971   82833.044480
1510    120.937062   82887.900801
1511    121.017153   82942.757122
1512    121.097244   82997.613443
1513    121.177334   83052.469764
1514    121.257425   83107.326085
1515    121.337516   83162.182405
1516    121.417607   83217.038726
1517    121.497697   83271.895047
1518    121.577788   83326.751368
1519    121.657879   83381.607689
1520    121.737970   83436.464010
1521    121.818060   83491.320331
1522    121.898151   83546.176651
1523    121.978242   83601.032972
1524    122.058333   83655.889293
1525    122.138424   83710.745614
1526    122.218514   83765.601935
1527    122.298605   83820.458256
1528    122.378696   83875.314576
1529    122.458787   83930.170897
1530    122.538877   83985.027218
1531    122.618968   84039.883539
1532    122.699059   84094.739860
1533    122.779150   84149.596181
1534    122.859240   84204.452502
1535    122.939331   84259.308822
1536    123.019422   84314.165143
1537    123.099513   84369.021464
1538    123.179604   84423.877785
1539    123.259694   84478.734106
1540    123.339785   84533.590427
1541    123.419876   84588.446747
1542    123.499967   84643.303068
1543    123.580057   84698.159389
1544    123.660148   84753.015710
1545    123.740239   84807.872031
1546    123.820330   84862.728352
1547    123.900420   84917.584673
1548    123.980511   84972.440993
1549    124.060602   85027.297314
1550    124.140693   85082.153635
1551    124.220784   85137.009956
1552    124.300874   85191.866277
1553    124.380965   85246.722598
1554    124.461056   85301.578918
1555    124.541147   85356.435239
1556    124.621237   85411.291560
1557    124.701328   85466.147881
1558    124.781419   85521.004202
1559    124.861510   85575.860523
1560    124.941600   85630.716844
1561    125.021691   85685.573164
1562    125.101782   85740.429485
1563    125.181873   85795.285806
1564    125.261964   85850.142127
1565    125.342054   85904.998448
1566    125.422145   85959.854769
1567    125.502236   86014.711090
1568    125.582327   86069.567410
1569    125.662417   86124.423731
1570    125.742508   86179.280052
1571    125.822599   86234.136373
1572    125.902690   86288.992694
1573    125.982780   86343.849015
1574    126.062871   86398.705335
1575    126.142962   86453.561656
1576    126.223053   86508.417977
1577    126.303144   86563.274298
1578    126.383234   86618.130619
1579    126.463325   86672.986940
1580    126.543416   86727.843261
1581    126.623507   86782.699581
1582    126.703597   86837.555902
1583    126.783688   86892.412223
1584    126.863779   86947.268544
1585    126.943870   87002.124865
1586    127.023960   87056.981186
1587    127.104051   87111.837506
1588    127.184142   87166.693827
1589    127.264233   87221.550148
1590    127.344324   87276.406469
1591    127.424414   87331.262790
1592    127.504505   87386.119111
1593    127.584596   87440.975432
1594    127.664687   87495.831752
1595    127.744777   87550.688073
1596    127.824868   87605.544394
1597    127.904959   87660.400715
1598    127.985050   87715.257036
1599    128.065140   87770.113357
1600    128.145231   87824.969677
1601    128.225322   87879.825998
1602    128.305413   87934.682319
1603    128.385504   87989.538640
1604    128.465594   88044.394961
1605    128.545685   88099.251282
1606    128.625776   88154.107603
1607    128.705867   88208.963923
1608    128.785957   88263.820244
1609    128.866048   88318.676565
1610    128.946139   88373.532886
1611    129.026230   88428.389207
1612    129.106320   88483.245528
1613    129.186411   88538.101849
1614    129.266502   88592.958169
1615    129.346593   88647.814490
1616    129.426684   88702.670811
1617    129.506774   88757.527132
1618    129.586865   88812.383453
1619    129.666956   88867.239774
1620    129.747047   88922.096094
1621    129.827137   88976.952415
1622    129.907228   89031.808736
1623    129.987319   89086.665057
1624    130.067410   89141.521378
1625    130.147501   89196.377699
1626    130.227591   89251.234020
1627    130.307682   89306.090340
1628    130.387773   89360.946661
1629    130.467864   89415.802982
1630    130.547954   89470.659303
1631    130.628045   89525.515624
1632    130.708136   89580.371945
1633    130.788227   89635.228265
1634    130.868317   89690.084586
1635    130.948408   89744.940907
1636    131.028499   89799.797228
1637    131.108590   89854.653549
1638    131.188681   89909.509870
1639    131.268771   89964.366191
1640    131.348862   90019.222511
1641    131.428953   90074.078832
1642    131.509044   90128.935153
1643    131.589134   90183.791474
1644    131.669225   90238.647795
1645    131.749316   90293.504116
1646    131.829407   90348.360436
1647    131.909497   90403.216757
1648    131.989588   90458.073078
1649    132.069679   90512.929399
1650    132.149770   90567.785720
1651    132.229861   90622.642041
1652    132.309951   90677.498362
1653    132.390042   90732.354682
1654    132.470133   90787.211003
1655    132.550224   90842.067324
1656    132.630314   90896.923645
1657    132.710405   90951.779966
1658    132.790496   91006.636287
1659    132.870587   91061.492608
1660    132.950677   91116.348928
1661    133.030768   91171.205249
1662    133.110859   91226.061570
1663    133.190950   91280.917891
1664    133.271041   91335.774212
1665    133.351131   91390.630533
1666    133.431222   91445.486853
1667    133.511313   91500.343174
1668    133.591404   91555.199495
1669    133.671494   91610.055816
1670    133.751585   91664.912137
1671    133.831676   91719.768458
1672    133.911767   91774.624779
1673    133.991857   91829.481099
1674    134.071948   91884.337420
1675    134.152039   91939.193741
1676    134.232130   91994.050062
1677    134.312221   92048.906383
1678    134.392311   92103.762704
1679    134.472402   92158.619024
1680    134.552493   92213.475345
1681    134.632584   92268.331666
1682    134.712674   92323.187987
1683    134.792765   92378.044308
1684    134.872856   92432.900629
1685    134.952947   92487.756950
1686    135.033037   92542.613270
1687    135.113128   92597.469591
1688    135.193219   92652.325912
1689    135.273310   92707.182233
1690    135.353401   92762.038554
1691    135.433491   92816.894875
1692    135.513582   92871.751195
1693    135.593673   92926.607516
1694    135.673764   92981.463837
1695    135.753854   93036.320158
1696    135.833945   93091.176479
1697    135.914036   93146.032800
1698    135.994127   93200.889121
1699    136.074217   93255.745441
1700    136.154308   93310.601762
1701    136.234399   93365.458083
1702    136.314490   93420.314404
1703    136.394581   93475.170725
1704    136.474671   93530.027046
1705    136.554762   93584.883367
1706    136.634853   93639.739687
1707    136.714944   93694.596008
1708    136.795034   93749.452329
1709    136.875125   93804.308650
1710    136.955216   93859.164971
1711    137.035307   93914.021292
1712    137.115397   93968.877612
1713    137.195488   94023.733933
1714    137.275579   94078.590254
1715    137.355670   94133.446575
1716    137.435761   94188.302896
1717    137.515851   94243.159217
1718    137.595942   94298.015538
1719    137.676033   94352.871858
1720    137.756124   94407.728179
1721    137.836214   94462.584500
1722    137.916305   94517.440821
1723    137.996396   94572.297142
1724    138.076487   94627.153463
1725    138.156577   94682.009783
1726    138.236668   94736.866104
1727    138.316759   94791.722425
1728    138.396850   94846.578746
1729    138.476941   94901.435067
1730    138.557031   94956.291388
1731    138.637122   95011.147709
1732    138.717213   95066.004029
1733    138.797304   95120.860350
1734    138.877394   95175.716671
1735    138.957485   95230.572992
1736    139.037576   95285.429313
1737    139.117667   95340.285634
1738    139.197757   95395.141954
1739    139.277848   95449.998275
1740    139.357939   95504.854596
1741    139.438030   95559.710917
1742    139.518121   95614.567238
1743    139.598211   95669.423559
1744    139.678302   95724.279880
1745    139.758393   95779.136200
1746    139.838484   95833.992521
1747    139.918574   95888.848842
1748    139.998665   95943.705163
1749    140.078756   95998.561484
1750    140.158847   96053.417805
1751    140.238937   96108.274126
1752    140.319028   96163.130446
1753    140.399119   96217.986767
1754    140.479210   96272.843088
1755    140.559301   96327.699409
1756    140.639391   96382.555730
1757    140.719482   96437.412051
1758    140.799573   96492.268371
1759    140.879664   96547.124692
1760    140.959754   96601.981013
1761    141.039845   96656.837334
1762    141.119936   96711.693655
1763    141.200027   96766.549976
1764    141.280117   96821.406297
1765    141.360208   96876.262617
1766    141.440299   96931.118938
1767    141.520390   96985.975259
1768    141.600481   97040.831580
1769    141.680571   97095.687901
1770    141.760662   97150.544222
1771    141.840753   97205.400542
1772    141.920844   97260.256863
1773    142.000934   97315.113184
1774    142.081025   97369.969505
1775    142.161116   97424.825826
1776    142.241207   97479.682147
1777    142.321297   97534.538468
1778    142.401388   97589.394788
1779    142.481479   97644.251109
1780    142.561570   97699.107430
1781    142.641661   97753.963751
1782    142.721751   97808.820072
1783    142.801842   97863.676393
1784    142.881933   97918.532714
1785    142.962024   97973.389034
1786    143.042114   98028.245355
1787    143.122205   98083.101676
1788    143.202296   98137.957997
1789    143.282387   98192.814318
1790    143.362477   98247.670639
1791    143.442568   98302.526959
1792    143.522659   98357.383280
1793    143.602750   98412.239601
1794    143.682841   98467.095922
1795    143.762931   98521.952243
1796    143.843022   98576.808564
1797    143.923113   98631.664885
1798    144.003204   98686.521205
1799    144.083294   98741.377526
1800    144.163385   98796.233847
1801    144.243476   98851.090168
1802    144.323567   98905.946489
1803    144.403657   98960.802810
1804    144.483748   99015.659130
1805    144.563839   99070.515451
1806    144.643930   99125.371772
1807    144.724021   99180.228093
1808    144.804111   99235.084414
1809    144.884202   99289.940735
1810    144.964293   99344.797056
1811    145.044384   99399.653376
1812    145.124474   99454.509697
1813    145.204565   99509.366018
1814    145.284656   99564.222339
1815    145.364747   99619.078660
1816    145.444837   99673.934981
1817    145.524928   99728.791301
1818    145.605019   99783.647622
1819    145.685110   99838.503943
1820    145.765201   99893.360264
1821    145.845291   99948.216585
1822    145.925382  100003.072906
1823    146.005473  100057.929227
1824    146.085564  100112.785547
1825    146.165654  100167.641868
1826    146.245745  100222.498189
1827    146.325836  100277.354510
1828    146.405927  100332.210831
1829    146.486017  100387.067152
1830    146.566108  100441.923473
1831    146.646199  100496.779793
1832    146.726290  100551.636114
1833    146.806381  100606.492435
1834    146.886471  100661.348756
1835    146.966562  100716.205077
1836    147.046653  100771.061398
1837    147.126744  100825.917718
1838    147.206834  100880.774039
1839    147.286925  100935.630360
1840    147.367016  100990.486681
1841    147.447107  101045.343002
1842    147.527197  101100.199323
1843    147.607288  101155.055644
1844    147.687379  101209.911964
1845    147.767470  101264.768285
1846    147.847561  101319.624606
1847    147.927651  101374.480927
1848    148.007742  101429.337248
1849    148.087833  101484.193569
1850    148.167924  101539.049889
1851    148.248014  101593.906210
1852    148.328105  101648.762531
1853    148.408196  101703.618852
1854    148.488287  101758.475173
1855    148.568377  101813.331494
1856    148.648468  101868.187815
1857    148.728559  101923.044135
1858    148.808650  101977.900456
1859    148.888741  102032.756777
1860    148.968831  102087.613098
1861    149.048922  102142.469419
1862    149.129013  102197.325740
1863    149.209104  102252.182060
1864    149.289194  102307.038381
1865    149.369285  102361.894702
1866    149.449376  102416.751023
1867    149.529467  102471.607344
1868    149.609557  102526.463665
1869    149.689648  102581.319986
1870    149.769739  102636.176306
1871    149.849830  102691.032627
1872    149.929921  102745.888948
1873    150.010011  102800.745269
1874    150.090102  102855.601590
1875    150.170193  102910.457911
1876    150.250284  102965.314232
1877    150.330374  103020.170552
1878    150.410465  103075.026873
1879    150.490556  103129.883194
1880    150.570647  103184.739515
1881    150.650738  103239.595836
1882    150.730828  103294.452157
1883    150.810919  103349.308477
1884    150.891010  103404.164798
1885    150.971101  103459.021119
1886    151.051191  103513.877440
1887    151.131282  103568.733761
1888    151.211373  103623.590082
1889    151.291464  103678.446403
1890    151.371554  103733.302723
1891    151.451645  103788.159044
1892    151.531736  103843.015365
1893    151.611827  103897.871686
1894    151.691918  103952.728007
1895    151.772008  104007.584328
1896    151.852099  104062.440648
1897    151.932190  104117.296969
1898    152.012281  104172.153290
1899    152.092371  104227.009611
1900    152.172462  104281.865932
1901    152.252553  104336.722253
1902    152.332644  104391.578574
1903    152.412734  104446.434894
1904    152.492825  104501.291215
1905    152.572916  104556.147536
1906    152.653007  104611.003857
1907    152.733098  104665.860178
1908    152.813188  104720.716499
1909    152.893279  104775.572819
1910    152.973370  104830.429140
1911    153.053461  104885.285461
1912    153.133551  104940.141782
1913    153.213642  104994.998103
1914    153.293733  105049.854424
1915    153.373824  105104.710745
1916    153.453914  105159.567065
1917    153.534005  105214.423386
1918    153.614096  105269.279707
1919    153.694187  105324.136028
1920    153.774278  105378.992349
1921    153.854368  105433.848670
1922    153.934459  105488.704991
1923    154.014550  105543.561311
1924    154.094641  105598.417632
1925    154.174731  105653.273953
1926    154.254822  105708.130274
1927    154.334913  105762.986595
1928    154.415004  105817.842916
1929    154.495094  105872.699236
1930    154.575185  105927.555557
1931    154.655276  105982.411878
1932    154.735367  106037.268199
1933    154.815458  106092.124520
1934    154.895548  106146.980841
1935    154.975639  106201.837162
1936    155.055730  106256.693482
1937    155.135821  106311.549803
1938    155.215911  106366.406124
1939    155.296002  106421.262445
1940    155.376093  106476.118766
1941    155.456184  106530.975087
1942    155.536274  106585.831407
1943    155.616365  106640.687728
1944    155.696456  106695.544049
1945    155.776547  106750.400370
1946    155.856638  106805.256691
1947    155.936728  106860.113012
1948    156.016819  106914.969333
1949    156.096910  106969.825653
1950    156.177001  107024.681974
1951    156.257091  107079.538295
1952    156.337182  107134.394616
1953    156.417273  107189.250937
1954    156.497364  107244.107258
1955    156.577454  107298.963578
1956    156.657545  107353.819899
1957    156.737636  107408.676220
1958    156.817727  107463.532541
1959    156.897818  107518.388862
1960    156.977908  107573.245183
1961    157.057999  107628.101504
1962    157.138090  107682.957824
1963    157.218181  107737.814145
1964    157.298271  107792.670466
1965    157.378362  107847.526787
1966    157.458453  107902.383108
1967    157.538544  107957.239429
1968    157.618634  108012.095750
1969    157.698725  108066.952070
1970    157.778816  108121.808391
1971    157.858907  108176.664712
1972    157.938998  108231.521033
1973    158.019088  108286.377354
1974    158.099179  108341.233675
1975    158.179270  108396.089995
1976    158.259361  108450.946316
1977    158.339451  108505.802637
1978    158.419542  108560.658958
1979    158.499633  108615.515279
1980    158.579724  108670.371600
1981    158.659814  108725.227921
1982    158.739905  108780.084241
1983    158.819996  108834.940562
1984    158.900087  108889.796883
1985    158.980178  108944.653204
1986    159.060268  108999.509525
1987    159.140359  109054.365846
1988    159.220450  109109.222166
1989    159.300541  109164.078487
1990    159.380631  109218.934808
1991    159.460722  109273.791129
1992    159.540813  109328.647450
1993    159.620904  109383.503771
1994    159.700994  109438.360092
1995    159.781085  109493.216412
1996    159.861176  109548.072733
1997    159.941267  109602.929054
1998    160.021358  109657.785375
1999    160.101448  109712.641696
2000    160.181539  109767.498017
2001    160.261630  109822.354337
2002    160.341721  109877.210658
2003    160.421811  109932.066979
2004    160.501902  109986.923300
2005    160.581993  110041.779621
2006    160.662084  110096.635942
2007    160.742174  110151.492263
2008    160.822265  110206.348583
2009    160.902356  110261.204904
2010    160.982447  110316.061225
2011    161.062538  110370.917546
2012    161.142628  110425.773867
2013    161.222719  110480.630188
2014    161.302810  110535.486509
2015    161.382901  110590.342829
2016    161.462991  110645.199150
2017    161.543082  110700.055471
2018    161.623173  110754.911792
2019    161.703264  110809.768113
2020    161.783354  110864.624434
2021    161.863445  110919.480754
2022    161.943536  110974.337075
2023    162.023627  111029.193396
2024    162.103718  111084.049717
2025    162.183808  111138.906038
2026    162.263899  111193.762359
2027    162.343990  111248.618680
2028    162.424081  111303.475000
2029    162.504171  111358.331321
2030    162.584262  111413.187642
2031    162.664353  111468.043963
2032    162.744444  111522.900284
2033    162.824534  111577.756605
2034    162.904625  111632.612925
2035    162.984716  111687.469246
2036    163.064807  111742.325567
2037    163.144898  111797.181888
2038    163.224988  111852.038209
2039    163.305079  111906.894530
2040    163.385170  111961.750851
2041    163.465261  112016.607171
2042    163.545351  112071.463492
2043    163.625442  112126.319813
2044    163.705533  112181.176134
2045    163.785624  112236.032455
2046    163.865714  112290.888776
2047    163.945805  112345.745096
2048    164.025896  112400.601417
2049    164.105987  112455.457738
2050    164.186078  112510.314059
2051    164.266168  112565.170380
2052    164.346259  112620.026701
2053    164.426350  112674.883022
2054    164.506441  112729.739342
2055    164.586531  112784.595663
2056    164.666622  112839.451984
2057    164.746713  112894.308305
2058    164.826804  112949.164626
2059    164.906894  113004.020947
2060    164.986985  113058.877268
2061    165.067076  113113.733588
2062    165.147167  113168.589909
2063    165.227258  113223.446230
2064    165.307348  113278.302551
2065    165.387439  113333.158872
2066    165.467530  113388.015193
2067    165.547621  113442.871513
2068    165.627711  113497.727834
2069    165.707802  113552.584155
2070    165.787893  113607.440476
2071    165.867984  113662.296797
2072    165.948074  113717.153118
2073    166.028165  113772.009439
2074    166.108256  113826.865759
2075    166.188347  113881.722080
2076    166.268438  113936.578401
2077    166.348528  113991.434722
2078    166.428619  114046.291043
2079    166.508710  114101.147364
2080    166.588801  114156.003684
2081    166.668891  114210.860005
2082    166.748982  114265.716326
2083    166.829073  114320.572647
2084    166.909164  114375.428968
2085    166.989254  114430.285289
2086    167.069345  114485.141610
2087    167.149436  114539.997930
2088    167.229527  114594.854251
2089    167.309618  114649.710572
2090    167.389708  114704.566893
2091    167.469799  114759.423214
2092    167.549890  114814.279535
2093    167.629981  114869.135856
2094    167.710071  114923.992176
2095    167.790162  114978.848497
2096    167.870253  115033.704818
2097    167.950344  115088.561139
2098    168.030434  115143.417460
2099    168.110525  115198.273781
2100    168.190616  115253.130101
2101    168.270707  115307.986422
2102    168.350798  115362.842743
2103    168.430888  115417.699064
2104    168.510979  115472.555385
2105    168.591070  115527.411706
2106    168.671161  115582.268027
2107    168.751251  115637.124347
2108    168.831342  115691.980668
2109    168.911433  115746.836989
2110    168.991524  115801.693310
2111    169.071614  115856.549631
2112    169.151705  115911.405952
2113    169.231796  115966.262272
2114    169.311887  116021.118593
2115    169.391978  116075.974914
2116    169.472068  116130.831235
2117    169.552159  116185.687556
2118    169.632250  116240.543877
2119    169.712341  116295.400198
2120    169.792431  116350.256518
2121    169.872522  116405.112839
2122    169.952613  116459.969160
2123    170.032704  116514.825481
2124    170.112795  116569.681802
2125    170.192885  116624.538123
2126    170.272976  116679.394443
2127    170.353067  116734.250764
2128    170.433158  116789.107085
2129    170.513248  116843.963406
2130    170.593339  116898.819727
2131    170.673430  116953.676048
2132    170.753521  117008.532369
2133    170.833611  117063.388689
2134    170.913702  117118.245010
2135    170.993793  117173.101331
2136    171.073884  117227.957652
2137    171.153975  117282.813973
2138    171.234065  117337.670294
2139    171.314156  117392.526615
2140    171.394247  117447.382935
2141    171.474338  117502.239256
2142    171.554428  117557.095577
2143    171.634519  117611.951898
2144    171.714610  117666.808219
2145    171.794701  117721.664540
2146    171.874791  117776.520860
2147    171.954882  117831.377181
2148    172.034973  117886.233502
2149    172.115064  117941.089823
2150    172.195155  117995.946144
2151    172.275245  118050.802465
2152    172.355336  118105.658786
2153    172.435427  118160.515106
2154    172.515518  118215.371427
2155    172.595608  118270.227748
2156    172.675699  118325.084069
2157    172.755790  118379.940390
2158    172.835881  118434.796711
2159    172.915971  118489.653031
2160    172.996062  118544.509352
2161    173.076153  118599.365673
2162    173.156244  118654.221994
2163    173.236335  118709.078315
2164    173.316425  118763.934636
2165    173.396516  118818.790957
2166    173.476607  118873.647277
2167    173.556698  118928.503598
2168    173.636788  118983.359919
2169    173.716879  119038.216240
2170    173.796970  119093.072561
2171    173.877061  119147.928882
2172    173.957151  119202.785202
2173    174.037242  119257.641523
2174    174.117333  119312.497844
2175    174.197424  119367.354165
2176    174.277515  119422.210486
2177    174.357605  119477.066807
2178    174.437696  119531.923128
2179    174.517787  119586.779448
2180    174.597878  119641.635769
2181    174.677968  119696.492090
2182    174.758059  119751.348411
2183    174.838150  119806.204732
2184    174.918241  119861.061053
2185    174.998331  119915.917374
2186    175.078422  119970.773694
2187    175.158513  120025.630015
2188    175.238604  120080.486336
2189    175.318695  120135.342657
2190    175.398785  120190.198978
2191    175.478876  120245.055299
2192    175.558967  120299.911619
2193    175.639058  120354.767940
2194    175.719148  120409.624261
2195    175.799239  120464.480582
2196    175.879330  120519.336903
2197    175.959421  120574.193224
2198    176.039511  120629.049545
2199    176.119602  120683.905865
2200    176.199693  120738.762186
2201    176.279784  120793.618507
2202    176.359875  120848.474828
2203    176.439965  120903.331149
2204    176.520056  120958.187470
2205    176.600147  121013.043790
2206    176.680238  121067.900111
2207    176.760328  121122.756432
2208    176.840419  121177.612753
2209    176.920510  121232.469074
2210    177.000601  121287.325395
2211    177.080691  121342.181716
2212    177.160782  121397.038036
2213    177.240873  121451.894357
2214    177.320964  121506.750678
2215    177.401055  121561.606999
2216    177.481145  121616.463320
2217    177.561236  121671.319641
2218    177.641327  121726.175961
2219    177.721418  121781.032282
2220    177.801508  121835.888603
2221    177.881599  121890.744924
2222    177.961690  121945.601245
2223    178.041781  122000.457566
2224    178.121871  122055.313887
2225    178.201962  122110.170207
2226    178.282053  122165.026528
2227    178.362144  122219.882849
2228    178.442235  122274.739170
2229    178.522325  122329.595491
2230    178.602416  122384.451812
2231    178.682507  122439.308133
2232    178.762598  122494.164453
2233    178.842688  122549.020774
2234    178.922779  122603.877095
2235    179.002870  122658.733416
2236    179.082961  122713.589737
2237    179.163051  122768.446058
2238    179.243142  122823.302378
2239    179.323233  122878.158699
2240    179.403324  122933.015020
2241    179.483415  122987.871341
2242    179.563505  123042.727662
2243    179.643596  123097.583983
2244    179.723687  123152.440304
2245    179.803778  123207.296624
2246    179.883868  123262.152945
2247    179.963959  123317.009266
2248    180.044050  123371.865587
2249    180.124141  123426.721908
2250    180.204231  123481.578229
2251    180.284322  123536.434549
2252    180.364413  123591.290870
2253    180.444504  123646.147191
2254    180.524595  123701.003512
2255    180.604685  123755.859833
2256    180.684776  123810.716154
2257    180.764867  123865.572475
2258    180.844958  123920.428795
2259    180.925048  123975.285116
2260    181.005139  124030.141437
2261    181.085230  124084.997758
2262    181.165321  124139.854079
2263    181.245411  124194.710400
2264    181.325502  124249.566720
2265    181.405593  124304.423041
2266    181.485684  124359.279362
2267    181.565775  124414.135683
2268    181.645865  124468.992004
2269    181.725956  124523.848325
2270    181.806047  124578.704646
2271    181.886138  124633.560966
2272    181.966228  124688.417287
2273    182.046319  124743.273608
2274    182.126410  124798.129929
2275    182.206501  124852.986250
2276    182.286591  124907.842571
2277    182.366682  124962.698892
2278    182.446773  125017.555212
2279    182.526864  125072.411533
2280    182.606955  125127.267854
2281    182.687045  125182.124175
2282    182.767136  125236.980496
2283    182.847227  125291.836817
2284    182.927318  125346.693137
2285    183.007408  125401.549458
2286    183.087499  125456.405779
2287    183.167590  125511.262100
2288    183.247681  125566.118421
2289    183.327771  125620.974742
2290    183.407862  125675.831063
2291    183.487953  125730.687383
2292    183.568044  125785.543704
2293    183.648135  125840.400025
2294    183.728225  125895.256346
2295    183.808316  125950.112667
2296    183.888407  126004.968988
2297    183.968498  126059.825308
2298    184.048588  126114.681629
2299    184.128679  126169.537950
2300    184.208770  126224.394271
2301    184.288861  126279.250592
2302    184.368951  126334.106913
2303    184.449042  126388.963234
2304    184.529133  126443.819554
2305    184.609224  126498.675875
2306    184.689315  126553.532196
2307    184.769405  126608.388517
2308    184.849496  126663.244838
2309    184.929587  126718.101159
2310    185.009678  126772.957479
2311    185.089768  126827.813800
2312    185.169859  126882.670121
2313    185.249950  126937.526442
2314    185.330041  126992.382763
2315    185.410131  127047.239084
2316    185.490222  127102.095405
2317    185.570313  127156.951725
2318    185.650404  127211.808046
2319    185.730495  127266.664367
2320    185.810585  127321.520688
2321    185.890676  127376.377009
2322    185.970767  127431.233330
2323    186.050858  127486.089651
2324    186.130948  127540.945971
2325    186.211039  127595.802292
2326    186.291130  127650.658613
2327    186.371221  127705.514934
2328    186.451311  127760.371255
2329    186.531402  127815.227576
2330    186.611493  127870.083896
2331    186.691584  127924.940217
2332    186.771675  127979.796538
2333    186.851765  128034.652859
2334    186.931856  128089.509180
2335    187.011947  128144.365501
2336    187.092038  128199.221822
2337    187.172128  128254.078142
2338    187.252219  128308.934463
2339    187.332310  128363.790784
2340    187.412401  128418.647105
2341    187.492491  128473.503426
2342    187.572582  128528.359747
2343    187.652673  128583.216067
2344    187.732764  128638.072388
2345    187.812855  128692.928709
2346    187.892945  128747.785030
2347    187.973036  128802.641351
2348    188.053127  128857.497672
2349    188.133218  128912.353993
2350    188.213308  128967.210313
2351    188.293399  129022.066634
2352    188.373490  129076.922955
2353    188.453581  129131.779276
2354    188.533671  129186.635597
2355    188.613762  129241.491918
2356    188.693853  129296.348238
2357    188.773944  129351.204559
2358    188.854035  129406.060880
2359    188.934125  129460.917201
2360    189.014216  129515.773522
2361    189.094307  129570.629843
2362    189.174398  129625.486164
2363    189.254488  129680.342484
2364    189.334579  129735.198805
2365    189.414670  129790.055126
2366    189.494761  129844.911447
2367    189.574851  129899.767768
2368    189.654942  129954.624089
2369    189.735033  130009.480410
2370    189.815124  130064.336730
2371    189.895215  130119.193051
2372    189.975305  130174.049372
2373    190.055396  130228.905693
2374    190.135487  130283.762014
2375    190.215578  130338.618335
2376    190.295668  130393.474655
2377    190.375759  130448.330976
2378    190.455850  130503.187297
2379    190.535941  130558.043618
2380    190.616032  130612.899939
2381    190.696122  130667.756260
2382    190.776213  130722.612581
2383    190.856304  130777.468901
2384    190.936395  130832.325222
2385    191.016485  130887.181543
2386    191.096576  130942.037864
2387    191.176667  130996.894185
2388    191.256758  131051.750506
2389    191.336848  131106.606826
2390    191.416939  131161.463147
2391    191.497030  131216.319468
2392    191.577121  131271.175789
2393    191.657212  131326.032110
2394    191.737302  131380.888431
2395    191.817393  131435.744752
2396    191.897484  131490.601072
2397    191.977575  131545.457393
2398    192.057665  131600.313714
2399    192.137756  131655.170035
2400    192.217847  131710.026356
2401    192.297938  131764.882677
2402    192.378028  131819.738998
2403    192.458119  131874.595318
2404    192.538210  131929.451639
2405    192.618301  131984.307960
2406    192.698392  132039.164281
2407    192.778482  132094.020602
2408    192.858573  132148.876923
2409    192.938664  132203.733243
2410    193.018755  132258.589564
2411    193.098845  132313.445885
2412    193.178936  132368.302206
2413    193.259027  132423.158527
2414    193.339118  132478.014848
2415    193.419208  132532.871169
2416    193.499299  132587.727489
2417    193.579390  132642.583810
2418    193.659481  132697.440131
2419    193.739572  132752.296452
2420    193.819662  132807.152773
2421    193.899753  132862.009094
2422    193.979844  132916.865414
2423    194.059935  132971.721735
2424    194.140025  133026.578056
2425    194.220116  133081.434377
2426    194.300207  133136.290698
2427    194.380298  133191.147019
2428    194.460388  133246.003340
2429    194.540479  133300.859660
2430    194.620570  133355.715981
2431    194.700661  133410.572302
2432    194.780752  133465.428623
2433    194.860842  133520.284944
2434    194.940933  133575.141265
2435    195.021024  133629.997585
2436    195.101115  133684.853906
2437    195.181205  133739.710227
2438    195.261296  133794.566548
2439    195.341387  133849.422869
2440    195.421478  133904.279190
2441    195.501568  133959.135511
2442    195.581659  134013.991831
2443    195.661750  134068.848152
2444    195.741841  134123.704473
2445    195.821932  134178.560794
2446    195.902022  134233.417115
2447    195.982113  134288.273436
2448    196.062204  134343.129757
2449    196.142295  134397.986077
2450    196.222385  134452.842398
2451    196.302476  134507.698719
2452    196.382567  134562.555040
2453    196.462658  134617.411361
2454    196.542748  134672.267682
2455    196.622839  134727.124002
2456    196.702930  134781.980323
2457    196.783021  134836.836644
2458    196.863112  134891.692965
2459    196.943202  134946.549286
2460    197.023293  135001.405607
2461    197.103384  135056.261928
2462    197.183475  135111.118248
2463    197.263565  135165.974569
2464    197.343656  135220.830890
2465    197.423747  135275.687211
2466    197.503838  135330.543532
2467    197.583928  135385.399853
2468    197.664019  135440.256173
2469    197.744110  135495.112494
2470    197.824201  135549.968815
2471    197.904292  135604.825136
2472    197.984382  135659.681457
2473    198.064473  135714.537778
2474    198.144564  135769.394099
2475    198.224655  135824.250419
2476    198.304745  135879.106740
2477    198.384836  135933.963061
2478    198.464927  135988.819382
2479    198.545018  136043.675703
2480    198.625108  136098.532024
2481    198.705199  136153.388344
2482    198.785290  136208.244665
2483    198.865381  136263.100986
2484    198.945472  136317.957307
2485    199.025562  136372.813628
2486    199.105653  136427.669949
2487    199.185744  136482.526270
2488    199.265835  136537.382590
2489    199.345925  136592.238911
2490    199.426016  136647.095232
2491    199.506107  136701.951553
2492    199.586198  136756.807874
2493    199.666288  136811.664195
2494    199.746379  136866.520516
2495    199.826470  136921.376836
2496    199.906561  136976.233157
2497    199.986652  137031.089478
2498    200.066742  137085.945799
2499    200.146833  137140.802120
2500    200.226924  137195.658441
2501    200.307015  137250.514761
2502    200.387105  137305.371082
2503    200.467196  137360.227403
2504    200.547287  137415.083724
2505    200.627378  137469.940045
2506    200.707468  137524.796366
2507    200.787559  137579.652687
2508    200.867650  137634.509007
2509    200.947741  137689.365328
2510    201.027832  137744.221649
2511    201.107922  137799.077970
2512    201.188013  137853.934291
2513    201.268104  137908.790612
2514    201.348195  137963.646932
2515    201.428285  138018.503253
2516    201.508376  138073.359574
2517    201.588467  138128.215895
2518    201.668558  138183.072216
2519    201.748648  138237.928537
2520    201.828739  138292.784858
2521    201.908830  138347.641178
2522    201.988921  138402.497499
2523    202.069012  138457.353820
2524    202.149102  138512.210141
2525    202.229193  138567.066462
2526    202.309284  138621.922783
2527    202.389375  138676.779103
2528    202.469465  138731.635424
2529    202.549556  138786.491745
2530    202.629647  138841.348066
2531    202.709738  138896.204387
2532    202.789828  138951.060708
2533    202.869919  139005.917029
2534    202.950010  139060.773349
2535    203.030101  139115.629670
2536    203.110192  139170.485991
2537    203.190282  139225.342312
2538    203.270373  139280.198633
2539    203.350464  139335.054954
2540    203.430555  139389.911275
2541    203.510645  139444.767595
2542    203.590736  139499.623916
2543    203.670827  139554.480237
2544    203.750918  139609.336558
2545    203.831008  139664.192879
2546    203.911099  139719.049200
2547    203.991190  139773.905520
2548    204.071281  139828.761841
2549    204.151372  139883.618162
2550    204.231462  139938.474483
2551    204.311553  139993.330804
2552    204.391644  140048.187125
2553    204.471735  140103.043446
2554    204.551825  140157.899766
2555    204.631916  140212.756087
2556    204.712007  140267.612408
2557    204.792098  140322.468729
2558    204.872188  140377.325050
2559    204.952279  140432.181371
2560    205.032370  140487.037691
2561    205.112461  140541.894012
2562    205.192552  140596.750333
2563    205.272642  140651.606654
2564    205.352733  140706.462975
2565    205.432824  140761.319296
2566    205.512915  140816.175617
2567    205.593005  140871.031937
2568    205.673096  140925.888258
2569    205.753187  140980.744579
2570    205.833278  141035.600900
2571    205.913368  141090.457221
2572    205.993459  141145.313542
2573    206.073550  141200.169862
2574    206.153641  141255.026183
2575    206.233732  141309.882504
2576    206.313822  141364.738825
2577    206.393913  141419.595146
2578    206.474004  141474.451467
2579    206.554095  141529.307788
2580    206.634185  141584.164108
2581    206.714276  141639.020429
2582    206.794367  141693.876750
2583    206.874458  141748.733071
2584    206.954548  141803.589392
2585    207.034639  141858.445713
2586    207.114730  141913.302034
2587    207.194821  141968.158354
2588    207.274912  142023.014675
2589    207.355002  142077.870996
2590    207.435093  142132.727317
2591    207.515184  142187.583638
2592    207.595275  142242.439959
2593    207.675365  142297.296279
2594    207.755456  142352.152600
2595    207.835547  142407.008921
2596    207.915638  142461.865242
2597    207.995728  142516.721563
2598    208.075819  142571.577884
2599    208.155910  142626.434205
2600    208.236001  142681.290525
2601    208.316092  142736.146846
2602    208.396182  142791.003167
2603    208.476273  142845.859488
2604    208.556364  142900.715809
2605    208.636455  142955.572130
2606    208.716545  143010.428450
2607    208.796636  143065.284771
2608    208.876727  143120.141092
2609    208.956818  143174.997413
2610    209.036908  143229.853734
2611    209.116999  143284.710055
2612    209.197090  143339.566376
2613    209.277181  143394.422696
2614    209.357272  143449.279017
2615    209.437362  143504.135338
2616    209.517453  143558.991659
2617    209.597544  143613.847980
2618    209.677635  143668.704301
2619    209.757725  143723.560621
2620    209.837816  143778.416942
2621    209.917907  143833.273263
2622    209.997998  143888.129584
2623    210.078089  143942.985905
2624    210.158179  143997.842226
2625    210.238270  144052.698547
2626    210.318361  144107.554867
2627    210.398452  144162.411188
2628    210.478542  144217.267509
2629    210.558633  144272.123830
2630    210.638724  144326.980151
2631    210.718815  144381.836472
2632    210.798905  144436.692793
2633    210.878996  144491.549113
2634    210.959087  144546.405434
2635    211.039178  144601.261755
2636    211.119269  144656.118076
2637    211.199359  144710.974397
2638    211.279450  144765.830718
2639    211.359541  144820.687038
2640    211.439632  144875.543359
2641    211.519722  144930.399680
2642    211.599813  144985.256001
2643    211.679904  145040.112322
2644    211.759995  145094.968643
2645    211.840085  145149.824964
2646    211.920176  145204.681284
2647    212.000267  145259.537605
2648    212.080358  145314.393926
2649    212.160449  145369.250247
2650    212.240539  145424.106568
2651    212.320630  145478.962889
2652    212.400721  145533.819209
2653    212.480812  145588.675530
2654    212.560902  145643.531851
2655    212.640993  145698.388172
2656    212.721084  145753.244493
2657    212.801175  145808.100814
2658    212.881265  145862.957135
2659    212.961356  145917.813455
2660    213.041447  145972.669776
2661    213.121538  146027.526097
2662    213.201629  146082.382418
2663    213.281719  146137.238739
2664    213.361810  146192.095060
2665    213.441901  146246.951380
2666    213.521992  146301.807701
2667    213.602082  146356.664022
2668    213.682173  146411.520343
2669    213.762264  146466.376664
2670    213.842355  146521.232985
2671    213.922445  146576.089306
2672    214.002536  146630.945626
2673    214.082627  146685.801947
2674    214.162718  146740.658268
2675    214.242809  146795.514589
2676    214.322899  146850.370910
2677    214.402990  146905.227231
2678    214.483081  146960.083552
2679    214.563172  147014.939872
2680    214.643262  147069.796193
2681    214.723353  147124.652514
2682    214.803444  147179.508835
2683    214.883535  147234.365156
2684    214.963625  147289.221477
2685    215.043716  147344.077797
2686    215.123807  147398.934118
2687    215.203898  147453.790439
2688    215.283989  147508.646760
2689    215.364079  147563.503081
2690    215.444170  147618.359402
2691    215.524261  147673.215723
2692    215.604352  147728.072043
2693    215.684442  147782.928364
2694    215.764533  147837.784685
2695    215.844624  147892.641006
2696    215.924715  147947.497327
2697    216.004805  148002.353648
2698    216.084896  148057.209968
2699    216.164987  148112.066289
2700    216.245078  148166.922610
2701    216.325169  148221.778931
2702    216.405259  148276.635252
2703    216.485350  148331.491573
2704    216.565441  148386.347894
2705    216.645532  148441.204214
2706    216.725622  148496.060535
2707    216.805713  148550.916856
2708    216.885804  148605.773177
2709    216.965895  148660.629498
2710    217.045985  148715.485819
2711    217.126076  148770.342140
2712    217.206167  148825.198460
2713    217.286258  148880.054781
2714    217.366349  148934.911102
2715    217.446439  148989.767423
2716    217.526530  149044.623744
2717    217.606621  149099.480065
2718    217.686712  149154.336385
2719    217.766802  149209.192706
2720    217.846893  149264.049027
2721    217.926984  149318.905348
2722    218.007075  149373.761669
2723    218.087165  149428.617990
2724    218.167256  149483.474311
2725    218.247347  149538.330631
2726    218.327438  149593.186952
2727    218.407529  149648.043273
2728    218.487619  149702.899594
2729    218.567710  149757.755915
2730    218.647801  149812.612236
2731    218.727892  149867.468556
2732    218.807982  149922.324877
2733    218.888073  149977.181198
2734    218.968164  150032.037519
2735    219.048255  150086.893840
2736    219.128345  150141.750161
2737    219.208436  150196.606482
2738    219.288527  150251.462802
2739    219.368618  150306.319123
2740    219.448709  150361.175444
2741    219.528799  150416.031765
2742    219.608890  150470.888086
2743    219.688981  150525.744407
2744    219.769072  150580.600727
2745    219.849162  150635.457048
2746    219.929253  150690.313369
2747    220.009344  150745.169690
2748    220.089435  150800.026011
2749    220.169525  150854.882332
2750    220.249616  150909.738653
2751    220.329707  150964.594973
2752    220.409798  151019.451294
2753    220.489889  151074.307615
2754    220.569979  151129.163936
2755    220.650070  151184.020257
2756    220.730161  151238.876578
2757    220.810252  151293.732899
2758    220.890342  151348.589219
2759    220.970433  151403.445540
2760    221.050524  151458.301861
2761    221.130615  151513.158182
2762    221.210705  151568.014503
2763    221.290796  151622.870824
2764    221.370887  151677.727144
2765    221.450978  151732.583465
2766    221.531069  151787.439786
2767    221.611159  151842.296107
2768    221.691250  151897.152428
2769    221.771341  151952.008749
2770    221.851432  152006.865070
2771    221.931522  152061.721390
2772    222.011613  152116.577711
2773    222.091704  152171.434032
2774    222.171795  152226.290353
2775    222.251885  152281.146674
2776    222.331976  152336.002995
2777    222.412067  152390.859315
2778    222.492158  152445.715636
2779    222.572249  152500.571957
2780    222.652339  152555.428278
2781    222.732430  152610.284599
2782    222.812521  152665.140920
2783    222.892612  152719.997241
2784    222.972702  152774.853561
2785    223.052793  152829.709882
2786    223.132884  152884.566203
2787    223.212975  152939.422524
2788    223.293065  152994.278845
2789    223.373156  153049.135166
2790    223.453247  153103.991486
2791    223.533338  153158.847807
2792    223.613429  153213.704128
2793    223.693519  153268.560449
2794    223.773610  153323.416770
2795    223.853701  153378.273091
2796    223.933792  153433.129412
2797    224.013882  153487.985732
2798    224.093973  153542.842053
2799    224.174064  153597.698374
2800    224.254155  153652.554695
2801    224.334245  153707.411016
2802    224.414336  153762.267337
2803    224.494427  153817.123658
2804    224.574518  153871.979978
2805    224.654609  153926.836299
2806    224.734699  153981.692620
2807    224.814790  154036.548941
2808    224.894881  154091.405262
2809    224.974972  154146.261583
2810    225.055062  154201.117903
2811    225.135153  154255.974224
2812    225.215244  154310.830545
2813    225.295335  154365.686866
2814    225.375425  154420.543187
2815    225.455516  154475.399508
2816    225.535607  154530.255829
2817    225.615698  154585.112149
2818    225.695789  154639.968470
2819    225.775879  154694.824791
2820    225.855970  154749.681112
2821    225.936061  154804.537433
2822    226.016152  154859.393754
2823    226.096242  154914.250074
2824    226.176333  154969.106395
2825    226.256424  155023.962716
2826    226.336515  155078.819037
2827    226.416605  155133.675358
2828    226.496696  155188.531679
2829    226.576787  155243.388000
2830    226.656878  155298.244320
2831    226.736969  155353.100641
2832    226.817059  155407.956962
2833    226.897150  155462.813283
2834    226.977241  155517.669604
2835    227.057332  155572.525925
2836    227.137422  155627.382245
2837    227.217513  155682.238566
2838    227.297604  155737.094887
2839    227.377695  155791.951208
2840    227.457785  155846.807529
2841    227.537876  155901.663850
2842    227.617967  155956.520171
2843    227.698058  156011.376491
2844    227.778149  156066.232812
2845    227.858239  156121.089133
2846    227.938330  156175.945454
2847    228.018421  156230.801775
2848    228.098512  156285.658096
2849    228.178602  156340.514417
2850    228.258693  156395.370737
2851    228.338784  156450.227058
2852    228.418875  156505.083379
2853    228.498965  156559.939700
2854    228.579056  156614.796021
2855    228.659147  156669.652342
2856    228.739238  156724.508662
2857    228.819329  156779.364983
2858    228.899419  156834.221304
2859    228.979510  156889.077625
2860    229.059601  156943.933946
2861    229.139692  156998.790267
2862    229.219782  157053.646588
2863    229.299873  157108.502908
2864    229.379964  157163.359229
2865    229.460055  157218.215550
2866    229.540145  157273.071871
2867    229.620236  157327.928192
2868    229.700327  157382.784513
2869    229.780418  157437.640833
2870    229.860509  157492.497154
2871    229.940599  157547.353475
2872    230.020690  157602.209796
2873    230.100781  157657.066117
2874    230.180872  157711.922438
2875    230.260962  157766.778759
2876    230.341053  157821.635079
2877    230.421144  157876.491400
2878    230.501235  157931.347721
2879    230.581326  157986.204042
2880    230.661416  158041.060363
2881    230.741507  158095.916684
2882    230.821598  158150.773004
2883    230.901689  158205.629325
2884    230.981779  158260.485646
2885    231.061870  158315.341967
2886    231.141961  158370.198288
2887    231.222052  158425.054609
2888    231.302142  158479.910930
2889    231.382233  158534.767250
2890    231.462324  158589.623571
2891    231.542415  158644.479892
2892    231.622506  158699.336213
2893    231.702596  158754.192534
2894    231.782687  158809.048855
2895    231.862778  158863.905176
2896    231.942869  158918.761496
2897    232.022959  158973.617817
2898    232.103050  159028.474138
2899    232.183141  159083.330459
2900    232.263232  159138.186780
2901    232.343322  159193.043101
2902    232.423413  159247.899421
2903    232.503504  159302.755742
2904    232.583595  159357.612063
2905    232.663686  159412.468384
2906    232.743776  159467.324705
2907    232.823867  159522.181026
2908    232.903958  159577.037347
2909    232.984049  159631.893667
2910    233.064139  159686.749988
2911    233.144230  159741.606309
2912    233.224321  159796.462630
2913    233.304412  159851.318951
2914    233.384502  159906.175272
2915    233.464593  159961.031592
2916    233.544684  160015.887913
2917    233.624775  160070.744234
2918    233.704866  160125.600555
2919    233.784956  160180.456876
2920    233.865047  160235.313197
2921    233.945138  160290.169518
2922    234.025229  160345.025838
2923    234.105319  160399.882159
2924    234.185410  160454.738480
2925    234.265501  160509.594801
2926    234.345592  160564.451122
2927    234.425682  160619.307443
2928    234.505773  160674.163763
2929    234.585864  160729.020084
2930    234.665955  160783.876405
2931    234.746046  160838.732726
2932    234.826136  160893.589047
2933    234.906227  160948.445368
2934    234.986318  161003.301689
2935    235.066409  161058.158009
2936    235.146499  161113.014330
2937    235.226590  161167.870651
2938    235.306681  161222.726972
2939    235.386772  161277.583293
2940    235.466862  161332.439614
2941    235.546953  161387.295935
2942    235.627044  161442.152255
2943    235.707135  161497.008576
2944    235.787226  161551.864897
2945    235.867316  161606.721218
2946    235.947407  161661.577539
2947    236.027498  161716.433860
2948    236.107589  161771.290180
2949    236.187679  161826.146501
2950    236.267770  161881.002822
2951    236.347861  161935.859143
2952    236.427952  161990.715464
2953    236.508042  162045.571785
2954    236.588133  162100.428106
2955    236.668224  162155.284426
2956    236.748315  162210.140747
2957    236.828406  162264.997068
2958    236.908496  162319.853389
2959    236.988587  162374.709710
2960    237.068678  162429.566031
2961    237.148769  162484.422351
2962    237.228859  162539.278672
2963    237.308950  162594.134993
2964    237.389041  162648.991314
2965    237.469132  162703.847635
2966    237.549222  162758.703956
2967    237.629313  162813.560277
2968    237.709404  162868.416597
2969    237.789495  162923.272918
2970    237.869586  162978.129239
2971    237.949676  163032.985560
2972    238.029767  163087.841881
2973    238.109858  163142.698202
2974    238.189949  163197.554522
2975    238.270039  163252.410843
2976    238.350130  163307.267164
2977    238.430221  163362.123485
2978    238.510312  163416.979806
2979    238.590402  163471.836127
2980    238.670493  163526.692448
2981    238.750584  163581.548768
2982    238.830675  163636.405089
2983    238.910766  163691.261410
2984    238.990856  163746.117731
2985    239.070947  163800.974052
2986    239.151038  163855.830373
2987    239.231129  163910.686694
2988    239.311219  163965.543014
2989    239.391310  164020.399335
2990    239.471401  164075.255656
2991    239.551492  164130.111977
2992    239.631582  164184.968298
2993    239.711673  164239.824619
2994    239.791764  164294.680939
2995    239.871855  164349.537260
2996    239.951946  164404.393581
2997    240.032036  164459.249902
2998    240.112127  164514.106223
2999    240.192218  164568.962544
3000    240.272309  164623.818865
3001    240.352399  164678.675185
3002    240.432490  164733.531506
3003    240.512581  164788.387827
3004    240.592672  164843.244148
3005    240.672762  164898.100469
3006    240.752853  164952.956790
3007    240.832944  165007.813110
3008    240.913035  165062.669431
3009    240.993126  165117.525752
3010    241.073216  165172.382073
3011    241.153307  165227.238394
3012    241.233398  165282.094715
3013    241.313489  165336.951036
3014    241.393579  165391.807356
3015    241.473670  165446.663677
3016    241.553761  165501.519998
3017    241.633852  165556.376319
3018    241.713942  165611.232640
3019    241.794033  165666.088961
3020    241.874124  165720.945281
3021    241.954215  165775.801602
3022    242.034306  165830.657923
3023    242.114396  165885.514244
3024    242.194487  165940.370565
3025    242.274578  165995.226886
3026    242.354669  166050.083207
3027    242.434759  166104.939527
3028    242.514850  166159.795848
3029    242.594941  166214.652169
3030    242.675032  166269.508490
3031    242.755122  166324.364811
3032    242.835213  166379.221132
3033    242.915304  166434.077453
3034    242.995395  166488.933773
3035    243.075486  166543.790094
3036    243.155576  166598.646415
3037    243.235667  166653.502736
3038    243.315758  166708.359057
3039    243.395849  166763.215378
3040    243.475939  166818.071698
3041    243.556030  166872.928019
3042    243.636121  166927.784340
3043    243.716212  166982.640661
3044    243.796302  167037.496982
3045    243.876393  167092.353303
3046    243.956484  167147.209624
3047    244.036575  167202.065944
3048    244.116666  167256.922265
3049    244.196756  167311.778586
3050    244.276847  167366.634907
3051    244.356938  167421.491228
3052    244.437029  167476.347549
3053    244.517119  167531.203869
3054    244.597210  167586.060190
3055    244.677301  167640.916511
3056    244.757392  167695.772832
3057    244.837482  167750.629153
3058    244.917573  167805.485474
3059    244.997664  167860.341795
3060    245.077755  167915.198115
3061    245.157846  167970.054436
3062    245.237936  168024.910757
3063    245.318027  168079.767078
3064    245.398118  168134.623399
3065    245.478209  168189.479720
3066    245.558299  168244.336041
3067    245.638390  168299.192361
3068    245.718481  168354.048682
3069    245.798572  168408.905003
3070    245.878662  168463.761324
3071    245.958753  168518.617645
3072    246.038844  168573.473966
3073    246.118935  168628.330286
3074    246.199026  168683.186607
3075    246.279116  168738.042928
3076    246.359207  168792.899249
3077    246.439298  168847.755570
3078    246.519389  168902.611891
3079    246.599479  168957.468212
3080    246.679570  169012.324532
3081    246.759661  169067.180853
3082    246.839752  169122.037174
3083    246.919842  169176.893495
3084    246.999933  169231.749816
3085    247.080024  169286.606137
3086    247.160115  169341.462457
3087    247.240206  169396.318778
3088    247.320296  169451.175099
3089    247.400387  169506.031420
3090    247.480478  169560.887741
3091    247.560569  169615.744062
3092    247.640659  169670.600383
3093    247.720750  169725.456703
3094    247.800841  169780.313024
3095    247.880932  169835.169345
3096    247.961022  169890.025666
3097    248.041113  169944.881987
3098    248.121204  169999.738308
3099    248.201295  170054.594628
3100    248.281386  170109.450949
3101    248.361476  170164.307270
3102    248.441567  170219.163591
3103    248.521658  170274.019912
3104    248.601749  170328.876233
3105    248.681839  170383.732554
3106    248.761930  170438.588874
3107    248.842021  170493.445195
3108    248.922112  170548.301516
3109    249.002202  170603.157837
3110    249.082293  170658.014158
3111    249.162384  170712.870479
3112    249.242475  170767.726800
3113    249.322566  170822.583120
3114    249.402656  170877.439441
3115    249.482747  170932.295762
3116    249.562838  170987.152083
3117    249.642929  171042.008404
3118    249.723019  171096.864725
3119    249.803110  171151.721045
3120    249.883201  171206.577366
3121    249.963292  171261.433687
3122    250.043383  171316.290008
3123    250.123473  171371.146329
3124    250.203564  171426.002650
3125    250.283655  171480.858971
3126    250.363746  171535.715291
3127    250.443836  171590.571612
3128    250.523927  171645.427933
3129    250.604018  171700.284254
3130    250.684109  171755.140575
3131    250.764199  171809.996896
3132    250.844290  171864.853216
3133    250.924381  171919.709537
3134    251.004472  171974.565858
3135    251.084563  172029.422179
3136    251.164653  172084.278500
3137    251.244744  172139.134821
3138    251.324835  172193.991142
3139    251.404926  172248.847462
3140    251.485016  172303.703783
3141    251.565107  172358.560104
3142    251.645198  172413.416425
3143    251.725289  172468.272746
3144    251.805379  172523.129067
3145    251.885470  172577.985387
3146    251.965561  172632.841708
3147    252.045652  172687.698029
3148    252.125743  172742.554350
3149    252.205833  172797.410671
3150    252.285924  172852.266992
3151    252.366015  172907.123313
3152    252.446106  172961.979633
3153    252.526196  173016.835954
3154    252.606287  173071.692275
3155    252.686378  173126.548596
3156    252.766469  173181.404917
3157    252.846559  173236.261238
3158    252.926650  173291.117559
3159    253.006741  173345.973879
3160    253.086832  173400.830200
3161    253.166923  173455.686521
3162    253.247013  173510.542842
3163    253.327104  173565.399163
3164    253.407195  173620.255484
3165    253.487286  173675.111804
3166    253.567376  173729.968125
3167    253.647467  173784.824446
3168    253.727558  173839.680767
3169    253.807649  173894.537088
3170    253.887739  173949.393409
3171    253.967830  174004.249730
3172    254.047921  174059.106050
3173    254.128012  174113.962371
3174    254.208103  174168.818692
3175    254.288193  174223.675013
3176    254.368284  174278.531334
3177    254.448375  174333.387655
3178    254.528466  174388.243975
3179    254.608556  174443.100296
3180    254.688647  174497.956617
3181    254.768738  174552.812938
3182    254.848829  174607.669259
3183    254.928919  174662.525580
3184    255.009010  174717.381901
3185    255.089101  174772.238221
3186    255.169192  174827.094542
3187    255.249283  174881.950863
3188    255.329373  174936.807184
3189    255.409464  174991.663505
3190    255.489555  175046.519826
3191    255.569646  175101.376146
3192    255.649736  175156.232467
3193    255.729827  175211.088788
3194    255.809918  175265.945109
3195    255.890009  175320.801430
3196    255.970099  175375.657751
3197    256.050190  175430.514072
3198    256.130281  175485.370392
3199    256.210372  175540.226713
3200    256.290463  175595.083034
3201    256.370553  175649.939355
3202    256.450644  175704.795676
3203    256.530735  175759.651997
3204    256.610826  175814.508318
3205    256.690916  175869.364638
3206    256.771007  175924.220959
3207    256.851098  175979.077280
3208    256.931189  176033.933601
3209    257.011279  176088.789922
3210    257.091370  176143.646243
3211    257.171461  176198.502563
3212    257.251552  176253.358884
3213    257.331643  176308.215205
3214    257.411733  176363.071526
3215    257.491824  176417.927847
3216    257.571915  176472.784168
3217    257.652006  176527.640489
3218    257.732096  176582.496809
3219    257.812187  176637.353130
3220    257.892278  176692.209451
3221    257.972369  176747.065772
3222    258.052459  176801.922093
3223    258.132550  176856.778414
3224    258.212641  176911.634734
3225    258.292732  176966.491055
3226    258.372823  177021.347376
3227    258.452913  177076.203697
3228    258.533004  177131.060018
3229    258.613095  177185.916339
3230    258.693186  177240.772660
3231    258.773276  177295.628980
3232    258.853367  177350.485301
3233    258.933458  177405.341622
3234    259.013549  177460.197943
3235    259.093639  177515.054264
3236    259.173730  177569.910585
3237    259.253821  177624.766905
3238    259.333912  177679.623226
3239    259.414003  177734.479547
3240    259.494093  177789.335868
3241    259.574184  177844.192189
3242    259.654275  177899.048510
3243    259.734366  177953.904831
3244    259.814456  178008.761151
3245    259.894547  178063.617472
3246    259.974638  178118.473793
3247    260.054729  178173.330114
3248    260.134819  178228.186435
3249    260.214910  178283.042756
3250    260.295001  178337.899077
3251    260.375092  178392.755397
3252    260.455183  178447.611718
3253    260.535273  178502.468039
3254    260.615364  178557.324360
3255    260.695455  178612.180681
3256    260.775546  178667.037002
3257    260.855636  178721.893322
3258    260.935727  178776.749643
3259    261.015818  178831.605964
3260    261.095909  178886.462285
3261    261.175999  178941.318606
3262    261.256090  178996.174927
3263    261.336181  179051.031248
3264    261.416272  179105.887568
3265    261.496363  179160.743889
3266    261.576453  179215.600210
3267    261.656544  179270.456531
3268    261.736635  179325.312852
3269    261.816726  179380.169173
3270    261.896816  179435.025493
3271    261.976907  179489.881814
3272    262.056998  179544.738135
3273    262.137089  179599.594456
3274    262.217179  179654.450777
3275    262.297270  179709.307098
3276    262.377361  179764.163419
3277    262.457452  179819.019739
3278    262.537543  179873.876060
3279    262.617633  179928.732381
3280    262.697724  179983.588702
3281    262.777815  180038.445023
3282    262.857906  180093.301344
3283    262.937996  180148.157664
3284    263.018087  180203.013985
3285    263.098178  180257.870306
3286    263.178269  180312.726627
3287    263.258359  180367.582948
3288    263.338450  180422.439269
3289    263.418541  180477.295590
3290    263.498632  180532.151910
3291    263.578723  180587.008231
3292    263.658813  180641.864552
3293    263.738904  180696.720873
3294    263.818995  180751.577194
3295    263.899086  180806.433515
3296    263.979176  180861.289836
3297    264.059267  180916.146156
3298    264.139358  180971.002477
3299    264.219449  181025.858798
3300    264.299539  181080.715119
3301    264.379630  181135.571440
3302    264.459721  181190.427761
3303    264.539812  181245.284081
3304    264.619903  181300.140402
3305    264.699993  181354.996723
3306    264.780084  181409.853044
3307    264.860175  181464.709365
3308    264.940266  181519.565686
3309    265.020356  181574.422007
3310    265.100447  181629.278327
3311    265.180538  181684.134648
3312    265.260629  181738.990969
3313    265.340719  181793.847290
3314    265.420810  181848.703611
3315    265.500901  181903.559932
3316    265.580992  181958.416252
3317    265.661083  182013.272573
3318    265.741173  182068.128894
3319    265.821264  182122.985215
3320    265.901355  182177.841536
3321    265.981446  182232.697857
3322    266.061536  182287.554178
3323    266.141627  182342.410498
3324    266.221718  182397.266819
3325    266.301809  182452.123140
3326    266.381899  182506.979461
3327    266.461990  182561.835782
3328    266.542081  182616.692103
3329    266.622172  182671.548423
3330    266.702263  182726.404744
3331    266.782353  182781.261065
3332    266.862444  182836.117386
3333    266.942535  182890.973707
3334    267.022626  182945.830028
3335    267.102716  183000.686349
3336    267.182807  183055.542669
3337    267.262898  183110.398990
3338    267.342989  183165.255311
3339    267.423079  183220.111632
3340    267.503170  183274.967953
3341    267.583261  183329.824274
3342    267.663352  183384.680595
3343    267.743443  183439.536915
3344    267.823533  183494.393236
3345    267.903624  183549.249557
3346    267.983715  183604.105878
3347    268.063806  183658.962199
3348    268.143896  183713.818520
3349    268.223987  183768.674840
3350    268.304078  183823.531161
3351    268.384169  183878.387482
3352    268.464259  183933.243803
3353    268.544350  183988.100124
3354    268.624441  184042.956445
3355    268.704532  184097.812766
3356    268.784623  184152.669086
3357    268.864713  184207.525407
3358    268.944804  184262.381728
3359    269.024895  184317.238049
3360    269.104986  184372.094370
3361    269.185076  184426.950691
3362    269.265167  184481.807011
3363    269.345258  184536.663332
3364    269.425349  184591.519653
3365    269.505439  184646.375974
3366    269.585530  184701.232295
3367    269.665621  184756.088616
3368    269.745712  184810.944937
3369    269.825803  184865.801257
3370    269.905893  184920.657578
3371    269.985984  184975.513899
3372    270.066075  185030.370220
3373    270.146166  185085.226541
3374    270.226256  185140.082862
3375    270.306347  185194.939183
3376    270.386438  185249.795503
3377    270.466529  185304.651824
3378    270.546620  185359.508145
3379    270.626710  185414.364466
3380    270.706801  185469.220787
3381    270.786892  185524.077108
3382    270.866983  185578.933428
3383    270.947073  185633.789749
3384    271.027164  185688.646070
3385    271.107255  185743.502391
3386    271.187346  185798.358712
3387    271.267436  185853.215033
3388    271.347527  185908.071354
3389    271.427618  185962.927674
3390    271.507709  186017.783995
3391    271.587800  186072.640316
3392    271.667890  186127.496637
3393    271.747981  186182.352958
3394    271.828072  186237.209279
3395    271.908163  186292.065599
3396    271.988253  186346.921920
3397    272.068344  186401.778241
3398    272.148435  186456.634562
3399    272.228526  186511.490883
3400    272.308616  186566.347204
3401    272.388707  186621.203525
3402    272.468798  186676.059845
3403    272.548889  186730.916166
3404    272.628980  186785.772487
3405    272.709070  186840.628808
3406    272.789161  186895.485129
3407    272.869252  186950.341450
3408    272.949343  187005.197770
3409    273.029433  187060.054091
3410    273.109524  187114.910412
3411    273.189615  187169.766733
3412    273.269706  187224.623054
3413    273.349796  187279.479375
3414    273.429887  187334.335696
3415    273.509978  187389.192016
3416    273.590069  187444.048337
3417    273.670160  187498.904658
3418    273.750250  187553.760979
3419    273.830341  187608.617300
3420    273.910432  187663.473621
3421    273.990523  187718.329942
3422    274.070613  187773.186262
3423    274.150704  187828.042583
3424    274.230795  187882.898904
3425    274.310886  187937.755225
3426    274.390976  187992.611546
3427    274.471067  188047.467867
3428    274.551158  188102.324187
3429    274.631249  188157.180508
3430    274.711340  188212.036829
3431    274.791430  188266.893150
3432    274.871521  188321.749471
3433    274.951612  188376.605792
3434    275.031703  188431.462113
3435    275.111793  188486.318433
3436    275.191884  188541.174754
3437    275.271975  188596.031075
3438    275.352066  188650.887396
3439    275.432156  188705.743717
3440    275.512247  188760.600038
3441    275.592338  188815.456358
3442    275.672429  188870.312679
3443    275.752520  188925.169000
3444    275.832610  188980.025321
3445    275.912701  189034.881642
3446    275.992792  189089.737963
3447    276.072883  189144.594284
3448    276.152973  189199.450604
3449    276.233064  189254.306925
3450    276.313155  189309.163246
3451    276.393246  189364.019567
3452    276.473336  189418.875888
3453    276.553427  189473.732209
3454    276.633518  189528.588529
3455    276.713609  189583.444850
3456    276.793700  189638.301171
3457    276.873790  189693.157492
3458    276.953881  189748.013813
3459    277.033972  189802.870134
3460    277.114063  189857.726455
3461    277.194153  189912.582775
3462    277.274244  189967.439096
3463    277.354335  190022.295417
3464    277.434426  190077.151738
3465    277.514516  190132.008059
3466    277.594607  190186.864380
3467    277.674698  190241.720701
3468    277.754789  190296.577021
3469    277.834880  190351.433342
3470    277.914970  190406.289663
3471    277.995061  190461.145984
3472    278.075152  190516.002305
3473    278.155243  190570.858626
3474    278.235333  190625.714946
3475    278.315424  190680.571267
3476    278.395515  190735.427588
3477    278.475606  190790.283909
3478    278.555696  190845.140230
3479    278.635787  190899.996551
3480    278.715878  190954.852872
3481    278.795969  191009.709192
3482    278.876060  191064.565513
3483    278.956150  191119.421834
3484    279.036241  191174.278155
3485    279.116332  191229.134476
3486    279.196423  191283.990797
3487    279.276513  191338.847117
3488    279.356604  191393.703438
3489    279.436695  191448.559759
3490    279.516786  191503.416080
3491    279.596876  191558.272401
3492    279.676967  191613.128722
3493    279.757058  191667.985043
3494    279.837149  191722.841363
3495    279.917240  191777.697684
3496    279.997330  191832.554005
3497    280.077421  191887.410326
3498    280.157512  191942.266647
3499    280.237603  191997.122968
3500    280.317693  192051.979288
3501    280.397784  192106.835609
3502    280.477875  192161.691930
3503    280.557966  192216.548251
3504    280.638056  192271.404572
3505    280.718147  192326.260893
3506    280.798238  192381.117214
3507    280.878329  192435.973534
3508    280.958420  192490.829855
3509    281.038510  192545.686176
3510    281.118601  192600.542497
3511    281.198692  192655.398818
3512    281.278783  192710.255139
3513    281.358873  192765.111460
3514    281.438964  192819.967780
3515    281.519055  192874.824101
3516    281.599146  192929.680422
3517    281.679236  192984.536743
3518    281.759327  193039.393064
3519    281.839418  193094.249385
3520    281.919509  193149.105705
3521    281.999600  193203.962026
3522    282.079690  193258.818347
3523    282.159781  193313.674668
3524    282.239872  193368.530989
3525    282.319963  193423.387310
3526    282.400053  193478.243631
3527    282.480144  193533.099951
3528    282.560235  193587.956272
3529    282.640326  193642.812593
3530    282.720416  193697.668914
3531    282.800507  193752.525235
3532    282.880598  193807.381556
3533    282.960689  193862.237876
3534    283.040780  193917.094197
3535    283.120870  193971.950518
3536    283.200961  194026.806839
3537    283.281052  194081.663160
3538    283.361143  194136.519481
3539    283.441233  194191.375802
3540    283.521324  194246.232122
3541    283.601415  194301.088443
3542    283.681506  194355.944764
3543    283.761596  194410.801085
3544    283.841687  194465.657406
3545    283.921778  194520.513727
3546    284.001869  194575.370047
3547    284.081960  194630.226368
3548    284.162050  194685.082689
3549    284.242141  194739.939010
3550    284.322232  194794.795331
3551    284.402323  194849.651652
3552    284.482413  194904.507973
3553    284.562504  194959.364293
3554    284.642595  195014.220614
3555    284.722686  195069.076935
3556    284.802776  195123.933256
3557    284.882867  195178.789577
3558    284.962958  195233.645898
3559    285.043049  195288.502219
3560    285.123140  195343.358539
3561    285.203230  195398.214860
3562    285.283321  195453.071181
3563    285.363412  195507.927502
3564    285.443503  195562.783823
3565    285.523593  195617.640144
3566    285.603684  195672.496464
3567    285.683775  195727.352785
3568    285.763866  195782.209106
3569    285.843956  195837.065427
3570    285.924047  195891.921748
3571    286.004138  195946.778069
3572    286.084229  196001.634390
3573    286.164320  196056.490710
3574    286.244410  196111.347031
3575    286.324501  196166.203352
3576    286.404592  196221.059673
3577    286.484683  196275.915994
3578    286.564773  196330.772315
3579    286.644864  196385.628635
3580    286.724955  196440.484956
3581    286.805046  196495.341277
3582    286.885136  196550.197598
3583    286.965227  196605.053919
3584    287.045318  196659.910240
3585    287.125409  196714.766561
3586    287.205500  196769.622881
3587    287.285590  196824.479202
3588    287.365681  196879.335523
3589    287.445772  196934.191844
3590    287.525863  196989.048165
3591    287.605953  197043.904486
3592    287.686044  197098.760806
3593    287.766135  197153.617127
3594    287.846226  197208.473448
3595    287.926316  197263.329769
3596    288.006407  197318.186090
3597    288.086498  197373.042411
3598    288.166589  197427.898732
3599    288.246680  197482.755052
3600    288.326770  197537.611373
3601    288.406861  197592.467694
3602    288.486952  197647.324015
3603    288.567043  197702.180336
3604    288.647133  197757.036657
3605    288.727224  197811.892978
3606    288.807315  197866.749298
3607    288.887406  197921.605619
3608    288.967496  197976.461940
3609    289.047587  198031.318261
3610    289.127678  198086.174582
3611    289.207769  198141.030903
3612    289.287860  198195.887223
3613    289.367950  198250.743544
3614    289.448041  198305.599865
3615    289.528132  198360.456186
3616    289.608223  198415.312507
3617    289.688313  198470.168828
3618    289.768404  198525.025149
3619    289.848495  198579.881469
3620    289.928586  198634.737790
3621    290.008677  198689.594111
3622    290.088767  198744.450432
3623    290.168858  198799.306753
3624    290.248949  198854.163074
3625    290.329040  198909.019394
3626    290.409130  198963.875715
3627    290.489221  199018.732036
3628    290.569312  199073.588357
3629    290.649403  199128.444678
3630    290.729493  199183.300999
3631    290.809584  199238.157320
3632    290.889675  199293.013640
3633    290.969766  199347.869961
3634    291.049857  199402.726282
3635    291.129947  199457.582603
3636    291.210038  199512.438924
3637    291.290129  199567.295245
3638    291.370220  199622.151565
3639    291.450310  199677.007886
3640    291.530401  199731.864207
3641    291.610492  199786.720528
3642    291.690583  199841.576849
3643    291.770673  199896.433170
3644    291.850764  199951.289491
3645    291.930855  200006.145811
3646    292.010946  200061.002132
3647    292.091037  200115.858453
3648    292.171127  200170.714774
3649    292.251218  200225.571095
3650    292.331309  200280.427416
3651    292.411400  200335.283737
3652    292.491490  200390.140057
3653    292.571581  200444.996378
3654    292.651672  200499.852699
3655    292.731763  200554.709020
3656    292.811853  200609.565341
3657    292.891944  200664.421662
3658    292.972035  200719.277982
3659    293.052126  200774.134303
3660    293.132217  200828.990624
3661    293.212307  200883.846945
3662    293.292398  200938.703266
3663    293.372489  200993.559587
3664    293.452580  201048.415908
3665    293.532670  201103.272228
3666    293.612761  201158.128549
3667    293.692852  201212.984870
3668    293.772943  201267.841191
3669    293.853033  201322.697512
3670    293.933124  201377.553833
3671    294.013215  201432.410153
3672    294.093306  201487.266474
3673    294.173397  201542.122795
3674    294.253487  201596.979116
3675    294.333578  201651.835437
3676    294.413669  201706.691758
3677    294.493760  201761.548079
3678    294.573850  201816.404399
3679    294.653941  201871.260720
3680    294.734032  201926.117041
3681    294.814123  201980.973362
3682    294.894213  202035.829683
3683    294.974304  202090.686004
3684    295.054395  202145.542324
3685    295.134486  202200.398645
3686    295.214577  202255.254966
3687    295.294667  202310.111287
3688    295.374758  202364.967608
3689    295.454849  202419.823929
3690    295.534940  202474.680250
3691    295.615030  202529.536570
3692    295.695121  202584.392891
3693    295.775212  202639.249212
3694    295.855303  202694.105533
3695    295.935393  202748.961854
3696    296.015484  202803.818175
3697    296.095575  202858.674496
3698    296.175666  202913.530816
3699    296.255757  202968.387137
3700    296.335847  203023.243458
3701    296.415938  203078.099779
3702    296.496029  203132.956100
3703    296.576120  203187.812421
3704    296.656210  203242.668741
3705    296.736301  203297.525062
3706    296.816392  203352.381383
3707    296.896483  203407.237704
3708    296.976573  203462.094025
3709    297.056664  203516.950346
3710    297.136755  203571.806667
3711    297.216846  203626.662987
3712    297.296937  203681.519308
3713    297.377027  203736.375629
3714    297.457118  203791.231950
3715    297.537209  203846.088271
3716    297.617300  203900.944592
3717    297.697390  203955.800912
3718    297.777481  204010.657233
3719    297.857572  204065.513554
3720    297.937663  204120.369875
3721    298.017753  204175.226196
3722    298.097844  204230.082517
3723    298.177935  204284.938838
3724    298.258026  204339.795158
3725    298.338117  204394.651479
3726    298.418207  204449.507800
3727    298.498298  204504.364121
3728    298.578389  204559.220442
3729    298.658480  204614.076763
3730    298.738570  204668.933084
3731    298.818661  204723.789404
3732    298.898752  204778.645725
3733    298.978843  204833.502046
3734    299.058933  204888.358367
3735    299.139024  204943.214688
3736    299.219115  204998.071009
3737    299.299206  205052.927329
3738    299.379297  205107.783650
3739    299.459387  205162.639971
3740    299.539478  205217.496292
3741    299.619569  205272.352613
3742    299.699660  205327.208934
3743    299.779750  205382.065255
3744    299.859841  205436.921575
3745    299.939932  205491.777896
3746    300.020023  205546.634217
3747    300.100113  205601.490538
3748    300.180204  205656.346859
3749    300.260295  205711.203180
3750    300.340386  205766.059500
3751    300.420477  205820.915821
3752    300.500567  205875.772142
3753    300.580658  205930.628463
3754    300.660749  205985.484784
3755    300.740840  206040.341105
3756    300.820930  206095.197426
3757    300.901021  206150.053746
3758    300.981112  206204.910067
3759    301.061203  206259.766388
3760    301.141293  206314.622709
3761    301.221384  206369.479030
3762    301.301475  206424.335351
3763    301.381566  206479.191671
3764    301.461657  206534.047992
3765    301.541747  206588.904313
3766    301.621838  206643.760634
3767    301.701929  206698.616955
3768    301.782020  206753.473276
3769    301.862110  206808.329597
3770    301.942201  206863.185917
3771    302.022292  206918.042238
3772    302.102383  206972.898559
3773    302.182473  207027.754880
3774    302.262564  207082.611201
3775    302.342655  207137.467522
3776    302.422746  207192.323843
3777    302.502837  207247.180163
3778    302.582927  207302.036484
3779    302.663018  207356.892805
3780    302.743109  207411.749126
3781    302.823200  207466.605447
3782    302.903290  207521.461768
3783    302.983381  207576.318088
3784    303.063472  207631.174409
3785    303.143563  207686.030730
3786    303.223653  207740.887051
3787    303.303744  207795.743372
3788    303.383835  207850.599693
3789    303.463926  207905.456014
3790    303.544017  207960.312334
3791    303.624107  208015.168655
3792    303.704198  208070.024976
3793    303.784289  208124.881297
3794    303.864380  208179.737618
3795    303.944470  208234.593939
3796    304.024561  208289.450259
3797    304.104652  208344.306580
3798    304.184743  208399.162901
3799    304.264833  208454.019222
3800    304.344924  208508.875543
3801    304.425015  208563.731864
3802    304.505106  208618.588185
3803    304.585197  208673.444505
3804    304.665287  208728.300826
3805    304.745378  208783.157147
3806    304.825469  208838.013468
3807    304.905560  208892.869789
3808    304.985650  208947.726110
3809    305.065741  209002.582430
3810    305.145832  209057.438751
3811    305.225923  209112.295072
3812    305.306013  209167.151393
3813    305.386104  209222.007714
3814    305.466195  209276.864035
3815    305.546286  209331.720356
3816    305.626377  209386.576676
3817    305.706467  209441.432997
3818    305.786558  209496.289318
3819    305.866649  209551.145639
3820    305.946740  209606.001960
3821    306.026830  209660.858281
3822    306.106921  209715.714602
3823    306.187012  209770.570922
3824    306.267103  209825.427243
3825    306.347193  209880.283564
3826    306.427284  209935.139885
3827    306.507375  209989.996206
3828    306.587466  210044.852527
3829    306.667557  210099.708847
3830    306.747647  210154.565168
3831    306.827738  210209.421489
3832    306.907829  210264.277810
3833    306.987920  210319.134131
3834    307.068010  210373.990452
3835    307.148101  210428.846773
3836    307.228192  210483.703093
3837    307.308283  210538.559414
3838    307.388373  210593.415735
3839    307.468464  210648.272056
3840    307.548555  210703.128377
3841    307.628646  210757.984698
3842    307.708737  210812.841018
3843    307.788827  210867.697339
3844    307.868918  210922.553660
3845    307.949009  210977.409981
3846    308.029100  211032.266302
3847    308.109190  211087.122623
3848    308.189281  211141.978944
3849    308.269372  211196.835264
3850    308.349463  211251.691585
3851    308.429553  211306.547906
3852    308.509644  211361.404227
3853    308.589735  211416.260548
3854    308.669826  211471.116869
3855    308.749917  211525.973189
3856    308.830007  211580.829510
3857    308.910098  211635.685831
3858    308.990189  211690.542152
3859    309.070280  211745.398473
3860    309.150370  211800.254794
3861    309.230461  211855.111115
3862    309.310552  211909.967435
3863    309.390643  211964.823756
3864    309.470733  212019.680077
3865    309.550824  212074.536398
3866    309.630915  212129.392719
3867    309.711006  212184.249040
3868    309.791097  212239.105361
3869    309.871187  212293.961681
3870    309.951278  212348.818002
3871    310.031369  212403.674323
3872    310.111460  212458.530644
3873    310.191550  212513.386965
3874    310.271641  212568.243286
3875    310.351732  212623.099606
3876    310.431823  212677.955927
3877    310.511914  212732.812248
3878    310.592004  212787.668569
3879    310.672095  212842.524890
3880    310.752186  212897.381211
3881    310.832277  212952.237532
3882    310.912367  213007.093852
3883    310.992458  213061.950173
3884    311.072549  213116.806494
3885    311.152640  213171.662815
3886    311.232730  213226.519136
3887    311.312821  213281.375457
3888    311.392912  213336.231777
3889    311.473003  213391.088098
3890    311.553094  213445.944419
3891    311.633184  213500.800740
3892    311.713275  213555.657061
3893    311.793366  213610.513382
3894    311.873457  213665.369703
3895    311.953547  213720.226023
3896    312.033638  213775.082344
3897    312.113729  213829.938665
3898    312.193820  213884.794986
3899    312.273910  213939.651307
3900    312.354001  213994.507628
3901    312.434092  214049.363948
3902    312.514183  214104.220269
3903    312.594274  214159.076590
3904    312.674364  214213.932911
3905    312.754455  214268.789232
3906    312.834546  214323.645553
3907    312.914637  214378.501874
3908    312.994727  214433.358194
3909    313.074818  214488.214515
3910    313.154909  214543.070836
3911    313.235000  214597.927157
3912    313.315090  214652.783478
3913    313.395181  214707.639799
3914    313.475272  214762.496120
3915    313.555363  214817.352440
3916    313.635454  214872.208761
3917    313.715544  214927.065082
3918    313.795635  214981.921403
3919    313.875726  215036.777724
3920    313.955817  215091.634045
3921    314.035907  215146.490365
3922    314.115998  215201.346686
3923    314.196089  215256.203007
3924    314.276180  215311.059328
3925    314.356270  215365.915649
3926    314.436361  215420.771970
3927    314.516452  215475.628291
3928    314.596543  215530.484611
3929    314.676634  215585.340932
3930    314.756724  215640.197253
3931    314.836815  215695.053574
3932    314.916906  215749.909895
3933    314.996997  215804.766216
3934    315.077087  215859.622536
3935    315.157178  215914.478857
3936    315.237269  215969.335178
3937    315.317360  216024.191499
3938    315.397450  216079.047820
3939    315.477541  216133.904141
3940    315.557632  216188.760462
3941    315.637723  216243.616782
3942    315.717814  216298.473103
3943    315.797904  216353.329424
3944    315.877995  216408.185745
3945    315.958086  216463.042066
3946    316.038177  216517.898387
3947    316.118267  216572.754707
3948    316.198358  216627.611028
3949    316.278449  216682.467349
3950    316.358540  216737.323670
3951    316.438630  216792.179991
3952    316.518721  216847.036312
3953    316.598812  216901.892633
3954    316.678903  216956.748953
3955    316.758994  217011.605274
3956    316.839084  217066.461595
3957    316.919175  217121.317916
3958    316.999266  217176.174237
3959    317.079357  217231.030558
3960    317.159447  217285.886879
3961    317.239538  217340.743199
3962    317.319629  217395.599520
3963    317.399720  217450.455841
3964    317.479810  217505.312162
3965    317.559901  217560.168483
3966    317.639992  217615.024804
3967    317.720083  217669.881124
3968    317.800174  217724.737445
3969    317.880264  217779.593766
3970    317.960355  217834.450087
3971    318.040446  217889.306408
3972    318.120537  217944.162729
3973    318.200627  217999.019050
3974    318.280718  218053.875370
3975    318.360809  218108.731691
3976    318.440900  218163.588012
3977    318.520990  218218.444333
3978    318.601081  218273.300654
3979    318.681172  218328.156975
3980    318.761263  218383.013295
3981    318.841354  218437.869616
3982    318.921444  218492.725937
3983    319.001535  218547.582258
3984    319.081626  218602.438579
3985    319.161717  218657.294900
3986    319.241807  218712.151221
3987    319.321898  218767.007541
3988    319.401989  218821.863862
3989    319.482080  218876.720183
3990    319.562170  218931.576504
3991    319.642261  218986.432825
3992    319.722352  219041.289146
3993    319.802443  219096.145466
3994    319.882534  219151.001787
3995    319.962624  219205.858108
3996    320.042715  219260.714429
3997    320.122806  219315.570750
3998    320.202897  219370.427071
3999    320.282987  219425.283392
4000    320.363078  219480.139712
4001    320.443169  219534.996033
4002    320.523260  219589.852354
4003    320.603350  219644.708675
4004    320.683441  219699.564996
4005    320.763532  219754.421317
4006    320.843623  219809.277638
4007    320.923714  219864.133958
4008    321.003804  219918.990279
4009    321.083895  219973.846600
4010    321.163986  220028.702921
4011    321.244077  220083.559242
4012    321.324167  220138.415563
4013    321.404258  220193.271883
4014    321.484349  220248.128204
4015    321.564440  220302.984525
4016    321.644530  220357.840846
4017    321.724621  220412.697167
4018    321.804712  220467.553488
4019    321.884803  220522.409809
4020    321.964894  220577.266129
4021    322.044984  220632.122450
4022    322.125075  220686.978771
4023    322.205166  220741.835092
4024    322.285257  220796.691413
4025    322.365347  220851.547734
4026    322.445438  220906.404054
4027    322.525529  220961.260375
4028    322.605620  221016.116696
4029    322.685710  221070.973017
4030    322.765801  221125.829338
4031    322.845892  221180.685659
4032    322.925983  221235.541980
4033    323.006074  221290.398300
4034    323.086164  221345.254621
4035    323.166255  221400.110942
4036    323.246346  221454.967263
4037    323.326437  221509.823584
4038    323.406527  221564.679905
4039    323.486618  221619.536225
4040    323.566709  221674.392546
4041    323.646800  221729.248867
4042    323.726890  221784.105188
4043    323.806981  221838.961509
4044    323.887072  221893.817830
4045    323.967163  221948.674151
4046    324.047254  222003.530471
4047    324.127344  222058.386792
4048    324.207435  222113.243113
4049    324.287526  222168.099434
4050    324.367617  222222.955755
4051    324.447707  222277.812076
4052    324.527798  222332.668397
4053    324.607889  222387.524717
4054    324.687980  222442.381038
4055    324.768070  222497.237359
4056    324.848161  222552.093680
4057    324.928252  222606.950001
4058    325.008343  222661.806322
4059    325.088434  222716.662642
4060    325.168524  222771.518963
4061    325.248615  222826.375284
4062    325.328706  222881.231605
4063    325.408797  222936.087926
4064    325.488887  222990.944247
4065    325.568978  223045.800568
4066    325.649069  223100.656888
4067    325.729160  223155.513209
4068    325.809250  223210.369530
4069    325.889341  223265.225851
4070    325.969432  223320.082172
4071    326.049523  223374.938493
4072    326.129614  223429.794813
4073    326.209704  223484.651134
4074    326.289795  223539.507455
4075    326.369886  223594.363776
4076    326.449977  223649.220097
4077    326.530067  223704.076418
4078    326.610158  223758.932739
4079    326.690249  223813.789059
4080    326.770340  223868.645380
4081    326.850430  223923.501701
4082    326.930521  223978.358022
4083    327.010612  224033.214343
4084    327.090703  224088.070664
4085    327.170794  224142.926985
4086    327.250884  224197.783305
4087    327.330975  224252.639626
4088    327.411066  224307.495947
4089    327.491157  224362.352268
4090    327.571247  224417.208589
4091    327.651338  224472.064910
4092    327.731429  224526.921230
4093    327.811520  224581.777551
4094    327.891610  224636.633872
4095    327.971701  224691.490193
4096    328.051792  224746.346514
4097    328.131883  224801.202835
4098    328.211974  224856.059156
4099    328.292064  224910.915476
4100    328.372155  224965.771797
4101    328.452246  225020.628118
4102    328.532337  225075.484439
4103    328.612427  225130.340760
4104    328.692518  225185.197081
4105    328.772609  225240.053401
4106    328.852700  225294.909722
4107    328.932790  225349.766043
4108    329.012881  225404.622364
4109    329.092972  225459.478685
4110    329.173063  225514.335006
4111    329.253154  225569.191327
4112    329.333244  225624.047647
4113    329.413335  225678.903968
4114    329.493426  225733.760289
4115    329.573517  225788.616610
4116    329.653607  225843.472931
4117    329.733698  225898.329252
4118    329.813789  225953.185572
4119    329.893880  226008.041893
4120    329.973970  226062.898214
4121    330.054061  226117.754535
4122    330.134152  226172.610856
4123    330.214243  226227.467177
4124    330.294334  226282.323498
4125    330.374424  226337.179818
4126    330.454515  226392.036139
4127    330.534606  226446.892460
4128    330.614697  226501.748781
4129    330.694787  226556.605102
4130    330.774878  226611.461423
4131    330.854969  226666.317744
4132    330.935060  226721.174064
4133    331.015151  226776.030385
4134    331.095241  226830.886706
4135    331.175332  226885.743027
4136    331.255423  226940.599348
4137    331.335514  226995.455669
4138    331.415604  227050.311989
4139    331.495695  227105.168310
4140    331.575786  227160.024631
4141    331.655877  227214.880952
4142    331.735967  227269.737273
4143    331.816058  227324.593594
4144    331.896149  227379.449915
4145    331.976240  227434.306235
4146    332.056331  227489.162556
4147    332.136421  227544.018877
4148    332.216512  227598.875198
4149    332.296603  227653.731519
4150    332.376694  227708.587840
4151    332.456784  227763.444160
4152    332.536875  227818.300481
4153    332.616966  227873.156802
4154    332.697057  227928.013123
4155    332.777147  227982.869444
4156    332.857238  228037.725765
4157    332.937329  228092.582086
4158    333.017420  228147.438406
4159    333.097511  228202.294727
4160    333.177601  228257.151048
4161    333.257692  228312.007369
4162    333.337783  228366.863690
4163    333.417874  228421.720011
4164    333.497964  228476.576331
4165    333.578055  228531.432652
4166    333.658146  228586.288973
4167    333.738237  228641.145294
4168    333.818327  228696.001615
4169    333.898418  228750.857936
4170    333.978509  228805.714257
4171    334.058600  228860.570577
4172    334.138691  228915.426898
4173    334.218781  228970.283219
4174    334.298872  229025.139540
4175    334.378963  229079.995861
4176    334.459054  229134.852182
4177    334.539144  229189.708503
4178    334.619235  229244.564823
4179    334.699326  229299.421144
4180    334.779417  229354.277465
4181    334.859507  229409.133786
4182    334.939598  229463.990107
4183    335.019689  229518.846428
4184    335.099780  229573.702748
4185    335.179871  229628.559069
4186    335.259961  229683.415390
4187    335.340052  229738.271711
4188    335.420143  229793.128032
4189    335.500234  229847.984353
4190    335.580324  229902.840674
4191    335.660415  229957.696994
4192    335.740506  230012.553315
4193    335.820597  230067.409636
4194    335.900687  230122.265957
4195    335.980778  230177.122278
4196    336.060869  230231.978599
4197    336.140960  230286.834919
4198    336.221051  230341.691240
4199    336.301141  230396.547561
4200    336.381232  230451.403882
4201    336.461323  230506.260203
4202    336.541414  230561.116524
4203    336.621504  230615.972845
4204    336.701595  230670.829165
4205    336.781686  230725.685486
4206    336.861777  230780.541807
4207    336.941867  230835.398128
4208    337.021958  230890.254449
4209    337.102049  230945.110770
4210    337.182140  230999.967090
4211    337.262231  231054.823411
4212    337.342321  231109.679732
4213    337.422412  231164.536053
4214    337.502503  231219.392374
4215    337.582594  231274.248695
4216    337.662684  231329.105016
4217    337.742775  231383.961336
4218    337.822866  231438.817657
4219    337.902957  231493.673978
4220    337.983047  231548.530299
4221    338.063138  231603.386620
4222    338.143229  231658.242941
4223    338.223320  231713.099262
4224    338.303411  231767.955582
4225    338.383501  231822.811903
4226    338.463592  231877.668224
4227    338.543683  231932.524545
4228    338.623774  231987.380866
4229    338.703864  232042.237187
4230    338.783955  232097.093507
4231    338.864046  232151.949828
4232    338.944137  232206.806149
4233    339.024227  232261.662470
4234    339.104318  232316.518791
4235    339.184409  232371.375112
4236    339.264500  232426.231433
4237    339.344591  232481.087753
4238    339.424681  232535.944074
4239    339.504772  232590.800395
4240    339.584863  232645.656716
4241    339.664954  232700.513037
4242    339.745044  232755.369358
4243    339.825135  232810.225678
4244    339.905226  232865.081999
4245    339.985317  232919.938320
4246    340.065407  232974.794641
4247    340.145498  233029.650962
4248    340.225589  233084.507283
4249    340.305680  233139.363604
4250    340.385771  233194.219924
4251    340.465861  233249.076245
4252    340.545952  233303.932566
4253    340.626043  233358.788887
4254    340.706134  233413.645208
4255    340.786224  233468.501529
4256    340.866315  233523.357849
4257    340.946406  233578.214170
4258    341.026497  233633.070491
4259    341.106587  233687.926812
4260    341.186678  233742.783133
4261    341.266769  233797.639454
4262    341.346860  233852.495775
4263    341.426951  233907.352095
4264    341.507041  233962.208416
4265    341.587132  234017.064737
4266    341.667223  234071.921058
4267    341.747314  234126.777379
4268    341.827404  234181.633700
4269    341.907495  234236.490021
4270    341.987586  234291.346341
4271    342.067677  234346.202662
4272    342.147767  234401.058983
4273    342.227858  234455.915304
4274    342.307949  234510.771625
4275    342.388040  234565.627946
4276    342.468131  234620.484266
4277    342.548221  234675.340587
4278    342.628312  234730.196908
4279    342.708403  234785.053229
4280    342.788494  234839.909550
4281    342.868584  234894.765871
4282    342.948675  234949.622192
4283    343.028766  235004.478512
4284    343.108857  235059.334833
4285    343.188947  235114.191154
4286    343.269038  235169.047475
4287    343.349129  235223.903796
4288    343.429220  235278.760117
4289    343.509311  235333.616437
4290    343.589401  235388.472758
4291    343.669492  235443.329079
4292    343.749583  235498.185400
4293    343.829674  235553.041721
4294    343.909764  235607.898042
4295    343.989855  235662.754363
4296    344.069946  235717.610683
4297    344.150037  235772.467004
4298    344.230127  235827.323325
4299    344.310218  235882.179646
4300    344.390309  235937.035967
4301    344.470400  235991.892288
4302    344.550491  236046.748608
4303    344.630581  236101.604929
4304    344.710672  236156.461250
4305    344.790763  236211.317571
4306    344.870854  236266.173892
4307    344.950944  236321.030213
4308    345.031035  236375.886534
4309    345.111126  236430.742854
4310    345.191217  236485.599175
4311    345.271307  236540.455496
4312    345.351398  236595.311817
4313    345.431489  236650.168138
4314    345.511580  236705.024459
4315    345.591671  236759.880780
4316    345.671761  236814.737100
4317    345.751852  236869.593421
4318    345.831943  236924.449742
4319    345.912034  236979.306063
4320    345.992124  237034.162384
4321    346.072215  237089.018705
4322    346.152306  237143.875025
4323    346.232397  237198.731346
4324    346.312487  237253.587667
4325    346.392578  237308.443988
4326    346.472669  237363.300309
4327    346.552760  237418.156630
4328    346.632851  237473.012951
4329    346.712941  237527.869271
4330    346.793032  237582.725592
4331    346.873123  237637.581913
4332    346.953214  237692.438234
4333    347.033304  237747.294555
4334    347.113395  237802.150876
4335    347.193486  237857.007196
4336    347.273577  237911.863517
4337    347.353667  237966.719838
4338    347.433758  238021.576159
4339    347.513849  238076.432480
4340    347.593940  238131.288801
4341    347.674031  238186.145122
4342    347.754121  238241.001442
4343    347.834212  238295.857763
4344    347.914303  238350.714084
4345    347.994394  238405.570405
4346    348.074484  238460.426726
4347    348.154575  238515.283047
4348    348.234666  238570.139367
4349    348.314757  238624.995688
4350    348.394847  238679.852009
4351    348.474938  238734.708330
4352    348.555029  238789.564651
4353    348.635120  238844.420972
4354    348.715211  238899.277293
4355    348.795301  238954.133613
4356    348.875392  239008.989934
4357    348.955483  239063.846255
4358    349.035574  239118.702576
4359    349.115664  239173.558897
4360    349.195755  239228.415218
4361    349.275846  239283.271539
4362    349.355937  239338.127859
4363    349.436027  239392.984180
4364    349.516118  239447.840501
4365    349.596209  239502.696822
4366    349.676300  239557.553143
4367    349.756391  239612.409464
4368    349.836481  239667.265784
4369    349.916572  239722.122105
4370    349.996663  239776.978426
4371    350.076754  239831.834747
4372    350.156844  239886.691068
4373    350.236935  239941.547389
4374    350.317026  239996.403710
4375    350.397117  240051.260030
4376    350.477208  240106.116351
4377    350.557298  240160.972672
4378    350.637389  240215.828993
4379    350.717480  240270.685314
4380    350.797571  240325.541635
4381    350.877661  240380.397955
4382    350.957752  240435.254276
4383    351.037843  240490.110597
4384    351.117934  240544.966918
4385    351.198024  240599.823239
4386    351.278115  240654.679560
4387    351.358206  240709.535881
4388    351.438297  240764.392201
4389    351.518388  240819.248522
4390    351.598478  240874.104843
4391    351.678569  240928.961164
4392    351.758660  240983.817485
4393    351.838751  241038.673806
4394    351.918841  241093.530126
4395    351.998932  241148.386447
4396    352.079023  241203.242768
4397    352.159114  241258.099089
4398    352.239204  241312.955410
4399    352.319295  241367.811731
4400    352.399386  241422.668052
4401    352.479477  241477.524372
4402    352.559568  241532.380693
4403    352.639658  241587.237014
4404    352.719749  241642.093335
4405    352.799840  241696.949656
4406    352.879931  241751.805977
4407    352.960021  241806.662298
4408    353.040112  241861.518618
4409    353.120203  241916.374939
4410    353.200294  241971.231260
4411    353.280384  242026.087581
4412    353.360475  242080.943902
4413    353.440566  242135.800223
4414    353.520657  242190.656543
4415    353.600748  242245.512864
4416    353.680838  242300.369185
4417    353.760929  242355.225506
4418    353.841020  242410.081827
4419    353.921111  242464.938148
4420    354.001201  242519.794469
4421    354.081292  242574.650789
4422    354.161383  242629.507110
4423    354.241474  242684.363431
4424    354.321564  242739.219752
4425    354.401655  242794.076073
4426    354.481746  242848.932394
4427    354.561837  242903.788714
4428    354.641928  242958.645035
4429    354.722018  243013.501356
4430    354.802109  243068.357677
4431    354.882200  243123.213998
4432    354.962291  243178.070319
4433    355.042381  243232.926640
4434    355.122472  243287.782960
4435    355.202563  243342.639281
4436    355.282654  243397.495602
4437    355.362744  243452.351923
4438    355.442835  243507.208244
4439    355.522926  243562.064565
4440    355.603017  243616.920885
4441    355.683108  243671.777206
4442    355.763198  243726.633527
4443    355.843289  243781.489848
4444    355.923380  243836.346169
4445    356.003471  243891.202490
4446    356.083561  243946.058811
4447    356.163652  244000.915131
4448    356.243743  244055.771452
4449    356.323834  244110.627773
4450    356.403924  244165.484094
4451    356.484015  244220.340415
4452    356.564106  244275.196736
4453    356.644197  244330.053057
4454    356.724288  244384.909377
4455    356.804378  244439.765698
4456    356.884469  244494.622019
4457    356.964560  244549.478340
4458    357.044651  244604.334661
4459    357.124741  244659.190982
4460    357.204832  244714.047302
4461    357.284923  244768.903623
4462    357.365014  244823.759944
4463    357.445104  244878.616265
4464    357.525195  244933.472586
4465    357.605286  244988.328907
4466    357.685377  245043.185228
4467    357.765468  245098.041548
4468    357.845558  245152.897869
4469    357.925649  245207.754190
4470    358.005740  245262.610511
4471    358.085831  245317.466832
4472    358.165921  245372.323153
4473    358.246012  245427.179473
4474    358.326103  245482.035794
4475    358.406194  245536.892115
4476    358.486284  245591.748436
4477    358.566375  245646.604757
4478    358.646466  245701.461078
4479    358.726557  245756.317399
4480    358.806648  245811.173719
4481    358.886738  245866.030040
4482    358.966829  245920.886361
4483    359.046920  245975.742682
4484    359.127011  246030.599003
4485    359.207101  246085.455324
4486    359.287192  246140.311645
4487    359.367283  246195.167965
4488    359.447374  246250.024286
4489    359.527464  246304.880607
4490    359.607555  246359.736928
4491    359.687646  246414.593249
4492    359.767737  246469.449570
4493    359.847828  246524.305890
4494    359.927918  246579.162211
4495    360.008009  246634.018532
4496    360.088100  246688.874853
4497    360.168191  246743.731174
4498    360.248281  246798.587495
4499    360.328372  246853.443816
4500    360.408463  246908.300136
4501    360.488554  246963.156457
4502    360.568644  247018.012778
4503    360.648735  247072.869099
4504    360.728826  247127.725420
4505    360.808917  247182.581741
4506    360.889008  247237.438061
4507    360.969098  247292.294382
4508    361.049189  247347.150703
4509    361.129280  247402.007024
4510    361.209371  247456.863345
4511    361.289461  247511.719666
4512    361.369552  247566.575987
4513    361.449643  247621.432307
4514    361.529734  247676.288628
4515    361.609824  247731.144949
4516    361.689915  247786.001270
4517    361.770006  247840.857591
4518    361.850097  247895.713912
4519    361.930188  247950.570232
4520    362.010278  248005.426553
4521    362.090369  248060.282874
4522    362.170460  248115.139195
4523    362.250551  248169.995516
4524    362.330641  248224.851837
4525    362.410732  248279.708158
4526    362.490823  248334.564478
4527    362.570914  248389.420799
4528    362.651004  248444.277120
4529    362.731095  248499.133441
4530    362.811186  248553.989762
4531    362.891277  248608.846083
4532    362.971368  248663.702404
4533    363.051458  248718.558724
4534    363.131549  248773.415045
4535    363.211640  248828.271366
4536    363.291731  248883.127687
4537    363.371821  248937.984008
4538    363.451912  248992.840329
4539    363.532003  249047.696649
4540    363.612094  249102.552970
4541    363.692184  249157.409291
4542    363.772275  249212.265612
4543    363.852366  249267.121933
4544    363.932457  249321.978254
4545    364.012548  249376.834575
4546    364.092638  249431.690895
4547    364.172729  249486.547216
4548    364.252820  249541.403537
4549    364.332911  249596.259858
4550    364.413001  249651.116179
4551    364.493092  249705.972500
4552    364.573183  249760.828820
4553    364.653274  249815.685141
4554    364.733364  249870.541462
4555    364.813455  249925.397783
4556    364.893546  249980.254104
4557    364.973637  250035.110425
4558    365.053728  250089.966746
4559    365.133818  250144.823066
4560    365.213909  250199.679387
4561    365.294000  250254.535708
4562    365.374091  250309.392029
4563    365.454181  250364.248350
4564    365.534272  250419.104671
4565    365.614363  250473.960991
4566    365.694454  250528.817312
4567    365.774544  250583.673633
4568    365.854635  250638.529954
4569    365.934726  250693.386275
4570    366.014817  250748.242596
4571    366.094908  250803.098917
4572    366.174998  250857.955237
4573    366.255089  250912.811558
4574    366.335180  250967.667879
4575    366.415271  251022.524200
4576    366.495361  251077.380521
4577    366.575452  251132.236842
4578    366.655543  251187.093163
4579    366.735634  251241.949483
4580    366.815724  251296.805804
4581    366.895815  251351.662125
4582    366.975906  251406.518446
4583    367.055997  251461.374767
4584    367.136088  251516.231088
4585    367.216178  251571.087408
4586    367.296269  251625.943729
4587    367.376360  251680.800050
4588    367.456451  251735.656371
4589    367.536541  251790.512692
4590    367.616632  251845.369013
4591    367.696723  251900.225334
4592    367.776814  251955.081654
4593    367.856904  252009.937975
4594    367.936995  252064.794296
4595    368.017086  252119.650617
4596    368.097177  252174.506938
4597    368.177268  252229.363259
4598    368.257358  252284.219579
4599    368.337449  252339.075900
4600    368.417540  252393.932221
4601    368.497631  252448.788542
4602    368.577721  252503.644863
4603    368.657812  252558.501184
4604    368.737903  252613.357505
4605    368.817994  252668.213825
4606    368.898084  252723.070146
4607    368.978175  252777.926467
4608    369.058266  252832.782788
4609    369.138357  252887.639109
4610    369.218448  252942.495430
4611    369.298538  252997.351750
4612    369.378629  253052.208071
4613    369.458720  253107.064392
4614    369.538811  253161.920713
4615    369.618901  253216.777034
4616    369.698992  253271.633355
4617    369.779083  253326.489676
4618    369.859174  253381.345996
4619    369.939264  253436.202317
4620    370.019355  253491.058638
4621    370.099446  253545.914959
4622    370.179537  253600.771280
4623    370.259628  253655.627601
4624    370.339718  253710.483922
4625    370.419809  253765.340242
4626    370.499900  253820.196563
4627    370.579991  253875.052884
4628    370.660081  253929.909205
4629    370.740172  253984.765526
4630    370.820263  254039.621847
4631    370.900354  254094.478167
4632    370.980445  254149.334488
4633    371.060535  254204.190809
4634    371.140626  254259.047130
4635    371.220717  254313.903451
4636    371.300808  254368.759772
4637    371.380898  254423.616093
4638    371.460989  254478.472413
4639    371.541080  254533.328734
4640    371.621171  254588.185055
4641    371.701261  254643.041376
4642    371.781352  254697.897697
4643    371.861443  254752.754018
4644    371.941534  254807.610338
4645    372.021625  254862.466659
4646    372.101715  254917.322980
4647    372.181806  254972.179301
4648    372.261897  255027.035622
4649    372.341988  255081.891943
4650    372.422078  255136.748264
4651    372.502169  255191.604584
4652    372.582260  255246.460905
4653    372.662351  255301.317226
4654    372.742441  255356.173547
4655    372.822532  255411.029868
4656    372.902623  255465.886189
4657    372.982714  255520.742509
4658    373.062805  255575.598830
4659    373.142895  255630.455151
4660    373.222986  255685.311472
4661    373.303077  255740.167793
4662    373.383168  255795.024114
4663    373.463258  255849.880435
4664    373.543349  255904.736755
4665    373.623440  255959.593076
4666    373.703531  256014.449397
4667    373.783621  256069.305718
4668    373.863712  256124.162039
4669    373.943803  256179.018360
4670    374.023894  256233.874681
4671    374.103985  256288.731001
4672    374.184075  256343.587322
4673    374.264166  256398.443643
4674    374.344257  256453.299964
4675    374.424348  256508.156285
4676    374.504438  256563.012606
4677    374.584529  256617.868926
4678    374.664620  256672.725247
4679    374.744711  256727.581568
4680    374.824801  256782.437889
4681    374.904892  256837.294210
4682    374.984983  256892.150531
4683    375.065074  256947.006852
4684    375.145165  257001.863172
4685    375.225255  257056.719493
4686    375.305346  257111.575814
4687    375.385437  257166.432135
4688    375.465528  257221.288456
4689    375.545618  257276.144777
4690    375.625709  257331.001097
4691    375.705800  257385.857418
4692    375.785891  257440.713739
4693    375.865981  257495.570060
4694    375.946072  257550.426381
4695    376.026163  257605.282702
4696    376.106254  257660.139023
4697    376.186345  257714.995343
4698    376.266435  257769.851664
4699    376.346526  257824.707985
4700    376.426617  257879.564306
4701    376.506708  257934.420627
4702    376.586798  257989.276948
4703    376.666889  258044.133268
4704    376.746980  258098.989589
4705    376.827071  258153.845910
4706    376.907161  258208.702231
4707    376.987252  258263.558552
4708    377.067343  258318.414873
4709    377.147434  258373.271194
4710    377.227525  258428.127514
4711    377.307615  258482.983835
4712    377.387706  258537.840156
4713    377.467797  258592.696477
4714    377.547888  258647.552798
4715    377.627978  258702.409119
4716    377.708069  258757.265440
4717    377.788160  258812.121760
4718    377.868251  258866.978081
4719    377.948341  258921.834402
4720    378.028432  258976.690723
4721    378.108523  259031.547044
4722    378.188614  259086.403365
4723    378.268705  259141.259685
4724    378.348795  259196.116006
4725    378.428886  259250.972327
4726    378.508977  259305.828648
4727    378.589068  259360.684969
4728    378.669158  259415.541290
4729    378.749249  259470.397611
4730    378.829340  259525.253931
4731    378.909431  259580.110252
4732    378.989521  259634.966573
4733    379.069612  259689.822894
4734    379.149703  259744.679215
4735    379.229794  259799.535536
4736    379.309885  259854.391856
4737    379.389975  259909.248177
4738    379.470066  259964.104498
4739    379.550157  260018.960819
4740    379.630248  260073.817140
4741    379.710338  260128.673461
4742    379.790429  260183.529782
4743    379.870520  260238.386102
4744    379.950611  260293.242423
4745    380.030701  260348.098744
4746    380.110792  260402.955065
4747    380.190883  260457.811386
4748    380.270974  260512.667707
4749    380.351065  260567.524027
4750    380.431155  260622.380348
4751    380.511246  260677.236669
4752    380.591337  260732.092990
4753    380.671428  260786.949311
4754    380.751518  260841.805632
4755    380.831609  260896.661953
4756    380.911700  260951.518273
4757    380.991791  261006.374594
4758    381.071881  261061.230915
4759    381.151972  261116.087236
4760    381.232063  261170.943557
4761    381.312154  261225.799878
4762    381.392245  261280.656199
4763    381.472335  261335.512519
4764    381.552426  261390.368840
4765    381.632517  261445.225161
4766    381.712608  261500.081482
4767    381.792698  261554.937803
4768    381.872789  261609.794124
4769    381.952880  261664.650444
4770    382.032971  261719.506765
4771    382.113061  261774.363086
4772    382.193152  261829.219407
4773    382.273243  261884.075728
4774    382.353334  261938.932049
4775    382.433425  261993.788370
4776    382.513515  262048.644690
4777    382.593606  262103.501011
4778    382.673697  262158.357332
4779    382.753788  262213.213653
4780    382.833878  262268.069974
4781    382.913969  262322.926295
4782    382.994060  262377.782615
4783    383.074151  262432.638936
4784    383.154241  262487.495257
4785    383.234332  262542.351578
4786    383.314423  262597.207899
4787    383.394514  262652.064220
4788    383.474605  262706.920541
4789    383.554695  262761.776861
4790    383.634786  262816.633182
4791    383.714877  262871.489503
4792    383.794968  262926.345824
4793    383.875058  262981.202145
4794    383.955149  263036.058466
4795    384.035240  263090.914786
4796    384.115331  263145.771107
4797    384.195421  263200.627428
4798    384.275512  263255.483749
4799    384.355603  263310.340070
4800    384.435694  263365.196391
4801    384.515785  263420.052712
4802    384.595875  263474.909032
4803    384.675966  263529.765353
4804    384.756057  263584.621674
4805    384.836148  263639.477995
4806    384.916238  263694.334316
4807    384.996329  263749.190637
4808    385.076420  263804.046958
4809    385.156511  263858.903278
4810    385.236601  263913.759599
4811    385.316692  263968.615920
4812    385.396783  264023.472241
4813    385.476874  264078.328562
4814    385.556965  264133.184883
4815    385.637055  264188.041203
4816    385.717146  264242.897524
4817    385.797237  264297.753845
4818    385.877328  264352.610166
4819    385.957418  264407.466487
4820    386.037509  264462.322808
4821    386.117600  264517.179129
4822    386.197691  264572.035449
4823    386.277781  264626.891770
4824    386.357872  264681.748091
4825    386.437963  264736.604412
4826    386.518054  264791.460733
4827    386.598145  264846.317054
4828    386.678235  264901.173374
4829    386.758326  264956.029695
4830    386.838417  265010.886016
4831    386.918508  265065.742337
4832    386.998598  265120.598658
4833    387.078689  265175.454979
4834    387.158780  265230.311300
4835    387.238871  265285.167620
4836    387.318961  265340.023941
4837    387.399052  265394.880262
4838    387.479143  265449.736583
4839    387.559234  265504.592904
4840    387.639325  265559.449225
4841    387.719415  265614.305546
4842    387.799506  265669.161866
4843    387.879597  265724.018187
4844    387.959688  265778.874508
4845    388.039778  265833.730829
4846    388.119869  265888.587150
4847    388.199960  265943.443471
4848    388.280051  265998.299791
4849    388.360141  266053.156112
4850    388.440232  266108.012433
4851    388.520323  266162.868754
4852    388.600414  266217.725075
4853    388.680505  266272.581396
4854    388.760595  266327.437717
4855    388.840686  266382.294037
4856    388.920777  266437.150358
4857    389.000868  266492.006679
4858    389.080958  266546.863000
4859    389.161049  266601.719321
4860    389.241140  266656.575642
4861    389.321231  266711.431962
4862    389.401321  266766.288283
4863    389.481412  266821.144604
4864    389.561503  266876.000925
4865    389.641594  266930.857246
4866    389.721685  266985.713567
4867    389.801775  267040.569888
4868    389.881866  267095.426208
4869    389.961957  267150.282529
4870    390.042048  267205.138850
4871    390.122138  267259.995171
4872    390.202229  267314.851492
4873    390.282320  267369.707813
4874    390.362411  267424.564133
4875    390.442502  267479.420454
4876    390.522592  267534.276775
4877    390.602683  267589.133096
4878    390.682774  267643.989417
4879    390.762865  267698.845738
4880    390.842955  267753.702059
4881    390.923046  267808.558379
4882    391.003137  267863.414700
4883    391.083228  267918.271021
4884    391.163318  267973.127342
4885    391.243409  268027.983663
4886    391.323500  268082.839984
4887    391.403591  268137.696305
4888    391.483682  268192.552625
4889    391.563772  268247.408946
4890    391.643863  268302.265267
4891    391.723954  268357.121588
4892    391.804045  268411.977909
4893    391.884135  268466.834230
4894    391.964226  268521.690550
4895    392.044317  268576.546871
4896    392.124408  268631.403192
4897    392.204498  268686.259513
4898    392.284589  268741.115834
4899    392.364680  268795.972155
4900    392.444771  268850.828476
4901    392.524862  268905.684796
4902    392.604952  268960.541117
4903    392.685043  269015.397438
4904    392.765134  269070.253759
4905    392.845225  269125.110080
4906    392.925315  269179.966401
4907    393.005406  269234.822721
4908    393.085497  269289.679042
4909    393.165588  269344.535363
4910    393.245678  269399.391684
4911    393.325769  269454.248005
4912    393.405860  269509.104326
4913    393.485951  269563.960647
4914    393.566042  269618.816967
4915    393.646132  269673.673288
4916    393.726223  269728.529609
4917    393.806314  269783.385930
4918    393.886405  269838.242251
4919    393.966495  269893.098572
4920    394.046586  269947.954892
4921    394.126677  270002.811213
4922    394.206768  270057.667534
4923    394.286858  270112.523855
4924    394.366949  270167.380176
4925    394.447040  270222.236497
4926    394.527131  270277.092818
4927    394.607222  270331.949138
4928    394.687312  270386.805459
4929    394.767403  270441.661780
4930    394.847494  270496.518101
4931    394.927585  270551.374422
4932    395.007675  270606.230743
4933    395.087766  270661.087064
4934    395.167857  270715.943384
4935    395.247948  270770.799705
4936    395.328038  270825.656026
4937    395.408129  270880.512347
4938    395.488220  270935.368668
4939    395.568311  270990.224989
4940    395.648402  271045.081309
4941    395.728492  271099.937630
4942    395.808583  271154.793951
4943    395.888674  271209.650272
4944    395.968765  271264.506593
4945    396.048855  271319.362914
4946    396.128946  271374.219235
4947    396.209037  271429.075555
4948    396.289128  271483.931876
4949    396.369218  271538.788197
4950    396.449309  271593.644518
4951    396.529400  271648.500839
4952    396.609491  271703.357160
4953    396.689582  271758.213480
4954    396.769672  271813.069801
4955    396.849763  271867.926122
4956    396.929854  271922.782443
4957    397.009945  271977.638764
4958    397.090035  272032.495085
4959    397.170126  272087.351406
4960    397.250217  272142.207726
4961    397.330308  272197.064047
4962    397.410398  272251.920368
4963    397.490489  272306.776689
4964    397.570580  272361.633010
4965    397.650671  272416.489331
4966    397.730762  272471.345651
4967    397.810852  272526.201972
4968    397.890943  272581.058293
4969    397.971034  272635.914614
4970    398.051125  272690.770935
4971    398.131215  272745.627256
4972    398.211306  272800.483577
4973    398.291397  272855.339897
4974    398.371488  272910.196218
4975    398.451578  272965.052539
4976    398.531669  273019.908860
4977    398.611760  273074.765181
4978    398.691851  273129.621502
4979    398.771942  273184.477823
4980    398.852032  273239.334143
4981    398.932123  273294.190464
4982    399.012214  273349.046785
4983    399.092305  273403.903106
4984    399.172395  273458.759427
4985    399.252486  273513.615748
4986    399.332577  273568.472068
4987    399.412668  273623.328389
4988    399.492758  273678.184710
4989    399.572849  273733.041031
4990    399.652940  273787.897352
4991    399.733031  273842.753673
4992    399.813122  273897.609994
4993    399.893212  273952.466314
4994    399.973303  274007.322635
4995    400.053394  274062.178956
4996    400.133485  274117.035277
4997    400.213575  274171.891598
4998    400.293666  274226.747919
4999    400.373757  274281.604239
5000    400.453848  274336.460560
5001    400.533938  274391.316881
5002    400.614029  274446.173202
5003    400.694120  274501.029523
5004    400.774211  274555.885844
5005    400.854302  274610.742165
5006    400.934392  274665.598485
5007    401.014483  274720.454806
5008    401.094574  274775.311127
5009    401.174665  274830.167448
5010    401.254755  274885.023769
5011    401.334846  274939.880090
5012    401.414937  274994.736410
5013    401.495028  275049.592731
5014    401.575118  275104.449052
5015    401.655209  275159.305373
5016    401.735300  275214.161694
5017    401.815391  275269.018015
5018    401.895482  275323.874336
5019    401.975572  275378.730656
5020    402.055663  275433.586977
5021    402.135754  275488.443298
5022    402.215845  275543.299619
5023    402.295935  275598.155940
5024    402.376026  275653.012261
5025    402.456117  275707.868582
5026    402.536208  275762.724902
5027    402.616298  275817.581223
5028    402.696389  275872.437544
5029    402.776480  275927.293865
5030    402.856571  275982.150186
5031    402.936662  276037.006507
5032    403.016752  276091.862827
5033    403.096843  276146.719148
5034    403.176934  276201.575469
5035    403.257025  276256.431790
5036    403.337115  276311.288111
5037    403.417206  276366.144432
5038    403.497297  276421.000753
5039    403.577388  276475.857073
5040    403.657478  276530.713394
5041    403.737569  276585.569715
5042    403.817660  276640.426036
5043    403.897751  276695.282357
5044    403.977842  276750.138678
5045    404.057932  276804.994998
5046    404.138023  276859.851319
5047    404.218114  276914.707640
5048    404.298205  276969.563961
5049    404.378295  277024.420282
5050    404.458386  277079.276603
5051    404.538477  277134.132924
5052    404.618568  277188.989244
5053    404.698658  277243.845565
5054    404.778749  277298.701886
5055    404.858840  277353.558207
5056    404.938931  277408.414528
5057    405.019022  277463.270849
5058    405.099112  277518.127169
5059    405.179203  277572.983490
5060    405.259294  277627.839811
5061    405.339385  277682.696132
5062    405.419475  277737.552453
5063    405.499566  277792.408774
5064    405.579657  277847.265095
5065    405.659748  277902.121415
5066    405.739838  277956.977736
5067    405.819929  278011.834057
5068    405.900020  278066.690378
5069    405.980111  278121.546699
5070    406.060202  278176.403020
5071    406.140292  278231.259341
5072    406.220383  278286.115661
5073    406.300474  278340.971982
5074    406.380565  278395.828303
5075    406.460655  278450.684624
5076    406.540746  278505.540945
5077    406.620837  278560.397266
5078    406.700928  278615.253586
5079    406.781018  278670.109907
5080    406.861109  278724.966228
5081    406.941200  278779.822549
5082    407.021291  278834.678870
5083    407.101382  278889.535191
5084    407.181472  278944.391512
5085    407.261563  278999.247832
5086    407.341654  279054.104153
5087    407.421745  279108.960474
5088    407.501835  279163.816795
5089    407.581926  279218.673116
5090    407.662017  279273.529437
5091    407.742108  279328.385757
5092    407.822198  279383.242078
5093    407.902289  279438.098399
5094    407.982380  279492.954720
5095    408.062471  279547.811041
5096    408.142562  279602.667362
5097    408.222652  279657.523683
5098    408.302743  279712.380003
5099    408.382834  279767.236324
5100    408.462925  279822.092645
5101    408.543015  279876.948966
5102    408.623106  279931.805287
5103    408.703197  279986.661608
5104    408.783288  280041.517928
5105    408.863378  280096.374249
5106    408.943469  280151.230570
5107    409.023560  280206.086891
5108    409.103651  280260.943212
5109    409.183742  280315.799533
5110    409.263832  280370.655854
5111    409.343923  280425.512174
5112    409.424014  280480.368495
5113    409.504105  280535.224816
5114    409.584195  280590.081137
5115    409.664286  280644.937458
5116    409.744377  280699.793779
5117    409.824468  280754.650100
5118    409.904558  280809.506420
5119    409.984649  280864.362741
5120    410.064740  280919.219062
5121    410.144831  280974.075383
5122    410.224922  281028.931704
5123    410.305012  281083.788025
5124    410.385103  281138.644345
5125    410.465194  281193.500666
5126    410.545285  281248.356987
5127    410.625375  281303.213308
5128    410.705466  281358.069629
5129    410.785557  281412.925950
5130    410.865648  281467.782271
5131    410.945739  281522.638591
5132    411.025829  281577.494912
5133    411.105920  281632.351233
5134    411.186011  281687.207554
5135    411.266102  281742.063875
5136    411.346192  281796.920196
5137    411.426283  281851.776516
5138    411.506374  281906.632837
5139    411.586465  281961.489158
5140    411.666555  282016.345479
5141    411.746646  282071.201800
5142    411.826737  282126.058121
5143    411.906828  282180.914442
5144    411.986919  282235.770762
5145    412.067009  282290.627083
5146    412.147100  282345.483404
5147    412.227191  282400.339725
5148    412.307282  282455.196046
5149    412.387372  282510.052367
5150    412.467463  282564.908687
5151    412.547554  282619.765008
5152    412.627645  282674.621329
5153    412.707735  282729.477650
5154    412.787826  282784.333971
5155    412.867917  282839.190292
5156    412.948008  282894.046613
5157    413.028099  282948.902933
5158    413.108189  283003.759254
5159    413.188280  283058.615575
5160    413.268371  283113.471896
5161    413.348462  283168.328217
5162    413.428552  283223.184538
5163    413.508643  283278.040859
5164    413.588734  283332.897179
5165    413.668825  283387.753500
5166    413.748915  283442.609821
5167    413.829006  283497.466142
5168    413.909097  283552.322463
5169    413.989188  283607.178784
5170    414.069279  283662.035104
5171    414.149369  283716.891425
5172    414.229460  283771.747746
5173    414.309551  283826.604067
5174    414.389642  283881.460388
5175    414.469732  283936.316709
5176    414.549823  283991.173030
5177    414.629914  284046.029350
5178    414.710005  284100.885671
5179    414.790095  284155.741992
5180    414.870186  284210.598313
5181    414.950277  284265.454634
5182    415.030368  284320.310955
5183    415.110459  284375.167275
5184    415.190549  284430.023596
5185    415.270640  284484.879917
5186    415.350731  284539.736238
5187    415.430822  284594.592559
5188    415.510912  284649.448880
5189    415.591003  284704.305201
5190    415.671094  284759.161521
5191    415.751185  284814.017842
5192    415.831275  284868.874163
5193    415.911366  284923.730484
5194    415.991457  284978.586805
5195    416.071548  285033.443126
5196    416.151639  285088.299446
5197    416.231729  285143.155767
5198    416.311820  285198.012088
5199    416.391911  285252.868409
5200    416.472002  285307.724730
5201    416.552092  285362.581051
5202    416.632183  285417.437372
5203    416.712274  285472.293692
5204    416.792365  285527.150013
5205    416.872455  285582.006334
5206    416.952546  285636.862655
5207    417.032637  285691.718976
5208    417.112728  285746.575297
5209    417.192819  285801.431618
5210    417.272909  285856.287938
5211    417.353000  285911.144259
5212    417.433091  285966.000580
5213    417.513182  286020.856901
5214    417.593272  286075.713222
5215    417.673363  286130.569543
5216    417.753454  286185.425863
5217    417.833545  286240.282184
5218    417.913635  286295.138505
5219    417.993726  286349.994826
5220    418.073817  286404.851147
5221    418.153908  286459.707468
5222    418.233999  286514.563789
5223    418.314089  286569.420109
5224    418.394180  286624.276430
5225    418.474271  286679.132751
5226    418.554362  286733.989072
5227    418.634452  286788.845393
5228    418.714543  286843.701714
5229    418.794634  286898.558034
5230    418.874725  286953.414355
5231    418.954815  287008.270676
5232    419.034906  287063.126997
5233    419.114997  287117.983318
5234    419.195088  287172.839639
5235    419.275179  287227.695960
5236    419.355269  287282.552280
5237    419.435360  287337.408601
5238    419.515451  287392.264922
5239    419.595542  287447.121243
5240    419.675632  287501.977564
5241    419.755723  287556.833885
5242    419.835814  287611.690206
5243    419.915905  287666.546526
5244    419.995995  287721.402847
5245    420.076086  287776.259168
5246    420.156177  287831.115489
5247    420.236268  287885.971810
5248    420.316359  287940.828131
5249    420.396449  287995.684451
5250    420.476540  288050.540772
5251    420.556631  288105.397093
5252    420.636722  288160.253414
5253    420.716812  288215.109735
5254    420.796903  288269.966056
5255    420.876994  288324.822377
5256    420.957085  288379.678697
5257    421.037175  288434.535018
5258    421.117266  288489.391339
5259    421.197357  288544.247660
5260    421.277448  288599.103981
5261    421.357539  288653.960302
5262    421.437629  288708.816622
5263    421.517720  288763.672943
5264    421.597811  288818.529264
5265    421.677902  288873.385585
5266    421.757992  288928.241906
5267    421.838083  288983.098227
5268    421.918174  289037.954548
5269    421.998265  289092.810868
5270    422.078355  289147.667189
5271    422.158446  289202.523510
5272    422.238537  289257.379831
5273    422.318628  289312.236152
5274    422.398719  289367.092473
5275    422.478809  289421.948793
5276    422.558900  289476.805114
5277    422.638991  289531.661435
5278    422.719082  289586.517756
5279    422.799172  289641.374077
5280    422.879263  289696.230398
5281    422.959354  289751.086719
5282    423.039445  289805.943039
5283    423.119535  289860.799360
5284    423.199626  289915.655681
5285    423.279717  289970.512002
5286    423.359808  290025.368323
5287    423.439899  290080.224644
5288    423.519989  290135.080965
5289    423.600080  290189.937285
5290    423.680171  290244.793606
5291    423.760262  290299.649927
5292    423.840352  290354.506248
5293    423.920443  290409.362569
5294    424.000534  290464.218890
5295    424.080625  290519.075210
5296    424.160715  290573.931531
5297    424.240806  290628.787852
5298    424.320897  290683.644173
5299    424.400988  290738.500494
5300    424.481079  290793.356815
5301    424.561169  290848.213136
5302    424.641260  290903.069456
5303    424.721351  290957.925777
5304    424.801442  291012.782098
5305    424.881532  291067.638419
5306    424.961623  291122.494740
5307    425.041714  291177.351061
5308    425.121805  291232.207381
5309    425.201895  291287.063702
5310    425.281986  291341.920023
5311    425.362077  291396.776344
5312    425.442168  291451.632665
5313    425.522259  291506.488986
5314    425.602349  291561.345307
5315    425.682440  291616.201627
5316    425.762531  291671.057948
5317    425.842622  291725.914269
5318    425.922712  291780.770590
5319    426.002803  291835.626911
5320    426.082894  291890.483232
5321    426.162985  291945.339552
5322    426.243075  292000.195873
5323    426.323166  292055.052194
5324    426.403257  292109.908515
5325    426.483348  292164.764836
5326    426.563439  292219.621157
5327    426.643529  292274.477478
5328    426.723620  292329.333798
5329    426.803711  292384.190119
5330    426.883802  292439.046440
5331    426.963892  292493.902761
5332    427.043983  292548.759082
5333    427.124074  292603.615403
5334    427.204165  292658.471724
5335    427.284255  292713.328044
5336    427.364346  292768.184365
5337    427.444437  292823.040686
5338    427.524528  292877.897007
5339    427.604619  292932.753328
5340    427.684709  292987.609649
5341    427.764800  293042.465969
5342    427.844891  293097.322290
5343    427.924982  293152.178611
5344    428.005072  293207.034932
5345    428.085163  293261.891253
5346    428.165254  293316.747574
5347    428.245345  293371.603895
5348    428.325435  293426.460215
5349    428.405526  293481.316536
5350    428.485617  293536.172857
5351    428.565708  293591.029178
5352    428.645799  293645.885499
5353    428.725889  293700.741820
5354    428.805980  293755.598140
5355    428.886071  293810.454461
5356    428.966162  293865.310782
5357    429.046252  293920.167103
5358    429.126343  293975.023424
5359    429.206434  294029.879745
5360    429.286525  294084.736066
5361    429.366615  294139.592386
5362    429.446706  294194.448707
5363    429.526797  294249.305028
5364    429.606888  294304.161349
5365    429.686979  294359.017670
5366    429.767069  294413.873991
5367    429.847160  294468.730311
5368    429.927251  294523.586632
5369    430.007342  294578.442953
5370    430.087432  294633.299274
5371    430.167523  294688.155595
5372    430.247614  294743.011916
5373    430.327705  294797.868237
5374    430.407796  294852.724557
5375    430.487886  294907.580878
5376    430.567977  294962.437199
5377    430.648068  295017.293520
5378    430.728159  295072.149841
5379    430.808249  295127.006162
5380    430.888340  295181.862483
5381    430.968431  295236.718803
5382    431.048522  295291.575124
5383    431.128612  295346.431445
5384    431.208703  295401.287766
5385    431.288794  295456.144087
5386    431.368885  295511.000408
5387    431.448976  295565.856728
5388    431.529066  295620.713049
5389    431.609157  295675.569370
5390    431.689248  295730.425691
5391    431.769339  295785.282012
5392    431.849429  295840.138333
5393    431.929520  295894.994654
5394    432.009611  295949.850974
5395    432.089702  296004.707295
5396    432.169792  296059.563616
5397    432.249883  296114.419937
5398    432.329974  296169.276258
5399    432.410065  296224.132579
5400    432.490156  296278.988899
5401    432.570246  296333.845220
5402    432.650337  296388.701541
5403    432.730428  296443.557862
5404    432.810519  296498.414183
5405    432.890609  296553.270504
5406    432.970700  296608.126825
5407    433.050791  296662.983145
5408    433.130882  296717.839466
5409    433.210972  296772.695787
5410    433.291063  296827.552108
5411    433.371154  296882.408429
5412    433.451245  296937.264750
5413    433.531336  296992.121070
5414    433.611426  297046.977391
5415    433.691517  297101.833712
5416    433.771608  297156.690033
5417    433.851699  297211.546354
5418    433.931789  297266.402675
5419    434.011880  297321.258996
5420    434.091971  297376.115316
5421    434.172062  297430.971637
5422    434.252152  297485.827958
5423    434.332243  297540.684279
5424    434.412334  297595.540600
5425    434.492425  297650.396921
5426    434.572516  297705.253242
5427    434.652606  297760.109562
5428    434.732697  297814.965883
5429    434.812788  297869.822204
5430    434.892879  297924.678525
5431    434.972969  297979.534846
5432    435.053060  298034.391167
5433    435.133151  298089.247487
5434    435.213242  298144.103808
5435    435.293332  298198.960129
5436    435.373423  298253.816450
5437    435.453514  298308.672771
5438    435.533605  298363.529092
5439    435.613696  298418.385413
5440    435.693786  298473.241733
5441    435.773877  298528.098054
5442    435.853968  298582.954375
5443    435.934059  298637.810696
5444    436.014149  298692.667017
5445    436.094240  298747.523338
5446    436.174331  298802.379658
5447    436.254422  298857.235979
5448    436.334512  298912.092300
5449    436.414603  298966.948621
5450    436.494694  299021.804942
5451    436.574785  299076.661263
5452    436.654876  299131.517584
5453    436.734966  299186.373904
5454    436.815057  299241.230225
5455    436.895148  299296.086546
5456    436.975239  299350.942867
5457    437.055329  299405.799188
5458    437.135420  299460.655509
5459    437.215511  299515.511829
5460    437.295602  299570.368150
5461    437.375692  299625.224471
5462    437.455783  299680.080792
5463    437.535874  299734.937113
5464    437.615965  299789.793434
5465    437.696056  299844.649755
5466    437.776146  299899.506075
5467    437.856237  299954.362396
5468    437.936328  300009.218717
5469    438.016419  300064.075038
5470    438.096509  300118.931359
5471    438.176600  300173.787680
5472    438.256691  300228.644001
5473    438.336782  300283.500321
5474    438.416872  300338.356642
5475    438.496963  300393.212963
5476    438.577054  300448.069284
5477    438.657145  300502.925605
5478    438.737236  300557.781926
5479    438.817326  300612.638246
5480    438.897417  300667.494567
5481    438.977508  300722.350888
5482    439.057599  300777.207209
5483    439.137689  300832.063530
5484    439.217780  300886.919851
5485    439.297871  300941.776172
5486    439.377962  300996.632492
5487    439.458052  301051.488813
5488    439.538143  301106.345134
5489    439.618234  301161.201455
5490    439.698325  301216.057776
5491    439.778416  301270.914097
5492    439.858506  301325.770417
5493    439.938597  301380.626738
5494    440.018688  301435.483059
5495    440.098779  301490.339380
5496    440.178869  301545.195701
5497    440.258960  301600.052022
5498    440.339051  301654.908343
5499    440.419142  301709.764663
5500    440.499232  301764.620984
5501    440.579323  301819.477305
5502    440.659414  301874.333626
5503    440.739505  301929.189947
5504    440.819596  301984.046268
5505    440.899686  302038.902588
5506    440.979777  302093.758909
5507    441.059868  302148.615230
5508    441.139959  302203.471551
5509    441.220049  302258.327872
5510    441.300140  302313.184193
5511    441.380231  302368.040514
5512    441.460322  302422.896834
5513    441.540412  302477.753155
5514    441.620503  302532.609476
5515    441.700594  302587.465797
5516    441.780685  302642.322118
5517    441.860776  302697.178439
5518    441.940866  302752.034760
5519    442.020957  302806.891080
5520    442.101048  302861.747401
5521    442.181139  302916.603722
5522    442.261229  302971.460043
5523    442.341320  303026.316364
5524    442.421411  303081.172685
5525    442.501502  303136.029005
5526    442.581592  303190.885326
5527    442.661683  303245.741647
5528    442.741774  303300.597968
5529    442.821865  303355.454289
5530    442.901956  303410.310610
5531    442.982046  303465.166931
5532    443.062137  303520.023251
5533    443.142228  303574.879572
5534    443.222319  303629.735893
5535    443.302409  303684.592214
5536    443.382500  303739.448535
5537    443.462591  303794.304856
5538    443.542682  303849.161176
5539    443.622772  303904.017497
5540    443.702863  303958.873818
5541    443.782954  304013.730139
5542    443.863045  304068.586460
5543    443.943136  304123.442781
5544    444.023226  304178.299102
5545    444.103317  304233.155422
5546    444.183408  304288.011743
5547    444.263499  304342.868064
5548    444.343589  304397.724385
5549    444.423680  304452.580706
5550    444.503771  304507.437027
5551    444.583862  304562.293347
5552    444.663952  304617.149668
5553    444.744043  304672.005989
5554    444.824134  304726.862310
5555    444.904225  304781.718631
5556    444.984316  304836.574952
5557    445.064406  304891.431273
5558    445.144497  304946.287593
5559    445.224588  305001.143914
5560    445.304679  305056.000235
5561    445.384769  305110.856556
5562    445.464860  305165.712877
5563    445.544951  305220.569198
5564    445.625042  305275.425519
5565    445.705132  305330.281839
5566    445.785223  305385.138160
5567    445.865314  305439.994481
5568    445.945405  305494.850802
5569    446.025496  305549.707123
5570    446.105586  305604.563444
5571    446.185677  305659.419764
5572    446.265768  305714.276085
5573    446.345859  305769.132406
5574    446.425949  305823.988727
5575    446.506040  305878.845048
5576    446.586131  305933.701369
5577    446.666222  305988.557690
5578    446.746312  306043.414010
5579    446.826403  306098.270331
5580    446.906494  306153.126652
5581    446.986585  306207.982973
5582    447.066676  306262.839294
5583    447.146766  306317.695615
5584    447.226857  306372.551935
5585    447.306948  306427.408256
5586    447.387039  306482.264577
5587    447.467129  306537.120898
5588    447.547220  306591.977219
5589    447.627311  306646.833540
5590    447.707402  306701.689861
5591    447.787492  306756.546181
5592    447.867583  306811.402502
5593    447.947674  306866.258823
5594    448.027765  306921.115144
5595    448.107856  306975.971465
5596    448.187946  307030.827786
5597    448.268037  307085.684106
5598    448.348128  307140.540427
5599    448.428219  307195.396748
5600    448.508309  307250.253069
5601    448.588400  307305.109390
5602    448.668491  307359.965711
5603    448.748582  307414.822032
5604    448.828672  307469.678352
5605    448.908763  307524.534673
5606    448.988854  307579.390994
5607    449.068945  307634.247315
5608    449.149036  307689.103636
5609    449.229126  307743.959957
5610    449.309217  307798.816278
5611    449.389308  307853.672598
5612    449.469399  307908.528919
5613    449.549489  307963.385240
5614    449.629580  308018.241561
5615    449.709671  308073.097882
5616    449.789762  308127.954203
5617    449.869852  308182.810523
5618    449.949943  308237.666844
5619    450.030034  308292.523165
5620    450.110125  308347.379486
5621    450.190216  308402.235807
5622    450.270306  308457.092128
5623    450.350397  308511.948449
5624    450.430488  308566.804769
5625    450.510579  308621.661090
5626    450.590669  308676.517411
5627    450.670760  308731.373732
5628    450.750851  308786.230053
5629    450.830942  308841.086374
5630    450.911033  308895.942694
5631    450.991123  308950.799015
5632    451.071214  309005.655336
5633    451.151305  309060.511657
5634    451.231396  309115.367978
5635    451.311486  309170.224299
5636    451.391577  309225.080620
5637    451.471668  309279.936940
5638    451.551759  309334.793261
5639    451.631849  309389.649582
5640    451.711940  309444.505903
5641    451.792031  309499.362224
5642    451.872122  309554.218545
5643    451.952213  309609.074866
5644    452.032303  309663.931186
5645    452.112394  309718.787507
5646    452.192485  309773.643828
5647    452.272576  309828.500149
5648    452.352666  309883.356470
5649    452.432757  309938.212791
5650    452.512848  309993.069111
5651    452.592939  310047.925432
5652    452.673029  310102.781753
5653    452.753120  310157.638074
5654    452.833211  310212.494395
5655    452.913302  310267.350716
5656    452.993393  310322.207037
5657    453.073483  310377.063357
5658    453.153574  310431.919678
5659    453.233665  310486.775999
5660    453.313756  310541.632320
5661    453.393846  310596.488641
5662    453.473937  310651.344962
5663    453.554028  310706.201282
5664    453.634119  310761.057603
5665    453.714209  310815.913924
5666    453.794300  310870.770245
5667    453.874391  310925.626566
5668    453.954482  310980.482887
5669    454.034573  311035.339208
5670    454.114663  311090.195528
5671    454.194754  311145.051849
5672    454.274845  311199.908170
5673    454.354936  311254.764491
5674    454.435026  311309.620812
5675    454.515117  311364.477133
5676    454.595208  311419.333453
5677    454.675299  311474.189774
5678    454.755389  311529.046095
5679    454.835480  311583.902416
5680    454.915571  311638.758737
5681    454.995662  311693.615058
5682    455.075753  311748.471379
5683    455.155843  311803.327699
5684    455.235934  311858.184020
5685    455.316025  311913.040341
5686    455.396116  311967.896662
5687    455.476206  312022.752983
5688    455.556297  312077.609304
5689    455.636388  312132.465625
5690    455.716479  312187.321945
5691    455.796569  312242.178266
5692    455.876660  312297.034587
5693    455.956751  312351.890908
5694    456.036842  312406.747229
5695    456.116933  312461.603550
5696    456.197023  312516.459870
5697    456.277114  312571.316191
5698    456.357205  312626.172512
5699    456.437296  312681.028833
5700    456.517386  312735.885154
5701    456.597477  312790.741475
5702    456.677568  312845.597796
5703    456.757659  312900.454116
5704    456.837749  312955.310437
5705    456.917840  313010.166758
5706    456.997931  313065.023079
5707    457.078022  313119.879400
5708    457.158113  313174.735721
5709    457.238203  313229.592041
5710    457.318294  313284.448362
5711    457.398385  313339.304683
5712    457.478476  313394.161004
5713    457.558566  313449.017325
5714    457.638657  313503.873646
5715    457.718748  313558.729967
5716    457.798839  313613.586287
5717    457.878929  313668.442608
5718    457.959020  313723.298929
5719    458.039111  313778.155250
5720    458.119202  313833.011571
5721    458.199293  313887.867892
5722    458.279383  313942.724212
5723    458.359474  313997.580533
5724    458.439565  314052.436854
5725    458.519656  314107.293175
5726    458.599746  314162.149496
5727    458.679837  314217.005817
5728    458.759928  314271.862138
5729    458.840019  314326.718458
5730    458.920109  314381.574779
5731    459.000200  314436.431100
5732    459.080291  314491.287421
5733    459.160382  314546.143742
5734    459.240473  314601.000063
5735    459.320563  314655.856384
5736    459.400654  314710.712704
5737    459.480745  314765.569025
5738    459.560836  314820.425346
5739    459.640926  314875.281667
5740    459.721017  314930.137988
5741    459.801108  314984.994309
5742    459.881199  315039.850629
5743    459.961289  315094.706950
5744    460.041380  315149.563271
5745    460.121471  315204.419592
5746    460.201562  315259.275913
5747    460.281653  315314.132234
5748    460.361743  315368.988555
5749    460.441834  315423.844875
5750    460.521925  315478.701196
5751    460.602016  315533.557517
5752    460.682106  315588.413838
5753    460.762197  315643.270159
5754    460.842288  315698.126480
5755    460.922379  315752.982800
5756    461.002469  315807.839121
5757    461.082560  315862.695442
5758    461.162651  315917.551763
5759    461.242742  315972.408084
5760    461.322833  316027.264405
5761    461.402923  316082.120726
5762    461.483014  316136.977046
5763    461.563105  316191.833367
5764    461.643196  316246.689688
5765    461.723286  316301.546009
5766    461.803377  316356.402330
5767    461.883468  316411.258651
5768    461.963559  316466.114971
5769    462.043649  316520.971292
5770    462.123740  316575.827613
5771    462.203831  316630.683934
5772    462.283922  316685.540255
5773    462.364013  316740.396576
5774    462.444103  316795.252897
5775    462.524194  316850.109217
5776    462.604285  316904.965538
5777    462.684376  316959.821859
5778    462.764466  317014.678180
5779    462.844557  317069.534501
5780    462.924648  317124.390822
5781    463.004739  317179.247143
5782    463.084829  317234.103463
5783    463.164920  317288.959784
5784    463.245011  317343.816105
5785    463.325102  317398.672426
5786    463.405193  317453.528747
5787    463.485283  317508.385068
5788    463.565374  317563.241388
5789    463.645465  317618.097709
5790    463.725556  317672.954030
5791    463.805646  317727.810351
5792    463.885737  317782.666672
5793    463.965828  317837.522993
5794    464.045919  317892.379314
5795    464.126009  317947.235634
5796    464.206100  318002.091955
5797    464.286191  318056.948276
5798    464.366282  318111.804597
5799    464.446373  318166.660918
5800    464.526463  318221.517239
5801    464.606554  318276.373559
5802    464.686645  318331.229880
5803    464.766736  318386.086201
5804    464.846826  318440.942522
5805    464.926917  318495.798843
5806    465.007008  318550.655164
5807    465.087099  318605.511485
5808    465.167189  318660.367805
5809    465.247280  318715.224126
5810    465.327371  318770.080447
5811    465.407462  318824.936768
5812    465.487553  318879.793089
5813    465.567643  318934.649410
5814    465.647734  318989.505730
5815    465.727825  319044.362051
5816    465.807916  319099.218372
5817    465.888006  319154.074693
5818    465.968097  319208.931014
5819    466.048188  319263.787335
5820    466.128279  319318.643656
5821    466.208369  319373.499976
5822    466.288460  319428.356297
5823    466.368551  319483.212618
5824    466.448642  319538.068939
5825    466.528733  319592.925260
5826    466.608823  319647.781581
5827    466.688914  319702.637902
5828    466.769005  319757.494222
5829    466.849096  319812.350543
5830    466.929186  319867.206864
5831    467.009277  319922.063185
5832    467.089368  319976.919506
5833    467.169459  320031.775827
5834    467.249549  320086.632147
5835    467.329640  320141.488468
5836    467.409731  320196.344789
5837    467.489822  320251.201110
5838    467.569913  320306.057431
5839    467.650003  320360.913752
5840    467.730094  320415.770073
5841    467.810185  320470.626393
5842    467.890276  320525.482714
5843    467.970366  320580.339035
5844    468.050457  320635.195356
5845    468.130548  320690.051677
5846    468.210639  320744.907998
5847    468.290729  320799.764318
5848    468.370820  320854.620639
5849    468.450911  320909.476960
5850    468.531002  320964.333281
5851    468.611093  321019.189602
5852    468.691183  321074.045923
5853    468.771274  321128.902244
5854    468.851365  321183.758564
5855    468.931456  321238.614885
5856    469.011546  321293.471206
5857    469.091637  321348.327527
5858    469.171728  321403.183848
5859    469.251819  321458.040169
5860    469.331909  321512.896489
5861    469.412000  321567.752810
5862    469.492091  321622.609131
5863    469.572182  321677.465452
5864    469.652273  321732.321773
5865    469.732363  321787.178094
5866    469.812454  321842.034415
5867    469.892545  321896.890735
5868    469.972636  321951.747056
5869    470.052726  322006.603377
5870    470.132817  322061.459698
5871    470.212908  322116.316019
5872    470.292999  322171.172340
5873    470.373090  322226.028661
5874    470.453180  322280.884981
5875    470.533271  322335.741302
5876    470.613362  322390.597623
5877    470.693453  322445.453944
5878    470.773543  322500.310265
5879    470.853634  322555.166586
5880    470.933725  322610.022906
5881    471.013816  322664.879227
5882    471.093906  322719.735548
5883    471.173997  322774.591869
5884    471.254088  322829.448190
5885    471.334179  322884.304511
5886    471.414270  322939.160832
5887    471.494360  322994.017152
5888    471.574451  323048.873473
5889    471.654542  323103.729794
5890    471.734633  323158.586115
5891    471.814723  323213.442436
5892    471.894814  323268.298757
5893    471.974905  323323.155077
5894    472.054996  323378.011398
5895    472.135086  323432.867719
5896    472.215177  323487.724040
5897    472.295268  323542.580361
5898    472.375359  323597.436682
5899    472.455450  323652.293003
5900    472.535540  323707.149323
5901    472.615631  323762.005644
5902    472.695722  323816.861965
5903    472.775813  323871.718286
5904    472.855903  323926.574607
5905    472.935994  323981.430928
5906    473.016085  324036.287248
5907    473.096176  324091.143569
5908    473.176266  324145.999890
5909    473.256357  324200.856211
5910    473.336448  324255.712532
5911    473.416539  324310.568853
5912    473.496630  324365.425174
5913    473.576720  324420.281494
5914    473.656811  324475.137815
5915    473.736902  324529.994136
5916    473.816993  324584.850457
5917    473.897083  324639.706778
5918    473.977174  324694.563099
5919    474.057265  324749.419420
5920    474.137356  324804.275740
5921    474.217446  324859.132061
5922    474.297537  324913.988382
5923    474.377628  324968.844703
5924    474.457719  325023.701024
5925    474.537810  325078.557345
5926    474.617900  325133.413665
5927    474.697991  325188.269986
5928    474.778082  325243.126307
5929    474.858173  325297.982628
5930    474.938263  325352.838949
5931    475.018354  325407.695270
5932    475.098445  325462.551591
5933    475.178536  325517.407911
5934    475.258626  325572.264232
5935    475.338717  325627.120553
5936    475.418808  325681.976874
5937    475.498899  325736.833195
5938    475.578990  325791.689516
5939    475.659080  325846.545836
5940    475.739171  325901.402157
5941    475.819262  325956.258478
5942    475.899353  326011.114799
5943    475.979443  326065.971120
5944    476.059534  326120.827441
5945    476.139625  326175.683762
5946    476.219716  326230.540082
5947    476.299806  326285.396403
5948    476.379897  326340.252724
5949    476.459988  326395.109045
5950    476.540079  326449.965366
5951    476.620170  326504.821687
5952    476.700260  326559.678007
5953    476.780351  326614.534328
5954    476.860442  326669.390649
5955    476.940533  326724.246970
5956    477.020623  326779.103291
5957    477.100714  326833.959612
5958    477.180805  326888.815933
5959    477.260896  326943.672253
5960    477.340986  326998.528574
5961    477.421077  327053.384895
5962    477.501168  327108.241216
5963    477.581259  327163.097537
5964    477.661350  327217.953858
5965    477.741440  327272.810179
5966    477.821531  327327.666499
5967    477.901622  327382.522820
5968    477.981713  327437.379141
5969    478.061803  327492.235462
5970    478.141894  327547.091783
5971    478.221985  327601.948104
5972    478.302076  327656.804424
5973    478.382166  327711.660745
5974    478.462257  327766.517066
5975    478.542348  327821.373387
5976    478.622439  327876.229708
5977    478.702530  327931.086029
5978    478.782620  327985.942350
5979    478.862711  328040.798670
5980    478.942802  328095.654991
5981    479.022893  328150.511312
5982    479.102983  328205.367633
5983    479.183074  328260.223954
5984    479.263165  328315.080275
5985    479.343256  328369.936595
5986    479.423346  328424.792916
5987    479.503437  328479.649237
5988    479.583528  328534.505558
5989    479.663619  328589.361879
5990    479.743710  328644.218200
5991    479.823800  328699.074521
5992    479.903891  328753.930841
5993    479.983982  328808.787162
5994    480.064073  328863.643483
5995    480.144163  328918.499804
5996    480.224254  328973.356125
5997    480.304345  329028.212446
5998    480.384436  329083.068766
5999    480.464526  329137.925087
6000    480.544617  329192.781408
6001    480.624708  329247.637729
6002    480.704799  329302.494050
6003    480.784890  329357.350371
6004    480.864980  329412.206692
6005    480.945071  329467.063012
6006    481.025162  329521.919333
6007    481.105253  329576.775654
6008    481.185343  329631.631975
6009    481.265434  329686.488296
6010    481.345525  329741.344617
6011    481.425616  329796.200938
6012    481.505706  329851.057258
6013    481.585797  329905.913579
6014    481.665888  329960.769900
6015    481.745979  330015.626221
6016    481.826070  330070.482542
6017    481.906160  330125.338863
6018    481.986251  330180.195183
6019    482.066342  330235.051504
6020    482.146433  330289.907825
6021    482.226523  330344.764146
6022    482.306614  330399.620467
6023    482.386705  330454.476788
6024    482.466796  330509.333109
6025    482.546886  330564.189429
6026    482.626977  330619.045750
6027    482.707068  330673.902071
6028    482.787159  330728.758392
6029    482.867250  330783.614713
6030    482.947340  330838.471034
6031    483.027431  330893.327354
6032    483.107522  330948.183675
6033    483.187613  331003.039996
6034    483.267703  331057.896317
6035    483.347794  331112.752638
6036    483.427885  331167.608959
6037    483.507976  331222.465280
6038    483.588066  331277.321600
6039    483.668157  331332.177921
6040    483.748248  331387.034242
6041    483.828339  331441.890563
6042    483.908430  331496.746884
6043    483.988520  331551.603205
6044    484.068611  331606.459526
6045    484.148702  331661.315846
6046    484.228793  331716.172167
6047    484.308883  331771.028488
6048    484.388974  331825.884809
6049    484.469065  331880.741130
6050    484.549156  331935.597451
6051    484.629246  331990.453771
6052    484.709337  332045.310092
6053    484.789428  332100.166413
6054    484.869519  332155.022734
6055    484.949610  332209.879055
6056    485.029700  332264.735376
6057    485.109791  332319.591697
6058    485.189882  332374.448017
6059    485.269973  332429.304338
6060    485.350063  332484.160659
6061    485.430154  332539.016980
6062    485.510245  332593.873301
6063    485.590336  332648.729622
6064    485.670426  332703.585942
6065    485.750517  332758.442263
6066    485.830608  332813.298584
6067    485.910699  332868.154905
6068    485.990790  332923.011226
6069    486.070880  332977.867547
6070    486.150971  333032.723868
6071    486.231062  333087.580188
6072    486.311153  333142.436509
6073    486.391243  333197.292830
6074    486.471334  333252.149151
6075    486.551425  333307.005472
6076    486.631516  333361.861793
6077    486.711606  333416.718113
6078    486.791697  333471.574434
6079    486.871788  333526.430755
6080    486.951879  333581.287076
6081    487.031970  333636.143397
6082    487.112060  333690.999718
6083    487.192151  333745.856039
6084    487.272242  333800.712359
6085    487.352333  333855.568680
6086    487.432423  333910.425001
6087    487.512514  333965.281322
6088    487.592605  334020.137643
6089    487.672696  334074.993964
6090    487.752786  334129.850285
6091    487.832877  334184.706605
6092    487.912968  334239.562926
6093    487.993059  334294.419247
6094    488.073150  334349.275568
6095    488.153240  334404.131889
6096    488.233331  334458.988210
6097    488.313422  334513.844530
6098    488.393513  334568.700851
6099    488.473603  334623.557172
6100    488.553694  334678.413493
6101    488.633785  334733.269814
6102    488.713876  334788.126135
6103    488.793966  334842.982456
6104    488.874057  334897.838776
6105    488.954148  334952.695097
6106    489.034239  335007.551418
6107    489.114330  335062.407739
6108    489.194420  335117.264060
6109    489.274511  335172.120381
6110    489.354602  335226.976701
6111    489.434693  335281.833022
6112    489.514783  335336.689343
6113    489.594874  335391.545664
6114    489.674965  335446.401985
6115    489.755056  335501.258306
6116    489.835146  335556.114627
6117    489.915237  335610.970947
6118    489.995328  335665.827268
6119    490.075419  335720.683589
6120    490.155510  335775.539910
6121    490.235600  335830.396231
6122    490.315691  335885.252552
6123    490.395782  335940.108872
6124    490.475873  335994.965193
6125    490.555963  336049.821514
6126    490.636054  336104.677835
6127    490.716145  336159.534156
6128    490.796236  336214.390477
6129    490.876327  336269.246798
6130    490.956417  336324.103118
6131    491.036508  336378.959439
6132    491.116599  336433.815760
6133    491.196690  336488.672081
6134    491.276780  336543.528402
6135    491.356871  336598.384723
6136    491.436962  336653.241044
6137    491.517053  336708.097364
6138    491.597143  336762.953685
6139    491.677234  336817.810006
6140    491.757325  336872.666327
6141    491.837416  336927.522648
6142    491.917507  336982.378969
6143    491.997597  337037.235289
6144    492.077688  337092.091610
6145    492.157779  337146.947931
6146    492.237870  337201.804252
6147    492.317960  337256.660573
6148    492.398051  337311.516894
6149    492.478142  337366.373215
6150    492.558233  337421.229535
6151    492.638323  337476.085856
6152    492.718414  337530.942177
6153    492.798505  337585.798498
6154    492.878596  337640.654819
6155    492.958687  337695.511140
6156    493.038777  337750.367460
6157    493.118868  337805.223781
6158    493.198959  337860.080102
6159    493.279050  337914.936423
6160    493.359140  337969.792744
6161    493.439231  338024.649065
6162    493.519322  338079.505386
6163    493.599413  338134.361706
6164    493.679503  338189.218027
6165    493.759594  338244.074348
6166    493.839685  338298.930669
6167    493.919776  338353.786990
6168    493.999867  338408.643311
6169    494.079957  338463.499631
6170    494.160048  338518.355952
6171    494.240139  338573.212273
6172    494.320230  338628.068594
6173    494.400320  338682.924915
6174    494.480411  338737.781236
6175    494.560502  338792.637557
6176    494.640593  338847.493877
6177    494.720683  338902.350198
6178    494.800774  338957.206519
6179    494.880865  339012.062840
6180    494.960956  339066.919161
6181    495.041047  339121.775482
6182    495.121137  339176.631803
6183    495.201228  339231.488123
6184    495.281319  339286.344444
6185    495.361410  339341.200765
6186    495.441500  339396.057086
6187    495.521591  339450.913407
6188    495.601682  339505.769728
6189    495.681773  339560.626048
6190    495.761863  339615.482369
6191    495.841954  339670.338690
6192    495.922045  339725.195011
6193    496.002136  339780.051332
6194    496.082227  339834.907653
6195    496.162317  339889.763974
6196    496.242408  339944.620294
6197    496.322499  339999.476615
6198    496.402590  340054.332936
6199    496.482680  340109.189257
6200    496.562771  340164.045578
6201    496.642862  340218.901899
6202    496.722953  340273.758219
6203    496.803043  340328.614540
6204    496.883134  340383.470861
6205    496.963225  340438.327182
6206    497.043316  340493.183503
6207    497.123407  340548.039824
6208    497.203497  340602.896145
6209    497.283588  340657.752465
6210    497.363679  340712.608786
6211    497.443770  340767.465107
6212    497.523860  340822.321428
6213    497.603951  340877.177749
6214    497.684042  340932.034070
6215    497.764133  340986.890390
6216    497.844223  341041.746711
6217    497.924314  341096.603032
6218    498.004405  341151.459353
6219    498.084496  341206.315674
6220    498.164587  341261.171995
6221    498.244677  341316.028316
6222    498.324768  341370.884636
6223    498.404859  341425.740957
6224    498.484950  341480.597278
6225    498.565040  341535.453599
6226    498.645131  341590.309920
6227    498.725222  341645.166241
6228    498.805313  341700.022562
6229    498.885403  341754.878882
6230    498.965494  341809.735203
6231    499.045585  341864.591524
6232    499.125676  341919.447845
6233    499.205767  341974.304166
6234    499.285857  342029.160487
6235    499.365948  342084.016807
6236    499.446039  342138.873128
6237    499.526130  342193.729449
6238    499.606220  342248.585770
6239    499.686311  342303.442091
6240    499.766402  342358.298412
6241    499.846493  342413.154733
6242    499.926583  342468.011053
6243    500.006674  342522.867374
6244    500.086765  342577.723695
6245    500.166856  342632.580016
6246    500.246947  342687.436337
6247    500.327037  342742.292658
6248    500.407128  342797.148978
6249    500.487219  342852.005299
6250    500.567310  342906.861620
6251    500.647400  342961.717941
6252    500.727491  343016.574262
6253    500.807582  343071.430583
6254    500.887673  343126.286904
6255    500.967763  343181.143224
6256    501.047854  343235.999545
6257    501.127945  343290.855866
6258    501.208036  343345.712187
6259    501.288127  343400.568508
6260    501.368217  343455.424829
6261    501.448308  343510.281149
6262    501.528399  343565.137470
6263    501.608490  343619.993791
6264    501.688580  343674.850112
6265    501.768671  343729.706433
6266    501.848762  343784.562754
6267    501.928853  343839.419075
6268    502.008943  343894.275395
6269    502.089034  343949.131716
6270    502.169125  344003.988037
6271    502.249216  344058.844358
6272    502.329307  344113.700679
6273    502.409397  344168.557000
6274    502.489488  344223.413321
6275    502.569579  344278.269641
6276    502.649670  344333.125962
6277    502.729760  344387.982283
6278    502.809851  344442.838604
6279    502.889942  344497.694925
6280    502.970033  344552.551246
6281    503.050123  344607.407566
6282    503.130214  344662.263887
6283    503.210305  344717.120208
6284    503.290396  344771.976529
6285    503.370487  344826.832850
6286    503.450577  344881.689171
6287    503.530668  344936.545492
6288    503.610759  344991.401812
6289    503.690850  345046.258133
6290    503.770940  345101.114454
6291    503.851031  345155.970775
6292    503.931122  345210.827096
6293    504.011213  345265.683417
6294    504.091303  345320.539737
6295    504.171394  345375.396058
6296    504.251485  345430.252379
6297    504.331576  345485.108700
6298    504.411667  345539.965021
6299    504.491757  345594.821342
6300    504.571848  345649.677663
6301    504.651939  345704.533983
6302    504.732030  345759.390304
6303    504.812120  345814.246625
6304    504.892211  345869.102946
6305    504.972302  345923.959267
6306    505.052393  345978.815588
6307    505.132483  346033.671908
6308    505.212574  346088.528229
6309    505.292665  346143.384550
6310    505.372756  346198.240871
6311    505.452847  346253.097192
6312    505.532937  346307.953513
6313    505.613028  346362.809834
6314    505.693119  346417.666154
6315    505.773210  346472.522475
6316    505.853300  346527.378796
6317    505.933391  346582.235117
6318    506.013482  346637.091438
6319    506.093573  346691.947759
6320    506.173663  346746.804080
6321    506.253754  346801.660400
6322    506.333845  346856.516721
6323    506.413936  346911.373042
6324    506.494027  346966.229363
6325    506.574117  347021.085684
6326    506.654208  347075.942005
6327    506.734299  347130.798325
6328    506.814390  347185.654646
6329    506.894480  347240.510967
6330    506.974571  347295.367288
6331    507.054662  347350.223609
6332    507.134753  347405.079930
6333    507.214843  347459.936251
6334    507.294934  347514.792571
6335    507.375025  347569.648892
6336    507.455116  347624.505213
6337    507.535207  347679.361534
6338    507.615297  347734.217855
6339    507.695388  347789.074176
6340    507.775479  347843.930496
6341    507.855570  347898.786817
6342    507.935660  347953.643138
6343    508.015751  348008.499459
6344    508.095842  348063.355780
6345    508.175933  348118.212101
6346    508.256023  348173.068422
6347    508.336114  348227.924742
6348    508.416205  348282.781063
6349    508.496296  348337.637384
6350    508.576387  348392.493705
6351    508.656477  348447.350026
6352    508.736568  348502.206347
6353    508.816659  348557.062667
6354    508.896750  348611.918988
6355    508.976840  348666.775309
6356    509.056931  348721.631630
6357    509.137022  348776.487951
6358    509.217113  348831.344272
6359    509.297203  348886.200593
6360    509.377294  348941.056913
6361    509.457385  348995.913234
6362    509.537476  349050.769555
6363    509.617567  349105.625876
6364    509.697657  349160.482197
6365    509.777748  349215.338518
6366    509.857839  349270.194839
6367    509.937930  349325.051159
6368    510.018020  349379.907480
6369    510.098111  349434.763801
6370    510.178202  349489.620122
6371    510.258293  349544.476443
6372    510.338384  349599.332764
6373    510.418474  349654.189084
6374    510.498565  349709.045405
6375    510.578656  349763.901726
6376    510.658747  349818.758047
6377    510.738837  349873.614368
6378    510.818928  349928.470689
6379    510.899019  349983.327010
6380    510.979110  350038.183330
6381    511.059200  350093.039651
6382    511.139291  350147.895972
6383    511.219382  350202.752293
6384    511.299473  350257.608614
6385    511.379564  350312.464935
6386    511.459654  350367.321255
6387    511.539745  350422.177576
6388    511.619836  350477.033897
6389    511.699927  350531.890218
6390    511.780017  350586.746539
6391    511.860108  350641.602860
6392    511.940199  350696.459181
6393    512.020290  350751.315501
6394    512.100380  350806.171822
6395    512.180471  350861.028143
6396    512.260562  350915.884464
6397    512.340653  350970.740785
6398    512.420744  351025.597106
6399    512.500834  351080.453426
6400    512.580925  351135.309747
6401    512.661016  351190.166068
6402    512.741107  351245.022389
6403    512.821197  351299.878710
6404    512.901288  351354.735031
6405    512.981379  351409.591352
6406    513.061470  351464.447672
6407    513.141560  351519.303993
6408    513.221651  351574.160314
6409    513.301742  351629.016635
6410    513.381833  351683.872956
6411    513.461924  351738.729277
6412    513.542014  351793.585598
6413    513.622105  351848.441918
6414    513.702196  351903.298239
6415    513.782287  351958.154560
6416    513.862377  352013.010881
6417    513.942468  352067.867202
6418    514.022559  352122.723523
6419    514.102650  352177.579843
6420    514.182740  352232.436164
6421    514.262831  352287.292485
6422    514.342922  352342.148806
6423    514.423013  352397.005127
6424    514.503104  352451.861448
6425    514.583194  352506.717769
6426    514.663285  352561.574089
6427    514.743376  352616.430410
6428    514.823467  352671.286731
6429    514.903557  352726.143052
6430    514.983648  352780.999373
6431    515.063739  352835.855694
6432    515.143830  352890.712014
6433    515.223920  352945.568335
6434    515.304011  353000.424656
6435    515.384102  353055.280977
6436    515.464193  353110.137298
6437    515.544284  353164.993619
6438    515.624374  353219.849940
6439    515.704465  353274.706260
6440    515.784556  353329.562581
6441    515.864647  353384.418902
6442    515.944737  353439.275223
6443    516.024828  353494.131544
6444    516.104919  353548.987865
6445    516.185010  353603.844186
6446    516.265100  353658.700506
6447    516.345191  353713.556827
6448    516.425282  353768.413148
6449    516.505373  353823.269469
6450    516.585464  353878.125790
6451    516.665554  353932.982111
6452    516.745645  353987.838431
6453    516.825736  354042.694752
6454    516.905827  354097.551073
6455    516.985917  354152.407394
6456    517.066008  354207.263715
6457    517.146099  354262.120036
6458    517.226190  354316.976357
6459    517.306280  354371.832677
6460    517.386371  354426.688998
6461    517.466462  354481.545319
6462    517.546553  354536.401640
6463    517.626644  354591.257961
6464    517.706734  354646.114282
6465    517.786825  354700.970602
6466    517.866916  354755.826923
6467    517.947007  354810.683244
6468    518.027097  354865.539565
6469    518.107188  354920.395886
6470    518.187279  354975.252207
6471    518.267370  355030.108528
6472    518.347460  355084.964848
6473    518.427551  355139.821169
6474    518.507642  355194.677490
6475    518.587733  355249.533811
6476    518.667824  355304.390132
6477    518.747914  355359.246453
6478    518.828005  355414.102773
6479    518.908096  355468.959094
6480    518.988187  355523.815415
6481    519.068277  355578.671736
6482    519.148368  355633.528057
6483    519.228459  355688.384378
6484    519.308550  355743.240699
6485    519.388640  355798.097019
6486    519.468731  355852.953340
6487    519.548822  355907.809661
6488    519.628913  355962.665982
6489    519.709004  356017.522303
6490    519.789094  356072.378624
6491    519.869185  356127.234945
6492    519.949276  356182.091265
6493    520.029367  356236.947586
6494    520.109457  356291.803907
6495    520.189548  356346.660228
6496    520.269639  356401.516549
6497    520.349730  356456.372870
6498    520.429820  356511.229190
6499    520.509911  356566.085511
6500    520.590002  356620.941832
6501    520.670093  356675.798153
6502    520.750184  356730.654474
6503    520.830274  356785.510795
6504    520.910365  356840.367116
6505    520.990456  356895.223436
6506    521.070547  356950.079757
6507    521.150637  357004.936078
6508    521.230728  357059.792399
6509    521.310819  357114.648720
6510    521.390910  357169.505041
6511    521.471000  357224.361361
6512    521.551091  357279.217682
6513    521.631182  357334.074003
6514    521.711273  357388.930324
6515    521.791364  357443.786645
6516    521.871454  357498.642966
6517    521.951545  357553.499287
6518    522.031636  357608.355607
6519    522.111727  357663.211928
6520    522.191817  357718.068249
6521    522.271908  357772.924570
6522    522.351999  357827.780891
6523    522.432090  357882.637212
6524    522.512180  357937.493532
6525    522.592271  357992.349853
6526    522.672362  358047.206174
6527    522.752453  358102.062495
6528    522.832544  358156.918816
6529    522.912634  358211.775137
6530    522.992725  358266.631458
6531    523.072816  358321.487778
6532    523.152907  358376.344099
6533    523.232997  358431.200420
6534    523.313088  358486.056741
6535    523.393179  358540.913062
6536    523.473270  358595.769383
6537    523.553360  358650.625704
6538    523.633451  358705.482024
6539    523.713542  358760.338345
6540    523.793633  358815.194666
6541    523.873724  358870.050987
6542    523.953814  358924.907308
6543    524.033905  358979.763629
6544    524.113996  359034.619949
6545    524.194087  359089.476270
6546    524.274177  359144.332591
6547    524.354268  359199.188912
6548    524.434359  359254.045233
6549    524.514450  359308.901554
6550    524.594540  359363.757875
6551    524.674631  359418.614195
6552    524.754722  359473.470516
6553    524.834813  359528.326837
6554    524.914904  359583.183158
6555    524.994994  359638.039479
6556    525.075085  359692.895800
6557    525.155176  359747.752120
6558    525.235267  359802.608441
6559    525.315357  359857.464762
6560    525.395448  359912.321083
6561    525.475539  359967.177404
6562    525.555630  360022.033725
6563    525.635720  360076.890046
6564    525.715811  360131.746366
6565    525.795902  360186.602687
6566    525.875993  360241.459008
6567    525.956084  360296.315329
6568    526.036174  360351.171650
6569    526.116265  360406.027971
6570    526.196356  360460.884291
6571    526.276447  360515.740612
6572    526.356537  360570.596933
6573    526.436628  360625.453254
6574    526.516719  360680.309575
6575    526.596810  360735.165896
6576    526.676900  360790.022217
6577    526.756991  360844.878537
6578    526.837082  360899.734858
6579    526.917173  360954.591179
6580    526.997264  361009.447500
6581    527.077354  361064.303821
6582    527.157445  361119.160142
6583    527.237536  361174.016463
6584    527.317627  361228.872783
6585    527.397717  361283.729104
6586    527.477808  361338.585425
6587    527.557899  361393.441746
6588    527.637990  361448.298067
6589    527.718080  361503.154388
6590    527.798171  361558.010708
6591    527.878262  361612.867029
6592    527.958353  361667.723350
6593    528.038444  361722.579671
6594    528.118534  361777.435992
6595    528.198625  361832.292313
6596    528.278716  361887.148634
6597    528.358807  361942.004954
6598    528.438897  361996.861275
6599    528.518988  362051.717596
6600    528.599079  362106.573917
6601    528.679170  362161.430238
6602    528.759260  362216.286559
6603    528.839351  362271.142879
6604    528.919442  362325.999200
6605    528.999533  362380.855521
6606    529.079624  362435.711842
6607    529.159714  362490.568163
6608    529.239805  362545.424484
6609    529.319896  362600.280805
6610    529.399987  362655.137125
6611    529.480077  362709.993446
6612    529.560168  362764.849767
6613    529.640259  362819.706088
6614    529.720350  362874.562409
6615    529.800440  362929.418730
6616    529.880531  362984.275050
6617    529.960622  363039.131371
6618    530.040713  363093.987692
6619    530.120804  363148.844013
6620    530.200894  363203.700334
6621    530.280985  363258.556655
6622    530.361076  363313.412976
6623    530.441167  363368.269296
6624    530.521257  363423.125617
6625    530.601348  363477.981938
6626    530.681439  363532.838259
6627    530.761530  363587.694580
6628    530.841621  363642.550901
6629    530.921711  363697.407222
6630    531.001802  363752.263542
6631    531.081893  363807.119863
6632    531.161984  363861.976184
6633    531.242074  363916.832505
6634    531.322165  363971.688826
6635    531.402256  364026.545147
6636    531.482347  364081.401467
6637    531.562437  364136.257788
6638    531.642528  364191.114109
6639    531.722619  364245.970430
6640    531.802710  364300.826751
6641    531.882801  364355.683072
6642    531.962891  364410.539393
6643    532.042982  364465.395713
6644    532.123073  364520.252034
6645    532.203164  364575.108355
6646    532.283254  364629.964676
6647    532.363345  364684.820997
6648    532.443436  364739.677318
6649    532.523527  364794.533638
6650    532.603617  364849.389959
6651    532.683708  364904.246280
6652    532.763799  364959.102601
6653    532.843890  365013.958922
6654    532.923981  365068.815243
6655    533.004071  365123.671564
6656    533.084162  365178.527884
6657    533.164253  365233.384205
6658    533.244344  365288.240526
6659    533.324434  365343.096847
6660    533.404525  365397.953168
6661    533.484616  365452.809489
6662    533.564707  365507.665809
6663    533.644797  365562.522130
6664    533.724888  365617.378451
6665    533.804979  365672.234772
6666    533.885070  365727.091093
6667    533.965161  365781.947414
6668    534.045251  365836.803735
6669    534.125342  365891.660055
6670    534.205433  365946.516376
6671    534.285524  366001.372697
6672    534.365614  366056.229018
6673    534.445705  366111.085339
6674    534.525796  366165.941660
6675    534.605887  366220.797981
6676    534.685977  366275.654301
6677    534.766068  366330.510622
6678    534.846159  366385.366943
6679    534.926250  366440.223264
6680    535.006341  366495.079585
6681    535.086431  366549.935906
6682    535.166522  366604.792226
6683    535.246613  366659.648547
6684    535.326704  366714.504868
6685    535.406794  366769.361189
6686    535.486885  366824.217510
6687    535.566976  366879.073831
6688    535.647067  366933.930152
6689    535.727157  366988.786472
6690    535.807248  367043.642793
6691    535.887339  367098.499114
6692    535.967430  367153.355435
6693    536.047521  367208.211756
6694    536.127611  367263.068077
6695    536.207702  367317.924397
6696    536.287793  367372.780718
6697    536.367884  367427.637039
6698    536.447974  367482.493360
6699    536.528065  367537.349681
6700    536.608156  367592.206002
6701    536.688247  367647.062323
6702    536.768337  367701.918643
6703    536.848428  367756.774964
6704    536.928519  367811.631285
6705    537.008610  367866.487606
6706    537.088701  367921.343927
6707    537.168791  367976.200248
6708    537.248882  368031.056568
6709    537.328973  368085.912889
6710    537.409064  368140.769210
6711    537.489154  368195.625531
6712    537.569245  368250.481852
6713    537.649336  368305.338173
6714    537.729427  368360.194494
6715    537.809517  368415.050814
6716    537.889608  368469.907135
6717    537.969699  368524.763456
6718    538.049790  368579.619777
6719    538.129881  368634.476098
6720    538.209971  368689.332419
6721    538.290062  368744.188740
6722    538.370153  368799.045060
6723    538.450244  368853.901381
6724    538.530334  368908.757702
6725    538.610425  368963.614023
6726    538.690516  369018.470344
6727    538.770607  369073.326665
6728    538.850697  369128.182985
6729    538.930788  369183.039306
6730    539.010879  369237.895627
6731    539.090970  369292.751948
6732    539.171061  369347.608269
6733    539.251151  369402.464590
6734    539.331242  369457.320911
6735    539.411333  369512.177231
6736    539.491424  369567.033552
6737    539.571514  369621.889873
6738    539.651605  369676.746194
6739    539.731696  369731.602515
6740    539.811787  369786.458836
6741    539.891877  369841.315156
6742    539.971968  369896.171477
6743    540.052059  369951.027798
6744    540.132150  370005.884119
6745    540.212241  370060.740440
6746    540.292331  370115.596761
6747    540.372422  370170.453082
6748    540.452513  370225.309402
6749    540.532604  370280.165723
6750    540.612694  370335.022044
6751    540.692785  370389.878365
6752    540.772876  370444.734686
6753    540.852967  370499.591007
6754    540.933057  370554.447327
6755    541.013148  370609.303648
6756    541.093239  370664.159969
6757    541.173330  370719.016290
6758    541.253421  370773.872611
6759    541.333511  370828.728932
6760    541.413602  370883.585253
6761    541.493693  370938.441573
6762    541.573784  370993.297894
6763    541.653874  371048.154215
6764    541.733965  371103.010536
6765    541.814056  371157.866857
6766    541.894147  371212.723178
6767    541.974237  371267.579499
6768    542.054328  371322.435819
6769    542.134419  371377.292140
6770    542.214510  371432.148461
6771    542.294601  371487.004782
6772    542.374691  371541.861103
6773    542.454782  371596.717424
6774    542.534873  371651.573744
6775    542.614964  371706.430065
6776    542.695054  371761.286386
6777    542.775145  371816.142707
6778    542.855236  371870.999028
6779    542.935327  371925.855349
6780    543.015417  371980.711670
6781    543.095508  372035.567990
6782    543.175599  372090.424311
6783    543.255690  372145.280632
6784    543.335781  372200.136953
6785    543.415871  372254.993274
6786    543.495962  372309.849595
6787    543.576053  372364.705915
6788    543.656144  372419.562236
6789    543.736234  372474.418557
6790    543.816325  372529.274878
6791    543.896416  372584.131199
6792    543.976507  372638.987520
6793    544.056597  372693.843841
6794    544.136688  372748.700161
6795    544.216779  372803.556482
6796    544.296870  372858.412803
6797    544.376961  372913.269124
6798    544.457051  372968.125445
6799    544.537142  373022.981766
6800    544.617233  373077.838086
6801    544.697324  373132.694407
6802    544.777414  373187.550728
6803    544.857505  373242.407049
6804    544.937596  373297.263370
6805    545.017687  373352.119691
6806    545.097777  373406.976012
6807    545.177868  373461.832332
6808    545.257959  373516.688653
6809    545.338050  373571.544974
6810    545.418141  373626.401295
6811    545.498231  373681.257616
6812    545.578322  373736.113937
6813    545.658413  373790.970258
6814    545.738504  373845.826578
6815    545.818594  373900.682899
6816    545.898685  373955.539220
6817    545.978776  374010.395541
6818    546.058867  374065.251862
6819    546.138957  374120.108183
6820    546.219048  374174.964503
6821    546.299139  374229.820824
6822    546.379230  374284.677145
6823    546.459321  374339.533466
6824    546.539411  374394.389787
6825    546.619502  374449.246108
6826    546.699593  374504.102429
6827    546.779684  374558.958749
6828    546.859774  374613.815070
6829    546.939865  374668.671391
6830    547.019956  374723.527712
6831    547.100047  374778.384033
6832    547.180137  374833.240354
6833    547.260228  374888.096674
6834    547.340319  374942.952995
6835    547.420410  374997.809316
6836    547.500501  375052.665637
6837    547.580591  375107.521958
6838    547.660682  375162.378279
6839    547.740773  375217.234600
6840    547.820864  375272.090920
6841    547.900954  375326.947241
6842    547.981045  375381.803562
6843    548.061136  375436.659883
6844    548.141227  375491.516204
6845    548.221317  375546.372525
6846    548.301408  375601.228846
6847    548.381499  375656.085166
6848    548.461590  375710.941487
6849    548.541681  375765.797808
6850    548.621771  375820.654129
6851    548.701862  375875.510450
6852    548.781953  375930.366771
6853    548.862044  375985.223091
6854    548.942134  376040.079412
6855    549.022225  376094.935733
6856    549.102316  376149.792054
6857    549.182407  376204.648375
6858    549.262497  376259.504696
6859    549.342588  376314.361017
6860    549.422679  376369.217337
6861    549.502770  376424.073658
6862    549.582861  376478.929979
6863    549.662951  376533.786300
6864    549.743042  376588.642621
6865    549.823133  376643.498942
6866    549.903224  376698.355262
6867    549.983314  376753.211583
6868    550.063405  376808.067904
6869    550.143496  376862.924225
6870    550.223587  376917.780546
6871    550.303678  376972.636867
6872    550.383768  377027.493188
6873    550.463859  377082.349508
6874    550.543950  377137.205829
6875    550.624041  377192.062150
6876    550.704131  377246.918471
6877    550.784222  377301.774792
6878    550.864313  377356.631113
6879    550.944404  377411.487433
6880    551.024494  377466.343754
6881    551.104585  377521.200075
6882    551.184676  377576.056396
6883    551.264767  377630.912717
6884    551.344858  377685.769038
6885    551.424948  377740.625359
6886    551.505039  377795.481679
6887    551.585130  377850.338000
6888    551.665221  377905.194321
6889    551.745311  377960.050642
6890    551.825402  378014.906963
6891    551.905493  378069.763284
6892    551.985584  378124.619605
6893    552.065674  378179.475925
6894    552.145765  378234.332246
6895    552.225856  378289.188567
6896    552.305947  378344.044888
6897    552.386038  378398.901209
6898    552.466128  378453.757530
6899    552.546219  378508.613850
6900    552.626310  378563.470171
6901    552.706401  378618.326492
6902    552.786491  378673.182813
6903    552.866582  378728.039134
6904    552.946673  378782.895455
6905    553.026764  378837.751776
6906    553.106854  378892.608096
6907    553.186945  378947.464417
6908    553.267036  379002.320738
6909    553.347127  379057.177059
6910    553.427218  379112.033380
6911    553.507308  379166.889701
6912    553.587399  379221.746021
6913    553.667490  379276.602342
6914    553.747581  379331.458663
6915    553.827671  379386.314984
6916    553.907762  379441.171305
6917    553.987853  379496.027626
6918    554.067944  379550.883947
6919    554.148034  379605.740267
6920    554.228125  379660.596588
6921    554.308216  379715.452909
6922    554.388307  379770.309230
6923    554.468398  379825.165551
6924    554.548488  379880.021872
6925    554.628579  379934.878192
6926    554.708670  379989.734513
6927    554.788761  380044.590834
6928    554.868851  380099.447155
6929    554.948942  380154.303476
6930    555.029033  380209.159797
6931    555.109124  380264.016118
6932    555.189214  380318.872438
6933    555.269305  380373.728759
6934    555.349396  380428.585080
6935    555.429487  380483.441401
6936    555.509578  380538.297722
6937    555.589668  380593.154043
6938    555.669759  380648.010364
6939    555.749850  380702.866684
6940    555.829941  380757.723005
6941    555.910031  380812.579326
6942    555.990122  380867.435647
6943    556.070213  380922.291968
6944    556.150304  380977.148289
6945    556.230394  381032.004609
6946    556.310485  381086.860930
6947    556.390576  381141.717251
6948    556.470667  381196.573572
6949    556.550758  381251.429893
6950    556.630848  381306.286214
6951    556.710939  381361.142535
6952    556.791030  381415.998855
6953    556.871121  381470.855176
6954    556.951211  381525.711497
6955    557.031302  381580.567818
6956    557.111393  381635.424139
6957    557.191484  381690.280460
6958    557.271574  381745.136780
6959    557.351665  381799.993101
6960    557.431756  381854.849422
6961    557.511847  381909.705743
6962    557.591938  381964.562064
6963    557.672028  382019.418385
6964    557.752119  382074.274706
6965    557.832210  382129.131026
6966    557.912301  382183.987347
6967    557.992391  382238.843668
6968    558.072482  382293.699989
6969    558.152573  382348.556310
6970    558.232664  382403.412631
6971    558.312754  382458.268951
6972    558.392845  382513.125272
6973    558.472936  382567.981593
6974    558.553027  382622.837914
6975    558.633118  382677.694235
6976    558.713208  382732.550556
6977    558.793299  382787.406877
6978    558.873390  382842.263197
6979    558.953481  382897.119518
6980    559.033571  382951.975839
6981    559.113662  383006.832160
6982    559.193753  383061.688481
6983    559.273844  383116.544802
6984    559.353934  383171.401123
6985    559.434025  383226.257443
6986    559.514116  383281.113764
6987    559.594207  383335.970085
6988    559.674298  383390.826406
6989    559.754388  383445.682727
6990    559.834479  383500.539048
6991    559.914570  383555.395368
6992    559.994661  383610.251689
6993    560.074751  383665.108010
6994    560.154842  383719.964331
6995    560.234933  383774.820652
6996    560.315024  383829.676973
6997    560.395114  383884.533294
6998    560.475205  383939.389614
6999    560.555296  383994.245935
7000    560.635387  384049.102256
7001    560.715478  384103.958577
7002    560.795568  384158.814898
7003    560.875659  384213.671219
7004    560.955750  384268.527539
7005    561.035841  384323.383860
7006    561.115931  384378.240181
7007    561.196022  384433.096502
7008    561.276113  384487.952823
7009    561.356204  384542.809144
7010    561.436294  384597.665465
7011    561.516385  384652.521785
7012    561.596476  384707.378106
7013    561.676567  384762.234427
7014    561.756658  384817.090748
7015    561.836748  384871.947069
7016    561.916839  384926.803390
7017    561.996930  384981.659710
7018    562.077021  385036.516031
7019    562.157111  385091.372352
7020    562.237202  385146.228673
7021    562.317293  385201.084994
7022    562.397384  385255.941315
7023    562.477474  385310.797636
7024    562.557565  385365.653956
7025    562.637656  385420.510277
7026    562.717747  385475.366598
7027    562.797838  385530.222919
7028    562.877928  385585.079240
7029    562.958019  385639.935561
7030    563.038110  385694.791882
7031    563.118201  385749.648202
7032    563.198291  385804.504523
7033    563.278382  385859.360844
7034    563.358473  385914.217165
7035    563.438564  385969.073486
7036    563.518654  386023.929807
7037    563.598745  386078.786127
7038    563.678836  386133.642448
7039    563.758927  386188.498769
7040    563.839018  386243.355090
7041    563.919108  386298.211411
7042    563.999199  386353.067732
7043    564.079290  386407.924053
7044    564.159381  386462.780373
7045    564.239471  386517.636694
7046    564.319562  386572.493015
7047    564.399653  386627.349336
7048    564.479744  386682.205657
7049    564.559834  386737.061978
7050    564.639925  386791.918298
7051    564.720016  386846.774619
7052    564.800107  386901.630940
7053    564.880198  386956.487261
7054    564.960288  387011.343582
7055    565.040379  387066.199903
7056    565.120470  387121.056224
7057    565.200561  387175.912544
7058    565.280651  387230.768865
7059    565.360742  387285.625186
7060    565.440833  387340.481507
7061    565.520924  387395.337828
7062    565.601014  387450.194149
7063    565.681105  387505.050469
7064    565.761196  387559.906790
7065    565.841287  387614.763111
7066    565.921378  387669.619432
7067    566.001468  387724.475753
7068    566.081559  387779.332074
7069    566.161650  387834.188395
7070    566.241741  387889.044715
7071    566.321831  387943.901036
7072    566.401922  387998.757357
7073    566.482013  388053.613678
7074    566.562104  388108.469999
7075    566.642194  388163.326320
7076    566.722285  388218.182641
7077    566.802376  388273.038961
7078    566.882467  388327.895282
7079    566.962558  388382.751603
7080    567.042648  388437.607924
7081    567.122739  388492.464245
7082    567.202830  388547.320566
7083    567.282921  388602.176886
7084    567.363011  388657.033207
7085    567.443102  388711.889528
7086    567.523193  388766.745849
7087    567.603284  388821.602170
7088    567.683374  388876.458491
7089    567.763465  388931.314812
7090    567.843556  388986.171132
7091    567.923647  389041.027453
7092    568.003738  389095.883774
7093    568.083828  389150.740095
7094    568.163919  389205.596416
7095    568.244010  389260.452737
7096    568.324101  389315.309057
7097    568.404191  389370.165378
7098    568.484282  389425.021699
7099    568.564373  389479.878020
7100    568.644464  389534.734341
7101    568.724554  389589.590662
7102    568.804645  389644.446983
7103    568.884736  389699.303303
7104    568.964827  389754.159624
7105    569.044918  389809.015945
7106    569.125008  389863.872266
7107    569.205099  389918.728587
7108    569.285190  389973.584908
7109    569.365281  390028.441228
7110    569.445371  390083.297549
7111    569.525462  390138.153870
7112    569.605553  390193.010191
7113    569.685644  390247.866512
7114    569.765734  390302.722833
7115    569.845825  390357.579154
7116    569.925916  390412.435474
7117    570.006007  390467.291795
7118    570.086098  390522.148116
7119    570.166188  390577.004437
7120    570.246279  390631.860758
7121    570.326370  390686.717079
7122    570.406461  390741.573400
7123    570.486551  390796.429720
7124    570.566642  390851.286041
7125    570.646733  390906.142362
7126    570.726824  390960.998683
7127    570.806915  391015.855004
7128    570.887005  391070.711325
7129    570.967096  391125.567645
7130    571.047187  391180.423966
7131    571.127278  391235.280287
7132    571.207368  391290.136608
7133    571.287459  391344.992929
7134    571.367550  391399.849250
7135    571.447641  391454.705571
7136    571.527731  391509.561891
7137    571.607822  391564.418212
7138    571.687913  391619.274533
7139    571.768004  391674.130854
7140    571.848095  391728.987175
7141    571.928185  391783.843496
7142    572.008276  391838.699816
7143    572.088367  391893.556137
7144    572.168458  391948.412458
7145    572.248548  392003.268779
7146    572.328639  392058.125100
7147    572.408730  392112.981421
7148    572.488821  392167.837742
7149    572.568911  392222.694062
7150    572.649002  392277.550383
7151    572.729093  392332.406704
7152    572.809184  392387.263025
7153    572.889275  392442.119346
7154    572.969365  392496.975667
7155    573.049456  392551.831987
7156    573.129547  392606.688308
7157    573.209638  392661.544629
7158    573.289728  392716.400950
7159    573.369819  392771.257271
7160    573.449910  392826.113592
7161    573.530001  392880.969913
7162    573.610091  392935.826233
7163    573.690182  392990.682554
7164    573.770273  393045.538875
7165    573.850364  393100.395196
7166    573.930455  393155.251517
7167    574.010545  393210.107838
7168    574.090636  393264.964159
7169    574.170727  393319.820479
7170    574.250818  393374.676800
7171    574.330908  393429.533121
7172    574.410999  393484.389442
7173    574.491090  393539.245763
7174    574.571181  393594.102084
7175    574.651271  393648.958404
7176    574.731362  393703.814725
7177    574.811453  393758.671046
7178    574.891544  393813.527367
7179    574.971635  393868.383688
7180    575.051725  393923.240009
7181    575.131816  393978.096330
7182    575.211907  394032.952650
7183    575.291998  394087.808971
7184    575.372088  394142.665292
7185    575.452179  394197.521613
7186    575.532270  394252.377934
7187    575.612361  394307.234255
7188    575.692451  394362.090575
7189    575.772542  394416.946896
7190    575.852633  394471.803217
7191    575.932724  394526.659538
7192    576.012815  394581.515859
7193    576.092905  394636.372180
7194    576.172996  394691.228501
7195    576.253087  394746.084821
7196    576.333178  394800.941142
7197    576.413268  394855.797463
7198    576.493359  394910.653784
7199    576.573450  394965.510105
7200    576.653541  395020.366426
7201    576.733631  395075.222746
7202    576.813722  395130.079067
7203    576.893813  395184.935388
7204    576.973904  395239.791709
7205    577.053995  395294.648030
7206    577.134085  395349.504351
7207    577.214176  395404.360672
7208    577.294267  395459.216992
7209    577.374358  395514.073313
7210    577.454448  395568.929634
7211    577.534539  395623.785955
7212    577.614630  395678.642276
7213    577.694721  395733.498597
7214    577.774811  395788.354918
7215    577.854902  395843.211238
7216    577.934993  395898.067559
7217    578.015084  395952.923880
7218    578.095175  396007.780201
7219    578.175265  396062.636522
7220    578.255356  396117.492843
7221    578.335447  396172.349163
7222    578.415538  396227.205484
7223    578.495628  396282.061805
7224    578.575719  396336.918126
7225    578.655810  396391.774447
7226    578.735901  396446.630768
7227    578.815991  396501.487089
7228    578.896082  396556.343409
7229    578.976173  396611.199730
7230    579.056264  396666.056051
7231    579.136355  396720.912372
7232    579.216445  396775.768693
7233    579.296536  396830.625014
7234    579.376627  396885.481334
7235    579.456718  396940.337655
7236    579.536808  396995.193976
7237    579.616899  397050.050297
7238    579.696990  397104.906618
7239    579.777081  397159.762939
7240    579.857171  397214.619260
7241    579.937262  397269.475580
7242    580.017353  397324.331901
7243    580.097444  397379.188222
7244    580.177535  397434.044543
7245    580.257625  397488.900864
7246    580.337716  397543.757185
7247    580.417807  397598.613506
7248    580.497898  397653.469826
7249    580.577988  397708.326147
7250    580.658079  397763.182468
7251    580.738170  397818.038789
7252    580.818261  397872.895110
7253    580.898351  397927.751431
7254    580.978442  397982.607751
7255    581.058533  398037.464072
7256    581.138624  398092.320393
7257    581.218715  398147.176714
7258    581.298805  398202.033035
7259    581.378896  398256.889356
7260    581.458987  398311.745677
7261    581.539078  398366.601997
7262    581.619168  398421.458318
7263    581.699259  398476.314639
7264    581.779350  398531.170960
7265    581.859441  398586.027281
7266    581.939531  398640.883602
7267    582.019622  398695.739922
7268    582.099713  398750.596243
7269    582.179804  398805.452564
7270    582.259895  398860.308885
7271    582.339985  398915.165206
7272    582.420076  398970.021527
7273    582.500167  399024.877848
7274    582.580258  399079.734168
7275    582.660348  399134.590489
7276    582.740439  399189.446810
7277    582.820530  399244.303131
7278    582.900621  399299.159452
7279    582.980711  399354.015773
7280    583.060802  399408.872093
7281    583.140893  399463.728414
7282    583.220984  399518.584735
7283    583.301075  399573.441056
7284    583.381165  399628.297377
7285    583.461256  399683.153698
7286    583.541347  399738.010019
7287    583.621438  399792.866339
7288    583.701528  399847.722660
7289    583.781619  399902.578981
7290    583.861710  399957.435302
7291    583.941801  400012.291623
7292    584.021891  400067.147944
7293    584.101982  400122.004265
7294    584.182073  400176.860585
7295    584.262164  400231.716906
7296    584.342255  400286.573227
7297    584.422345  400341.429548
7298    584.502436  400396.285869
7299    584.582527  400451.142190
7300    584.662618  400505.998510
7301    584.742708  400560.854831
7302    584.822799  400615.711152
7303    584.902890  400670.567473
7304    584.982981  400725.423794
7305    585.063071  400780.280115
7306    585.143162  400835.136436
7307    585.223253  400889.992756
7308    585.303344  400944.849077
7309    585.383435  400999.705398
7310    585.463525  401054.561719
7311    585.543616  401109.418040
7312    585.623707  401164.274361
7313    585.703798  401219.130681
7314    585.783888  401273.987002
7315    585.863979  401328.843323
7316    585.944070  401383.699644
7317    586.024161  401438.555965
7318    586.104251  401493.412286
7319    586.184342  401548.268607
7320    586.264433  401603.124927
7321    586.344524  401657.981248
7322    586.424615  401712.837569
7323    586.504705  401767.693890
7324    586.584796  401822.550211
7325    586.664887  401877.406532
7326    586.744978  401932.262852
7327    586.825068  401987.119173
7328    586.905159  402041.975494
7329    586.985250  402096.831815
7330    587.065341  402151.688136
7331    587.145431  402206.544457
7332    587.225522  402261.400778
7333    587.305613  402316.257098
7334    587.385704  402371.113419
7335    587.465795  402425.969740
7336    587.545885  402480.826061
7337    587.625976  402535.682382
7338    587.706067  402590.538703
7339    587.786158  402645.395024
7340    587.866248  402700.251344
7341    587.946339  402755.107665
7342    588.026430  402809.963986
7343    588.106521  402864.820307
7344    588.186611  402919.676628
7345    588.266702  402974.532949
7346    588.346793  403029.389269
7347    588.426884  403084.245590
7348    588.506975  403139.101911
7349    588.587065  403193.958232
7350    588.667156  403248.814553
7351    588.747247  403303.670874
7352    588.827338  403358.527195
7353    588.907428  403413.383515
7354    588.987519  403468.239836
7355    589.067610  403523.096157
7356    589.147701  403577.952478
7357    589.227791  403632.808799
7358    589.307882  403687.665120
7359    589.387973  403742.521440
7360    589.468064  403797.377761
7361    589.548155  403852.234082
7362    589.628245  403907.090403
7363    589.708336  403961.946724
7364    589.788427  404016.803045
7365    589.868518  404071.659366
7366    589.948608  404126.515686
7367    590.028699  404181.372007
7368    590.108790  404236.228328
7369    590.188881  404291.084649
7370    590.268972  404345.940970
7371    590.349062  404400.797291
7372    590.429153  404455.653611
7373    590.509244  404510.509932
7374    590.589335  404565.366253
7375    590.669425  404620.222574
7376    590.749516  404675.078895
7377    590.829607  404729.935216
7378    590.909698  404784.791537
7379    590.989788  404839.647857
7380    591.069879  404894.504178
7381    591.149970  404949.360499
7382    591.230061  405004.216820
7383    591.310152  405059.073141
7384    591.390242  405113.929462
7385    591.470333  405168.785783
7386    591.550424  405223.642103
7387    591.630515  405278.498424
7388    591.710605  405333.354745
7389    591.790696  405388.211066
7390    591.870787  405443.067387
7391    591.950878  405497.923708
7392    592.030968  405552.780028
7393    592.111059  405607.636349
7394    592.191150  405662.492670
7395    592.271241  405717.348991
7396    592.351332  405772.205312
7397    592.431422  405827.061633
7398    592.511513  405881.917954
7399    592.591604  405936.774274
7400    592.671695  405991.630595
7401    592.751785  406046.486916
7402    592.831876  406101.343237
7403    592.911967  406156.199558
7404    592.992058  406211.055879
7405    593.072148  406265.912199
7406    593.152239  406320.768520
7407    593.232330  406375.624841
7408    593.312421  406430.481162
7409    593.392512  406485.337483
7410    593.472602  406540.193804
7411    593.552693  406595.050125
7412    593.632784  406649.906445
7413    593.712875  406704.762766
7414    593.792965  406759.619087
7415    593.873056  406814.475408
7416    593.953147  406869.331729
7417    594.033238  406924.188050
7418    594.113328  406979.044370
7419    594.193419  407033.900691
7420    594.273510  407088.757012
7421    594.353601  407143.613333
7422    594.433692  407198.469654
7423    594.513782  407253.325975
7424    594.593873  407308.182296
7425    594.673964  407363.038616
7426    594.754055  407417.894937
7427    594.834145  407472.751258
7428    594.914236  407527.607579
7429    594.994327  407582.463900
7430    595.074418  407637.320221
7431    595.154508  407692.176542
7432    595.234599  407747.032862
7433    595.314690  407801.889183
7434    595.394781  407856.745504
7435    595.474872  407911.601825
7436    595.554962  407966.458146
7437    595.635053  408021.314467
7438    595.715144  408076.170787
7439    595.795235  408131.027108
7440    595.875325  408185.883429
7441    595.955416  408240.739750
7442    596.035507  408295.596071
7443    596.115598  408350.452392
7444    596.195688  408405.308713
7445    596.275779  408460.165033
7446    596.355870  408515.021354
7447    596.435961  408569.877675
7448    596.516052  408624.733996
7449    596.596142  408679.590317
7450    596.676233  408734.446638
7451    596.756324  408789.302958
7452    596.836415  408844.159279
7453    596.916505  408899.015600
7454    596.996596  408953.871921
7455    597.076687  409008.728242
7456    597.156778  409063.584563
7457    597.236868  409118.440884
7458    597.316959  409173.297204
7459    597.397050  409228.153525
7460    597.477141  409283.009846
7461    597.557232  409337.866167
7462    597.637322  409392.722488
7463    597.717413  409447.578809
7464    597.797504  409502.435129
7465    597.877595  409557.291450
7466    597.957685  409612.147771
7467    598.037776  409667.004092
7468    598.117867  409721.860413
7469    598.197958  409776.716734
7470    598.278048  409831.573055
7471    598.358139  409886.429375
7472    598.438230  409941.285696
7473    598.518321  409996.142017
7474    598.598412  410050.998338
7475    598.678502  410105.854659
7476    598.758593  410160.710980
7477    598.838684  410215.567301
7478    598.918775  410270.423621
7479    598.998865  410325.279942
7480    599.078956  410380.136263
7481    599.159047  410434.992584
7482    599.239138  410489.848905
7483    599.319228  410544.705226
7484    599.399319  410599.561546
7485    599.479410  410654.417867
7486    599.559501  410709.274188
7487    599.639592  410764.130509
7488    599.719682  410818.986830
7489    599.799773  410873.843151
7490    599.879864  410928.699472
7491    599.959955  410983.555792
7492    600.040045  411038.412113
7493    600.120136  411093.268434
7494    600.200227  411148.124755
7495    600.280318  411202.981076
7496    600.360408  411257.837397
7497    600.440499  411312.693717
7498    600.520590  411367.550038
7499    600.600681  411422.406359
7500    600.680772  411477.262680
7501    600.760862  411532.119001
7502    600.840953  411586.975322
7503    600.921044  411641.831643
7504    601.001135  411696.687963
7505    601.081225  411751.544284
7506    601.161316  411806.400605
7507    601.241407  411861.256926
7508    601.321498  411916.113247
7509    601.401588  411970.969568
7510    601.481679  412025.825888
7511    601.561770  412080.682209
7512    601.641861  412135.538530
7513    601.721952  412190.394851
7514    601.802042  412245.251172
7515    601.882133  412300.107493
7516    601.962224  412354.963814
7517    602.042315  412409.820134
7518    602.122405  412464.676455
7519    602.202496  412519.532776
7520    602.282587  412574.389097
7521    602.362678  412629.245418
7522    602.442768  412684.101739
7523    602.522859  412738.958060
7524    602.602950  412793.814380
7525    602.683041  412848.670701
7526    602.763132  412903.527022
7527    602.843222  412958.383343
7528    602.923313  413013.239664
7529    603.003404  413068.095985
7530    603.083495  413122.952305
7531    603.163585  413177.808626
7532    603.243676  413232.664947
7533    603.323767  413287.521268
7534    603.403858  413342.377589
7535    603.483948  413397.233910
7536    603.564039  413452.090231
7537    603.644130  413506.946551
7538    603.724221  413561.802872
7539    603.804312  413616.659193
7540    603.884402  413671.515514
7541    603.964493  413726.371835
7542    604.044584  413781.228156
7543    604.124675  413836.084476
7544    604.204765  413890.940797
7545    604.284856  413945.797118
7546    604.364947  414000.653439
7547    604.445038  414055.509760
7548    604.525128  414110.366081
7549    604.605219  414165.222402
7550    604.685310  414220.078722
7551    604.765401  414274.935043
7552    604.845492  414329.791364
7553    604.925582  414384.647685
7554    605.005673  414439.504006
7555    605.085764  414494.360327
7556    605.165855  414549.216647
7557    605.245945  414604.072968
7558    605.326036  414658.929289
7559    605.406127  414713.785610
7560    605.486218  414768.641931
7561    605.566308  414823.498252
7562    605.646399  414878.354573
7563    605.726490  414933.210893
7564    605.806581  414988.067214
7565    605.886672  415042.923535
7566    605.966762  415097.779856
7567    606.046853  415152.636177
7568    606.126944  415207.492498
7569    606.207035  415262.348819
7570    606.287125  415317.205139
7571    606.367216  415372.061460
7572    606.447307  415426.917781
7573    606.527398  415481.774102
7574    606.607488  415536.630423
7575    606.687579  415591.486744
7576    606.767670  415646.343064
7577    606.847761  415701.199385
7578    606.927852  415756.055706
7579    607.007942  415810.912027
7580    607.088033  415865.768348
7581    607.168124  415920.624669
7582    607.248215  415975.480990
7583    607.328305  416030.337310
7584    607.408396  416085.193631
7585    607.488487  416140.049952
7586    607.568578  416194.906273
7587    607.648668  416249.762594
7588    607.728759  416304.618915
7589    607.808850  416359.475235
7590    607.888941  416414.331556
7591    607.969032  416469.187877
7592    608.049122  416524.044198
7593    608.129213  416578.900519
7594    608.209304  416633.756840
7595    608.289395  416688.613161
7596    608.369485  416743.469481
7597    608.449576  416798.325802
7598    608.529667  416853.182123
7599    608.609758  416908.038444
7600    608.689848  416962.894765
7601    608.769939  417017.751086
7602    608.850030  417072.607406
7603    608.930121  417127.463727
7604    609.010212  417182.320048
7605    609.090302  417237.176369
7606    609.170393  417292.032690
7607    609.250484  417346.889011
7608    609.330575  417401.745332
7609    609.410665  417456.601652
7610    609.490756  417511.457973
7611    609.570847  417566.314294
7612    609.650938  417621.170615
7613    609.731028  417676.026936
7614    609.811119  417730.883257
7615    609.891210  417785.739578
7616    609.971301  417840.595898
7617    610.051392  417895.452219
7618    610.131482  417950.308540
7619    610.211573  418005.164861
7620    610.291664  418060.021182
7621    610.371755  418114.877503
7622    610.451845  418169.733823
7623    610.531936  418224.590144
7624    610.612027  418279.446465
7625    610.692118  418334.302786
7626    610.772209  418389.159107
7627    610.852299  418444.015428
7628    610.932390  418498.871749
7629    611.012481  418553.728069
7630    611.092572  418608.584390
7631    611.172662  418663.440711
7632    611.252753  418718.297032
7633    611.332844  418773.153353
7634    611.412935  418828.009674
7635    611.493025  418882.865994
7636    611.573116  418937.722315
7637    611.653207  418992.578636
7638    611.733298  419047.434957
7639    611.813389  419102.291278
7640    611.893479  419157.147599
7641    611.973570  419212.003920
7642    612.053661  419266.860240
7643    612.133752  419321.716561
7644    612.213842  419376.572882
7645    612.293933  419431.429203
7646    612.374024  419486.285524
7647    612.454115  419541.141845
7648    612.534205  419595.998165
7649    612.614296  419650.854486
7650    612.694387  419705.710807
7651    612.774478  419760.567128
7652    612.854569  419815.423449
7653    612.934659  419870.279770
7654    613.014750  419925.136091
7655    613.094841  419979.992411
7656    613.174932  420034.848732
7657    613.255022  420089.705053
7658    613.335113  420144.561374
7659    613.415204  420199.417695
7660    613.495295  420254.274016
7661    613.575385  420309.130337
7662    613.655476  420363.986657
7663    613.735567  420418.842978
7664    613.815658  420473.699299
7665    613.895749  420528.555620
7666    613.975839  420583.411941
7667    614.055930  420638.268262
7668    614.136021  420693.124582
7669    614.216112  420747.980903
7670    614.296202  420802.837224
7671    614.376293  420857.693545
7672    614.456384  420912.549866
7673    614.536475  420967.406187
7674    614.616565  421022.262508
7675    614.696656  421077.118828
7676    614.776747  421131.975149
7677    614.856838  421186.831470
7678    614.936929  421241.687791
7679    615.017019  421296.544112
7680    615.097110  421351.400433
7681    615.177201  421406.256753
7682    615.257292  421461.113074
7683    615.337382  421515.969395
7684    615.417473  421570.825716
7685    615.497564  421625.682037
7686    615.577655  421680.538358
7687    615.657745  421735.394679
7688    615.737836  421790.250999
7689    615.817927  421845.107320
7690    615.898018  421899.963641
7691    615.978109  421954.819962
7692    616.058199  422009.676283
7693    616.138290  422064.532604
7694    616.218381  422119.388925
7695    616.298472  422174.245245
7696    616.378562  422229.101566
7697    616.458653  422283.957887
7698    616.538744  422338.814208
7699    616.618835  422393.670529
7700    616.698925  422448.526850
7701    616.779016  422503.383170
7702    616.859107  422558.239491
7703    616.939198  422613.095812
7704    617.019289  422667.952133
7705    617.099379  422722.808454
7706    617.179470  422777.664775
7707    617.259561  422832.521096
7708    617.339652  422887.377416
7709    617.419742  422942.233737
7710    617.499833  422997.090058
7711    617.579924  423051.946379
7712    617.660015  423106.802700
7713    617.740105  423161.659021
7714    617.820196  423216.515341
7715    617.900287  423271.371662
7716    617.980378  423326.227983
7717    618.060469  423381.084304
7718    618.140559  423435.940625
7719    618.220650  423490.796946
7720    618.300741  423545.653267
7721    618.380832  423600.509587
7722    618.460922  423655.365908
7723    618.541013  423710.222229
7724    618.621104  423765.078550
7725    618.701195  423819.934871
7726    618.781285  423874.791192
7727    618.861376  423929.647512
7728    618.941467  423984.503833
7729    619.021558  424039.360154
7730    619.101649  424094.216475
7731    619.181739  424149.072796
7732    619.261830  424203.929117
7733    619.341921  424258.785438
7734    619.422012  424313.641758
7735    619.502102  424368.498079
7736    619.582193  424423.354400
7737    619.662284  424478.210721
7738    619.742375  424533.067042
7739    619.822465  424587.923363
7740    619.902556  424642.779684
7741    619.982647  424697.636004
7742    620.062738  424752.492325
7743    620.142829  424807.348646
7744    620.222919  424862.204967
7745    620.303010  424917.061288
7746    620.383101  424971.917609
7747    620.463192  425026.773929
7748    620.543282  425081.630250
7749    620.623373  425136.486571
7750    620.703464  425191.342892
7751    620.783555  425246.199213
7752    620.863645  425301.055534
7753    620.943736  425355.911855
7754    621.023827  425410.768175
7755    621.103918  425465.624496
7756    621.184009  425520.480817
7757    621.264099  425575.337138
7758    621.344190  425630.193459
7759    621.424281  425685.049780
7760    621.504372  425739.906100
7761    621.584462  425794.762421
7762    621.664553  425849.618742
7763    621.744644  425904.475063
7764    621.824735  425959.331384
7765    621.904825  426014.187705
7766    621.984916  426069.044026
7767    622.065007  426123.900346
7768    622.145098  426178.756667
7769    622.225189  426233.612988
7770    622.305279  426288.469309
7771    622.385370  426343.325630
7772    622.465461  426398.181951
7773    622.545552  426453.038271
7774    622.625642  426507.894592
7775    622.705733  426562.750913
7776    622.785824  426617.607234
7777    622.865915  426672.463555
7778    622.946005  426727.319876
7779    623.026096  426782.176197
7780    623.106187  426837.032517
7781    623.186278  426891.888838
7782    623.266369  426946.745159
7783    623.346459  427001.601480
7784    623.426550  427056.457801
7785    623.506641  427111.314122
7786    623.586732  427166.170443
7787    623.666822  427221.026763
7788    623.746913  427275.883084
7789    623.827004  427330.739405
7790    623.907095  427385.595726
7791    623.987185  427440.452047
7792    624.067276  427495.308368
7793    624.147367  427550.164688
7794    624.227458  427605.021009
7795    624.307549  427659.877330
7796    624.387639  427714.733651
7797    624.467730  427769.589972
7798    624.547821  427824.446293
7799    624.627912  427879.302614
7800    624.708002  427934.158934
7801    624.788093  427989.015255
7802    624.868184  428043.871576
7803    624.948275  428098.727897
7804    625.028365  428153.584218
7805    625.108456  428208.440539
7806    625.188547  428263.296859
7807    625.268638  428318.153180
7808    625.348729  428373.009501
7809    625.428819  428427.865822
7810    625.508910  428482.722143
7811    625.589001  428537.578464
7812    625.669092  428592.434785
7813    625.749182  428647.291105
7814    625.829273  428702.147426
7815    625.909364  428757.003747
7816    625.989455  428811.860068
7817    626.069545  428866.716389
7818    626.149636  428921.572710
7819    626.229727  428976.429030
7820    626.309818  429031.285351
7821    626.389909  429086.141672
7822    626.469999  429140.997993
7823    626.550090  429195.854314
7824    626.630181  429250.710635
7825    626.710272  429305.566956
7826    626.790362  429360.423276
7827    626.870453  429415.279597
7828    626.950544  429470.135918
7829    627.030635  429524.992239
7830    627.110725  429579.848560
7831    627.190816  429634.704881
7832    627.270907  429689.561202
7833    627.350998  429744.417522
7834    627.431089  429799.273843
7835    627.511179  429854.130164
7836    627.591270  429908.986485
7837    627.671361  429963.842806
7838    627.751452  430018.699127
7839    627.831542  430073.555447
7840    627.911633  430128.411768
7841    627.991724  430183.268089
7842    628.071815  430238.124410
7843    628.151905  430292.980731
7844    628.231996  430347.837052
7845    628.312087  430402.693373
7846    628.392178  430457.549693
7847    628.472269  430512.406014
7848    628.552359  430567.262335
7849    628.632450  430622.118656
7850    628.712541  430676.974977
7851    628.792632  430731.831298
7852    628.872722  430786.687618
7853    628.952813  430841.543939
7854    629.032904  430896.400260
7855    629.112995  430951.256581
7856    629.193085  431006.112902
7857    629.273176  431060.969223
7858    629.353267  431115.825544
7859    629.433358  431170.681864
7860    629.513449  431225.538185
7861    629.593539  431280.394506
7862    629.673630  431335.250827
7863    629.753721  431390.107148
7864    629.833812  431444.963469
7865    629.913902  431499.819789
7866    629.993993  431554.676110
7867    630.074084  431609.532431
7868    630.154175  431664.388752
7869    630.234266  431719.245073
7870    630.314356  431774.101394
7871    630.394447  431828.957715
7872    630.474538  431883.814035
7873    630.554629  431938.670356
7874    630.634719  431993.526677
7875    630.714810  432048.382998
7876    630.794901  432103.239319
7877    630.874992  432158.095640
7878    630.955082  432212.951961
7879    631.035173  432267.808281
7880    631.115264  432322.664602
7881    631.195355  432377.520923
7882    631.275446  432432.377244
7883    631.355536  432487.233565
7884    631.435627  432542.089886
7885    631.515718  432596.946206
7886    631.595809  432651.802527
7887    631.675899  432706.658848
7888    631.755990  432761.515169
7889    631.836081  432816.371490
7890    631.916172  432871.227811
7891    631.996262  432926.084132
7892    632.076353  432980.940452
7893    632.156444  433035.796773
7894    632.236535  433090.653094
7895    632.316626  433145.509415
7896    632.396716  433200.365736
7897    632.476807  433255.222057
7898    632.556898  433310.078377
7899    632.636989  433364.934698
7900    632.717079  433419.791019
7901    632.797170  433474.647340
7902    632.877261  433529.503661
7903    632.957352  433584.359982
7904    633.037442  433639.216303
7905    633.117533  433694.072623
7906    633.197624  433748.928944
7907    633.277715  433803.785265
7908    633.357806  433858.641586
7909    633.437896  433913.497907
7910    633.517987  433968.354228
7911    633.598078  434023.210548
7912    633.678169  434078.066869
7913    633.758259  434132.923190
7914    633.838350  434187.779511
7915    633.918441  434242.635832
7916    633.998532  434297.492153
7917    634.078622  434352.348474
7918    634.158713  434407.204794
7919    634.238804  434462.061115
7920    634.318895  434516.917436
7921    634.398986  434571.773757
7922    634.479076  434626.630078
7923    634.559167  434681.486399
7924    634.639258  434736.342720
7925    634.719349  434791.199040
7926    634.799439  434846.055361
7927    634.879530  434900.911682
7928    634.959621  434955.768003
7929    635.039712  435010.624324
7930    635.119802  435065.480645
7931    635.199893  435120.336965
7932    635.279984  435175.193286
7933    635.360075  435230.049607
7934    635.440166  435284.905928
7935    635.520256  435339.762249
7936    635.600347  435394.618570
7937    635.680438  435449.474891
7938    635.760529  435504.331211
7939    635.840619  435559.187532
7940    635.920710  435614.043853
7941    636.000801  435668.900174
7942    636.080892  435723.756495
7943    636.160982  435778.612816
7944    636.241073  435833.469136
7945    636.321164  435888.325457
7946    636.401255  435943.181778
7947    636.481346  435998.038099
7948    636.561436  436052.894420
7949    636.641527  436107.750741
7950    636.721618  436162.607062
7951    636.801709  436217.463382
7952    636.881799  436272.319703
7953    636.961890  436327.176024
7954    637.041981  436382.032345
7955    637.122072  436436.888666
7956    637.202162  436491.744987
7957    637.282253  436546.601307
7958    637.362344  436601.457628
7959    637.442435  436656.313949
7960    637.522526  436711.170270
7961    637.602616  436766.026591
7962    637.682707  436820.882912
7963    637.762798  436875.739233
7964    637.842889  436930.595553
7965    637.922979  436985.451874
7966    638.003070  437040.308195
7967    638.083161  437095.164516
7968    638.163252  437150.020837
7969    638.243342  437204.877158
7970    638.323433  437259.733479
7971    638.403524  437314.589799
7972    638.483615  437369.446120
7973    638.563706  437424.302441
7974    638.643796  437479.158762
7975    638.723887  437534.015083
7976    638.803978  437588.871404
7977    638.884069  437643.727724
7978    638.964159  437698.584045
7979    639.044250  437753.440366
7980    639.124341  437808.296687
7981    639.204432  437863.153008
7982    639.284522  437918.009329
7983    639.364613  437972.865650
7984    639.444704  438027.721970
7985    639.524795  438082.578291
7986    639.604886  438137.434612
7987    639.684976  438192.290933
7988    639.765067  438247.147254
7989    639.845158  438302.003575
7990    639.925249  438356.859895
7991    640.005339  438411.716216
7992    640.085430  438466.572537
7993    640.165521  438521.428858
7994    640.245612  438576.285179
7995    640.325702  438631.141500
7996    640.405793  438685.997821
7997    640.485884  438740.854141
7998    640.565975  438795.710462
7999    640.646066  438850.566783
8000    640.726156  438905.423104
8001    640.806247  438960.279425
8002    640.886338  439015.135746
8003    640.966429  439069.992066
8004    641.046519  439124.848387
8005    641.126610  439179.704708
8006    641.206701  439234.561029
8007    641.286792  439289.417350
8008    641.366882  439344.273671
8009    641.446973  439399.129992
8010    641.527064  439453.986312
8011    641.607155  439508.842633
8012    641.687246  439563.698954
8013    641.767336  439618.555275
8014    641.847427  439673.411596
8015    641.927518  439728.267917
8016    642.007609  439783.124238
8017    642.087699  439837.980558
8018    642.167790  439892.836879
8019    642.247881  439947.693200
8020    642.327972  440002.549521
8021    642.408062  440057.405842
8022    642.488153  440112.262163
8023    642.568244  440167.118483
8024    642.648335  440221.974804
8025    642.728426  440276.831125
8026    642.808516  440331.687446
8027    642.888607  440386.543767
8028    642.968698  440441.400088
8029    643.048789  440496.256409
8030    643.128879  440551.112729
8031    643.208970  440605.969050
8032    643.289061  440660.825371
8033    643.369152  440715.681692
8034    643.449242  440770.538013
8035    643.529333  440825.394334
8036    643.609424  440880.250654
8037    643.689515  440935.106975
8038    643.769606  440989.963296
8039    643.849696  441044.819617
8040    643.929787  441099.675938
8041    644.009878  441154.532259
8042    644.089969  441209.388580
8043    644.170059  441264.244900
8044    644.250150  441319.101221
8045    644.330241  441373.957542
8046    644.410332  441428.813863
8047    644.490422  441483.670184
8048    644.570513  441538.526505
8049    644.650604  441593.382825
8050    644.730695  441648.239146
8051    644.810786  441703.095467
8052    644.890876  441757.951788
8053    644.970967  441812.808109
8054    645.051058  441867.664430
8055    645.131149  441922.520751
8056    645.211239  441977.377071
8057    645.291330  442032.233392
8058    645.371421  442087.089713
8059    645.451512  442141.946034
8060    645.531602  442196.802355
8061    645.611693  442251.658676
8062    645.691784  442306.514997
8063    645.771875  442361.371317
8064    645.851966  442416.227638
8065    645.932056  442471.083959
8066    646.012147  442525.940280
8067    646.092238  442580.796601
8068    646.172329  442635.652922
8069    646.252419  442690.509242
8070    646.332510  442745.365563
8071    646.412601  442800.221884
8072    646.492692  442855.078205
8073    646.572782  442909.934526
8074    646.652873  442964.790847
8075    646.732964  443019.647168
8076    646.813055  443074.503488
8077    646.893146  443129.359809
8078    646.973236  443184.216130
8079    647.053327  443239.072451
8080    647.133418  443293.928772
8081    647.213509  443348.785093
8082    647.293599  443403.641413
8083    647.373690  443458.497734
8084    647.453781  443513.354055
8085    647.533872  443568.210376
8086    647.613962  443623.066697
8087    647.694053  443677.923018
8088    647.774144  443732.779339
8089    647.854235  443787.635659
8090    647.934326  443842.491980
8091    648.014416  443897.348301
8092    648.094507  443952.204622
8093    648.174598  444007.060943
8094    648.254689  444061.917264
8095    648.334779  444116.773585
8096    648.414870  444171.629905
8097    648.494961  444226.486226
8098    648.575052  444281.342547
8099    648.655142  444336.198868
8100    648.735233  444391.055189
8101    648.815324  444445.911510
8102    648.895415  444500.767830
8103    648.975506  444555.624151
8104    649.055596  444610.480472
8105    649.135687  444665.336793
8106    649.215778  444720.193114
8107    649.295869  444775.049435
8108    649.375959  444829.905756
8109    649.456050  444884.762076
8110    649.536141  444939.618397
8111    649.616232  444994.474718
8112    649.696322  445049.331039
8113    649.776413  445104.187360
8114    649.856504  445159.043681
8115    649.936595  445213.900001
8116    650.016686  445268.756322
8117    650.096776  445323.612643
8118    650.176867  445378.468964
8119    650.256958  445433.325285
8120    650.337049  445488.181606
8121    650.417139  445543.037927
8122    650.497230  445597.894247
8123    650.577321  445652.750568
8124    650.657412  445707.606889
8125    650.737503  445762.463210
8126    650.817593  445817.319531
8127    650.897684  445872.175852
8128    650.977775  445927.032172
8129    651.057866  445981.888493
8130    651.137956  446036.744814
8131    651.218047  446091.601135
8132    651.298138  446146.457456
8133    651.378229  446201.313777
8134    651.458319  446256.170098
8135    651.538410  446311.026418
8136    651.618501  446365.882739
8137    651.698592  446420.739060
8138    651.778683  446475.595381
8139    651.858773  446530.451702
8140    651.938864  446585.308023
8141    652.018955  446640.164344
8142    652.099046  446695.020664
8143    652.179136  446749.876985
8144    652.259227  446804.733306
8145    652.339318  446859.589627
8146    652.419409  446914.445948
8147    652.499499  446969.302269
8148    652.579590  447024.158589
8149    652.659681  447079.014910
8150    652.739772  447133.871231
8151    652.819863  447188.727552
8152    652.899953  447243.583873
8153    652.980044  447298.440194
8154    653.060135  447353.296515
8155    653.140226  447408.152835
8156    653.220316  447463.009156
8157    653.300407  447517.865477
8158    653.380498  447572.721798
8159    653.460589  447627.578119
8160    653.540679  447682.434440
8161    653.620770  447737.290760
8162    653.700861  447792.147081
8163    653.780952  447847.003402
8164    653.861043  447901.859723
8165    653.941133  447956.716044
8166    654.021224  448011.572365
8167    654.101315  448066.428686
8168    654.181406  448121.285006
8169    654.261496  448176.141327
8170    654.341587  448230.997648
8171    654.421678  448285.853969
8172    654.501769  448340.710290
8173    654.581859  448395.566611
8174    654.661950  448450.422931
8175    654.742041  448505.279252
8176    654.822132  448560.135573
8177    654.902223  448614.991894
8178    654.982313  448669.848215
8179    655.062404  448724.704536
8180    655.142495  448779.560857
8181    655.222586  448834.417177
8182    655.302676  448889.273498
8183    655.382767  448944.129819
8184    655.462858  448998.986140
8185    655.542949  449053.842461
8186    655.623039  449108.698782
8187    655.703130  449163.555103
8188    655.783221  449218.411423
8189    655.863312  449273.267744
8190    655.943403  449328.124065
8191    656.023493  449382.980386
8192    656.103584  449437.836707
8193    656.183675  449492.693028
8194    656.263766  449547.549348
8195    656.343856  449602.405669
8196    656.423947  449657.261990
8197    656.504038  449712.118311
8198    656.584129  449766.974632
8199    656.664219  449821.830953
8200    656.744310  449876.687274
8201    656.824401  449931.543594
8202    656.904492  449986.399915
8203    656.984583  450041.256236
8204    657.064673  450096.112557
8205    657.144764  450150.968878
8206    657.224855  450205.825199
8207    657.304946  450260.681519
8208    657.385036  450315.537840
8209    657.465127  450370.394161
8210    657.545218  450425.250482
8211    657.625309  450480.106803
8212    657.705399  450534.963124
8213    657.785490  450589.819444
8214    657.865581  450644.675765
8215    657.945672  450699.532086
8216    658.025763  450754.388407
8217    658.105853  450809.244728
8218    658.185944  450864.101048
8219    658.266035  450918.957369
8220    658.346126  450973.813690
8221    658.426216  451028.670010
8222    658.506307  451083.526331
8223    658.586398  451138.382652
8224    658.666489  451193.238972
8225    658.746579  451248.095293
8226    658.826670  451302.951613
8227    658.906761  451357.807934
8228    658.986852  451412.664254
8229    659.066943  451467.520574
8230    659.147033  451522.376894
8231    659.227124  451577.233214
8232    659.307215  451632.089534
8233    659.387306  451686.945854
8234    659.467396  451741.802173
8235    659.547487  451796.658492
8236    659.627578  451851.514811
8237    659.707669  451906.371129
8238    659.787759  451961.227446
8239    659.867850  452016.083763
8240    659.947941  452070.940079
8241    660.028032  452125.796394
8242    660.108123  452180.652708
8243    660.188213  452235.509020
8244    660.268304  452290.365331
8245    660.348395  452345.221639
8246    660.428486  452400.077945
8247    660.508576  452454.934248
8248    660.588667  452509.790547
8249    660.668758  452564.646841
8250    660.748849  452619.503131
8251    660.828939  452674.359413
8252    660.909030  452729.215688
8253    660.989121  452784.071953
8254    661.069212  452838.928208
8255    661.149303  452893.784448
8256    661.229393  452948.640673
8257    661.309484  453003.496879
8258    661.389575  453058.353062
8259    661.469666  453113.209218
8260    661.549756  453168.065342
8261    661.629847  453222.921426
8262    661.709938  453277.777465
8263    661.790029  453332.633447
8264    661.870119  453387.489363
8265    661.950210  453442.345198
8266    662.030301  453497.200937
8267    662.110392  453552.056559
8268    662.190483  453606.912041
8269    662.270573  453661.767354
8270    662.350664  453716.622461
8271    662.430755  453771.477320
8272    662.510846  453826.331878
8273    662.590936  453881.186072
8274    662.671027  453936.039822
8275    662.751118  453990.893036
8276    662.831209  454045.745599
8277    662.911299  454100.597374
8278    662.991390  454155.448193
8279    663.071481  454210.297858
8280    663.151572  454265.146130
8281    663.231663  454319.992721
8282    663.311753  454374.837292
8283    663.391844  454429.679436
8284    663.471935  454484.518677
8285    663.552026  454539.354448
8286    663.632116  454594.186086
8287    663.712207  454649.012815
8288    663.792298  454703.833729
8289    663.872389  454758.647776
8290    663.952479  454813.453739
8291    664.032570  454868.250216
8292    664.112661  454923.035595
8293    664.192752  454977.808034
8294    664.272843  455032.565435
8295    664.352933  455087.305415
8296    664.433024  455142.025282
8297    664.513115  455196.722001
8298    664.593206  455251.392171
8299    664.673296  455306.031986
8300    664.753387  455360.637212
8301    664.833478  455415.203148
8302    664.913569  455469.724602
8303    664.993659  455524.195854
8304    665.073750  455578.610629
8305    665.153841  455632.962069
8306    665.233932  455687.242706
8307    665.314023  455741.444437
8308    665.394113  455795.558505
8309    665.474204  455849.575481
8310    665.554295  455903.485253
8311    665.634386  455957.277016
8312    665.714476  456010.939273
8313    665.794567  456064.459843
8314    665.874658  456117.825869
8315    665.954749  456171.023844
8316    666.034839  456224.039635
8317    666.114930  456276.858531
8318    666.195021  456329.465283
8319    666.275112  456381.844169
8320    666.355203  456433.979058
8321    666.435293  456485.853491
8322    666.515384  456537.450766
8323    666.595475  456588.754034
8324    666.675566  456639.746403
8325    666.755656  456690.411043
8326    666.835747  456740.731305
8327    666.915838  456790.690835
8328    666.995929  456840.273690
8329    667.076019  456889.464454
8330    667.156110  456938.248357
8331    667.236201  456986.611378
8332    667.316292  457034.540347
8333    667.396383  457082.023038
8334    667.476473  457129.048252
8335    667.556564  457175.605885
8336    667.636655  457221.686984
8337    667.716746  457267.283792
8338    667.796836  457312.389775
8339    667.876927  457356.999638
8340    667.957018  457401.109325
8341    668.037109  457444.716008
8342    668.117199  457487.818059
8343    668.197290  457530.415021
8344    668.277381  457572.507557
8345    668.357472  457614.097397
8346    668.437563  457655.187280
8347    668.517653  457695.780886
8348    668.597744  457735.882768
8349    668.677835  457775.498276
8350    668.757926  457814.633486
8351    668.838016  457853.295126
8352    668.918107  457891.490498
8353    668.998198  457929.227415
8354    669.078289  457966.514122
8355    669.158379  458003.359238
8356    669.238470  458039.771690
8357    669.318561  458075.760651
8358    669.398652  458111.335493
8359    669.478743  458146.505729
8360    669.558833  458181.280969
8361    669.638924  458215.670879
8362    669.719015  458249.685143
8363    669.799106  458283.333424
8364    669.879196  458316.625340
8365    669.959287  458349.570432
8366    670.039378  458382.178144
8367    670.119469  458414.457799
8368    670.199560  458446.418584
8369    670.279650  458478.069534
8370    670.359741  458509.419518
8371    670.439832  458540.477233
8372    670.519923  458571.251189
8373    670.600013  458601.749708
8374    670.680104  458631.980919
8375    670.760195  458661.952748
8376    670.840286  458691.672924
8377    670.920376  458721.148971
8378    671.000467  458750.388214
8379    671.080558  458779.397773
8380    671.160649  458808.184569
8381    671.240740  458836.755326
8382    671.320830  458865.116569
8383    671.400921  458893.274632
8384    671.481012  458921.235660
8385    671.561103  458949.005611
8386    671.641193  458976.590259
8387    671.721284  459003.995204
8388    671.801375  459031.225868
8389    671.881466  459058.287507
8390    671.961556  459085.185210
8391    672.041647  459111.923904
8392    672.121738  459138.508364
8393    672.201829  459164.943209
8394    672.281920  459191.232913
8395    672.362010  459217.381808
8396    672.442101  459243.394085
8397    672.522192  459269.273802
8398    672.602283  459295.024889
8399    672.682373  459320.651147
8400    672.762464  459346.156258
8401    672.842555  459371.543784
8402    672.922646  459396.817175
8403    673.002736  459421.979770
8404    673.082827  459447.034801
8405    673.162918  459471.985398
8406    673.243009  459496.834590
8407    673.323100  459521.585313
8408    673.403190  459546.240407
8409    673.483281  459570.802623
8410    673.563372  459595.274626
8411    673.643463  459619.658996
8412    673.723553  459643.958235
8413    673.803644  459668.174763
8414    673.883735  459692.310926
8415    673.963826  459716.368998
8416    674.043916  459740.351181
8417    674.124007  459764.259610
8418    674.204098  459788.096354
8419    674.284189  459811.863418
8420    674.364280  459835.562745
8421    674.444370  459859.196220
8422    674.524461  459882.765670
8423    674.604552  459906.272866
8424    674.684643  459929.719526
8425    674.764733  459953.107316
8426    674.844824  459976.437851
8427    674.924915  459999.712700
8428    675.005006  460022.933382
8429    675.085096  460046.101373
8430    675.165187  460069.218104
8431    675.245278  460092.284965
8432    675.325369  460115.303303
8433    675.405460  460138.274427
8434    675.485550  460161.199606
8435    675.565641  460184.080074
8436    675.645732  460206.917027
8437    675.725823  460229.711626
8438    675.805913  460252.465001
8439    675.886004  460275.178248
8440    675.966095  460297.852429
8441    676.046186  460320.488579
8442    676.126276  460343.087701
8443    676.206367  460365.650771
8444    676.286458  460388.178735
8445    676.366549  460410.672515
8446    676.446640  460433.133005
8447    676.526730  460455.561073
8448    676.606821  460477.957564
8449    676.686912  460500.323299
8450    676.767003  460522.659075
8451    676.847093  460544.965668
8452    676.927184  460567.243832
8453    677.007275  460589.494298
8454    677.087366  460611.717781
8455    677.167456  460633.914971
8456    677.247547  460656.086542
8457    677.327638  460678.233150
8458    677.407729  460700.355431
8459    677.487820  460722.454004
8460    677.567910  460744.529472
8461    677.648001  460766.582419
8462    677.728092  460788.613417
8463    677.808183  460810.623020
8464    677.888273  460832.611766
8465    677.968364  460854.580180
8466    678.048455  460876.528772
8467    678.128546  460898.458039
8468    678.208636  460920.368465
8469    678.288727  460942.260518
8470    678.368818  460964.134657
8471    678.448909  460985.991327
8472    678.529000  461007.830961
8473    678.609090  461029.653981
8474    678.689181  461051.460797
8475    678.769272  461073.251808
8476    678.849363  461095.027404
8477    678.929453  461116.787962
8478    679.009544  461138.533851
8479    679.089635  461160.265431
8480    679.169726  461181.983049
8481    679.249816  461203.687046
8482    679.329907  461225.377753
8483    679.409998  461247.055492
8484    679.490089  461268.720577
8485    679.570180  461290.373313
8486    679.650270  461312.013998
8487    679.730361  461333.642921
8488    679.810452  461355.260365
8489    679.890543  461376.866604
8490    679.970633  461398.461906
8491    680.050724  461420.046532
8492    680.130815  461441.620734
8493    680.210906  461463.184761
8494    680.290996  461484.738853
8495    680.371087  461506.283244
8496    680.451178  461527.818163
8497    680.531269  461549.343833
8498    680.611360  461570.860469
8499    680.691450  461592.368284
8500    680.771541  461613.867483
8501    680.851632  461635.358266
8502    680.931723  461656.840828
8503    681.011813  461678.315360
8504    681.091904  461699.782046
8505    681.171995  461721.241068
8506    681.252086  461742.692600
8507    681.332176  461764.136816
8508    681.412267  461785.573880
8509    681.492358  461807.003956
8510    681.572449  461828.427203
8511    681.652540  461849.843775
8512    681.732630  461871.253822
8513    681.812721  461892.657491
8514    681.892812  461914.054924
8515    681.972903  461935.446262
8516    682.052993  461956.831640
8517    682.133084  461978.211189
8518    682.213175  461999.585040
8519    682.293266  462020.953316
8520    682.373356  462042.316142
8521    682.453447  462063.673636
8522    682.533538  462085.025914
8523    682.613629  462106.373089
8524    682.693720  462127.715273
8525    682.773810  462149.052572
8526    682.853901  462170.385091
8527    682.933992  462191.712934
8528    683.014083  462213.036198
8529    683.094173  462234.354983
8530    683.174264  462255.669381
8531    683.254355  462276.979486
8532    683.334446  462298.285387
8533    683.414536  462319.587172
8534    683.494627  462340.884926
8535    683.574718  462362.178734
8536    683.654809  462383.468675
8537    683.734900  462404.754830
8538    683.814990  462426.037274
8539    683.895081  462447.316084
8540    683.975172  462468.591333
8541    684.055263  462489.863093
8542    684.135353  462511.131432
8543    684.215444  462532.396419
8544    684.295535  462553.658120
8545    684.375626  462574.916600
8546    684.455716  462596.171922
8547    684.535807  462617.424147
8548    684.615898  462638.673334
8549    684.695989  462659.919543
8550    684.776080  462681.162829
8551    684.856170  462702.403249
8552    684.936261  462723.640856
8553    685.016352  462744.875704
8554    685.096443  462766.107843
8555    685.176533  462787.337324
8556    685.256624  462808.564195
8557    685.336715  462829.788505
8558    685.416806  462851.010299
8559    685.496896  462872.229622
8560    685.576987  462893.446520
8561    685.657078  462914.661034
8562    685.737169  462935.873208
8563    685.817260  462957.083081
8564    685.897350  462978.290694
8565    685.977441  462999.496086
8566    686.057532  463020.699295
8567    686.137623  463041.900357
8568    686.217713  463063.099308
8569    686.297804  463084.296185
8570    686.377895  463105.491020
8571    686.457986  463126.683848
8572    686.538076  463147.874702
8573    686.618167  463169.063612
8574    686.698258  463190.250610
8575    686.778349  463211.435727
8576    686.858440  463232.618991
8577    686.938530  463253.800432
8578    687.018621  463274.980077
8579    687.098712  463296.157954
8580    687.178803  463317.334090
8581    687.258893  463338.508511
8582    687.338984  463359.681241
8583    687.419075  463380.852306
8584    687.499166  463402.021730
8585    687.579256  463423.189536
8586    687.659347  463444.355748
8587    687.739438  463465.520387
8588    687.819529  463486.683475
8589    687.899620  463507.845035
8590    687.979710  463529.005086
8591    688.059801  463550.163649
8592    688.139892  463571.320743
8593    688.219983  463592.476389
8594    688.300073  463613.630604
8595    688.380164  463634.783407
8596    688.460255  463655.934815
8597    688.540346  463677.084848
8598    688.620436  463698.233520
8599    688.700527  463719.380849
8600    688.780618  463740.526852
8601    688.860709  463761.671543
8602    688.940800  463782.814938
8603    689.020890  463803.957053
8604    689.100981  463825.097901
8605    689.181072  463846.237498
8606    689.261163  463867.375857
8607    689.341253  463888.512992
8608    689.421344  463909.648915
8609    689.501435  463930.783641
8610    689.581526  463951.917181
8611    689.661616  463973.049548
8612    689.741707  463994.180754
8613    689.821798  464015.310811
8614    689.901889  464036.439730
8615    689.981980  464057.567522
8616    690.062070  464078.694198
8617    690.142161  464099.819769
8618    690.222252  464120.944244
8619    690.302343  464142.067636
8620    690.382433  464163.189952
8621    690.462524  464184.311202
8622    690.542615  464205.431397
8623    690.622706  464226.550546
8624    690.702797  464247.668656
8625    690.782887  464268.785737
8626    690.862978  464289.901798
8627    690.943069  464311.016846
8628    691.023160  464332.130890
8629    691.103250  464353.243938
8630    691.183341  464374.355998
8631    691.263432  464395.467076
8632    691.343523  464416.577181
8633    691.423613  464437.686319
8634    691.503704  464458.794498
8635    691.583795  464479.901724
8636    691.663886  464501.008004
8637    691.743977  464522.113345
8638    691.824067  464543.217752
8639    691.904158  464564.321233
8640    691.984249  464585.423793
8641    692.064340  464606.525437
8642    692.144430  464627.626173
8643    692.224521  464648.726005
8644    692.304612  464669.824939
8645    692.384703  464690.922980
8646    692.464793  464712.020134
8647    692.544884  464733.116406
8648    692.624975  464754.211800
8649    692.705066  464775.306321
8650    692.785157  464796.399975
8651    692.865247  464817.492766
8652    692.945338  464838.584698
8653    693.025429  464859.675776
8654    693.105520  464880.766004
8655    693.185610  464901.855387
8656    693.265701  464922.943928
8657    693.345792  464944.031632
8658    693.425883  464965.118503
8659    693.505973  464986.204543
8660    693.586064  465007.289758
8661    693.666155  465028.374151
8662    693.746246  465049.457724
8663    693.826337  465070.540483
8664    693.906427  465091.622430
8665    693.986518  465112.703569
8666    694.066609  465133.783902
8667    694.146700  465154.863434
8668    694.226790  465175.942166
8669    694.306881  465197.020103
8670    694.386972  465218.097247
8671    694.467063  465239.173601
8672    694.547153  465260.249167
8673    694.627244  465281.323950
8674    694.707335  465302.397951
8675    694.787426  465323.471172
8676    694.867517  465344.543618
8677    694.947607  465365.615289
8678    695.027698  465386.686189
8679    695.107789  465407.756320
8680    695.187880  465428.825685
8681    695.267970  465449.894285
8682    695.348061  465470.962123
8683    695.428152  465492.029201
8684    695.508243  465513.095521
8685    695.588333  465534.161086
8686    695.668424  465555.225897
8687    695.748515  465576.289957
8688    695.828606  465597.353267
8689    695.908697  465618.415830
8690    695.988787  465639.477646
8691    696.068878  465660.538719
8692    696.148969  465681.599050
8693    696.229060  465702.658640
8694    696.309150  465723.717492
8695    696.389241  465744.775607
8696    696.469332  465765.832987
8697    696.549423  465786.889633
8698    696.629513  465807.945547
8699    696.709604  465829.000730
8700    696.789695  465850.055185
8701    696.869786  465871.108912
8702    696.949877  465892.161913
8703    697.029967  465913.214189
8704    697.110058  465934.265742
8705    697.190149  465955.316574
8706    697.270240  465976.366684
8707    697.350330  465997.416076
8708    697.430421  466018.464750
8709    697.510512  466039.512707
8710    697.590603  466060.559948
8711    697.670693  466081.606475
8712    697.750784  466102.652290
8713    697.830875  466123.697392
8714    697.910966  466144.741784
8715    697.991057  466165.785466
8716    698.071147  466186.828439
8717    698.151238  466207.870705
8718    698.231329  466228.912265
8719    698.311420  466249.953119
8720    698.391510  466270.993269
8721    698.471601  466292.032715
8722    698.551692  466313.071459
8723    698.631783  466334.109502
8724    698.711873  466355.146844
8725    698.791964  466376.183486
8726    698.872055  466397.219430
8727    698.952146  466418.254675
8728    699.032237  466439.289224
8729    699.112327  466460.323077
8730    699.192418  466481.356234
8731    699.272509  466502.388697
8732    699.352600  466523.420466
8733    699.432690  466544.451543
8734    699.512781  466565.481927
8735    699.592872  466586.511620
8736    699.672963  466607.540622
8737    699.753053  466628.568935
8738    699.833144  466649.596558
8739    699.913235  466670.623493
8740    699.993326  466691.649740
8741    700.073417  466712.675300
8742    700.153507  466733.700174
8743    700.233598  466754.724362
8744    700.313689  466775.747865
8745    700.393780  466796.770684
8746    700.473870  466817.792819
8747    700.553961  466838.814271
8748    700.634052  466859.835040
8749    700.714143  466880.855128
8750    700.794233  466901.874534
8751    700.874324  466922.893259
8752    700.954415  466943.911304
8753    701.034506  466964.928670
8754    701.114597  466985.945356
8755    701.194687  467006.961364
8756    701.274778  467027.976695
8757    701.354869  467048.991347
8758    701.434960  467070.005323
8759    701.515050  467091.018622
8760    701.595141  467112.031246
8761    701.675232  467133.043194
8762    701.755323  467154.054468
8763    701.835413  467175.065067
8764    701.915504  467196.074992
8765    701.995595  467217.084243
8766    702.075686  467238.092822
8767    702.155777  467259.100728
8768    702.235867  467280.107963
8769    702.315958  467301.114525
8770    702.396049  467322.120417
8771    702.476140  467343.125638
8772    702.556230  467364.130189
8773    702.636321  467385.134070
8774    702.716412  467406.137281
8775    702.796503  467427.139824
8776    702.876593  467448.141698
8777    702.956684  467469.142904
8778    703.036775  467490.143442
8779    703.116866  467511.143313
8780    703.196957  467532.142516
8781    703.277047  467553.141054
8782    703.357138  467574.138925
8783    703.437229  467595.136130
8784    703.517320  467616.132670
8785    703.597410  467637.128545
8786    703.677501  467658.123756
8787    703.757592  467679.118302
8788    703.837683  467700.112184
8789    703.917773  467721.105403
8790    703.997864  467742.097958
8791    704.077955  467763.089851
8792    704.158046  467784.081081
8793    704.238137  467805.071649
8794    704.318227  467826.061555
8795    704.398318  467847.050800
8796    704.478409  467868.039383
8797    704.558500  467889.027306
8798    704.638590  467910.014568
8799    704.718681  467931.001171
8800    704.798772  467951.987113
8801    704.878863  467972.972396
8802    704.958953  467993.957020
8803    705.039044  468014.940985
8804    705.119135  468035.924291
8805    705.199226  468056.906939
8806    705.279317  468077.888930
8807    705.359407  468098.870262
8808    705.439498  468119.850938
8809    705.519589  468140.830956
8810    705.599680  468161.810318
8811    705.679770  468182.789023
8812    705.759861  468203.767072
8813    705.839952  468224.744466
8814    705.920043  468245.721204
8815    706.000133  468266.697287
8816    706.080224  468287.672714
8817    706.160315  468308.647488
8818    706.240406  468329.621607
8819    706.320497  468350.595071
8820    706.400587  468371.567882
8821    706.480678  468392.540040
8822    706.560769  468413.511544
8823    706.640860  468434.482396
8824    706.720950  468455.452594
8825    706.801041  468476.422141
8826    706.881132  468497.391035
8827    706.961223  468518.359277
8828    707.041313  468539.326868
8829    707.121404  468560.293807
8830    707.201495  468581.260096
8831    707.281586  468602.225733
8832    707.361677  468623.190720
8833    707.441767  468644.155057
8834    707.521858  468665.118744
8835    707.601949  468686.081781
8836    707.682040  468707.044169
8837    707.762130  468728.005907
8838    707.842221  468748.966997
8839    707.922312  468769.927437
8840    708.002403  468790.887230
8841    708.082493  468811.846374
8842    708.162584  468832.804870
8843    708.242675  468853.762718
8844    708.322766  468874.719919
8845    708.402857  468895.676473
8846    708.482947  468916.632380
8847    708.563038  468937.587640
8848    708.643129  468958.542254
8849    708.723220  468979.496222
8850    708.803310  469000.449543
8851    708.883401  469021.402219
8852    708.963492  469042.354249
8853    709.043583  469063.305635
8854    709.123673  469084.256375
8855    709.203764  469105.206470
8856    709.283855  469126.155921
8857    709.363946  469147.104728
8858    709.444037  469168.052890
8859    709.524127  469189.000409
8860    709.604218  469209.947284
8861    709.684309  469230.893516
8862    709.764400  469251.839105
8863    709.844490  469272.784051
8864    709.924581  469293.728355
8865    710.004672  469314.672016
8866    710.084763  469335.615034
8867    710.164854  469356.557411
8868    710.244944  469377.499147
8869    710.325035  469398.440240
8870    710.405126  469419.380693
8871    710.485217  469440.320505
8872    710.565307  469461.259675
8873    710.645398  469482.198206
8874    710.725489  469503.136096
8875    710.805580  469524.073346
8876    710.885670  469545.009956
8877    710.965761  469565.945926
8878    711.045852  469586.881257
8879    711.125943  469607.815949
8880    711.206034  469628.750002
8881    711.286124  469649.683416
8882    711.366215  469670.616191
8883    711.446306  469691.548329
8884    711.526397  469712.479828
8885    711.606487  469733.410689
8886    711.686578  469754.340913
8887    711.766669  469775.270500
8888    711.846760  469796.199449
8889    711.926850  469817.127761
8890    712.006941  469838.055437
8891    712.087032  469858.982476
8892    712.167123  469879.908879
8893    712.247214  469900.834646
8894    712.327304  469921.759777
8895    712.407395  469942.684272
8896    712.487486  469963.608132
8897    712.567577  469984.531356
8898    712.647667  470005.453946
8899    712.727758  470026.375901
8900    712.807849  470047.297221
8901    712.887940  470068.217908
8902    712.968030  470089.137960
8903    713.048121  470110.057378
8904    713.128212  470130.976162
8905    713.208303  470151.894313
8906    713.288394  470172.811831
8907    713.368484  470193.728715
8908    713.448575  470214.644967
8909    713.528666  470235.560587
8910    713.608757  470256.475573
8911    713.688847  470277.389928
8912    713.768938  470298.303651
8913    713.849029  470319.216742
8914    713.929120  470340.129201
8915    714.009210  470361.041029
8916    714.089301  470381.952226
8917    714.169392  470402.862793
8918    714.249483  470423.772728
8919    714.329574  470444.682033
8920    714.409664  470465.590708
8921    714.489755  470486.498752
8922    714.569846  470507.406167
8923    714.649937  470528.312952
8924    714.730027  470549.219108
8925    714.810118  470570.124634
8926    714.890209  470591.029532
8927    714.970300  470611.933801
8928    715.050390  470632.837441
8929    715.130481  470653.740453
8930    715.210572  470674.642836
8931    715.290663  470695.544592
8932    715.370754  470716.445720
8933    715.450844  470737.346220
8934    715.530935  470758.246093
8935    715.611026  470779.145339
8936    715.691117  470800.043958
8937    715.771207  470820.941950
8938    715.851298  470841.839316
8939    715.931389  470862.736055
8940    716.011480  470883.632169
8941    716.091570  470904.527656
8942    716.171661  470925.422518
8943    716.251752  470946.316754
8944    716.331843  470967.210365
8945    716.411934  470988.103351
8946    716.492024  471008.995712
8947    716.572115  471029.887449
8948    716.652206  471050.778561
8949    716.732297  471071.669049
8950    716.812387  471092.558912
8951    716.892478  471113.448152
8952    716.972569  471134.336769
8953    717.052660  471155.224761
8954    717.132750  471176.112131
8955    717.212841  471196.998878
8956    717.292932  471217.885001
8957    717.373023  471238.770503
8958    717.453114  471259.655381
8959    717.533204  471280.539638
8960    717.613295  471301.423273
8961    717.693386  471322.306285
8962    717.773477  471343.188677
8963    717.853567  471364.070446
8964    717.933658  471384.951595
8965    718.013749  471405.832123
8966    718.093840  471426.712029
8967    718.173930  471447.591316
8968    718.254021  471468.469981
8969    718.334112  471489.348027
8970    718.414203  471510.225453
8971    718.494294  471531.102259
8972    718.574384  471551.978445
8973    718.654475  471572.854012
8974    718.734566  471593.728960
8975    718.814657  471614.603288
8976    718.894747  471635.476998
8977    718.974838  471656.350090
8978    719.054929  471677.222563
8979    719.135020  471698.094418
8980    719.215110  471718.965655
8981    719.295201  471739.836274
8982    719.375292  471760.706275
8983    719.455383  471781.575659
8984    719.535474  471802.444426
8985    719.615564  471823.312576
8986    719.695655  471844.180110
8987    719.775746  471865.047026
8988    719.855837  471885.913326
8989    719.935927  471906.779011
8990    720.016018  471927.644079
8991    720.096109  471948.508531
8992    720.176200  471969.372367
8993    720.256290  471990.235589
8994    720.336381  472011.098195
8995    720.416472  472031.960186
8996    720.496563  472052.821562
8997    720.576654  472073.682324
8998    720.656744  472094.542471
8999    720.736835  472115.402004
9000    720.816926  472136.260923
9001    720.897017  472157.119228
9002    720.977107  472177.976920
9003    721.057198  472198.833998
9004    721.137289  472219.690463
9005    721.217380  472240.546315
9006    721.297470  472261.401554
9007    721.377561  472282.256180
9008    721.457652  472303.110194
9009    721.537743  472323.963596
9010    721.617834  472344.816386
9011    721.697924  472365.668564
9012    721.778015  472386.520130
9013    721.858106  472407.371084
9014    721.938197  472428.221428
9015    722.018287  472449.071160
9016    722.098378  472469.920282
9017    722.178469  472490.768792
9018    722.258560  472511.616693
9019    722.338650  472532.463983
9020    722.418741  472553.310662
9021    722.498832  472574.156732
9022    722.578923  472595.002193
9023    722.659014  472615.847043
9024    722.739104  472636.691285
9025    722.819195  472657.534917
9026    722.899286  472678.377940
9027    722.979377  472699.220355
9028    723.059467  472720.062161
9029    723.139558  472740.903358
9030    723.219649  472761.743948
9031    723.299740  472782.583929
9032    723.379830  472803.423303
9033    723.459921  472824.262069
9034    723.540012  472845.100228
9035    723.620103  472865.937779
9036    723.700194  472886.774723
9037    723.780284  472907.611061
9038    723.860375  472928.446792
9039    723.940466  472949.281917
9040    724.020557  472970.116435
9041    724.100647  472990.950347
9042    724.180738  473011.783654
9043    724.260829  473032.616354
9044    724.340920  473053.448450
9045    724.421010  473074.279939
9046    724.501101  473095.110824
9047    724.581192  473115.941104
9048    724.661283  473136.770779
9049    724.741374  473157.599850
9050    724.821464  473178.428316
9051    724.901555  473199.256179
9052    724.981646  473220.083437
9053    725.061737  473240.910091
9054    725.141827  473261.736142
9055    725.221918  473282.561590
9056    725.302009  473303.386434
9057    725.382100  473324.210675
9058    725.462190  473345.034314
9059    725.542281  473365.857350
9060    725.622372  473386.679783
9061    725.702463  473407.501614
9062    725.782554  473428.322843
9063    725.862644  473449.143471
9064    725.942735  473469.963496
9065    726.022826  473490.782920
9066    726.102917  473511.601743
9067    726.183007  473532.419965
9068    726.263098  473553.237585
9069    726.343189  473574.054605
9070    726.423280  473594.871025
9071    726.503370  473615.686844
9072    726.583461  473636.502063
9073    726.663552  473657.316682
9074    726.743643  473678.130701
9075    726.823734  473698.944120
9076    726.903824  473719.756940
9077    726.983915  473740.569161
9078    727.064006  473761.380783
9079    727.144097  473782.191806
9080    727.224187  473803.002230
9081    727.304278  473823.812056
9082    727.384369  473844.621283
9083    727.464460  473865.429912
9084    727.544550  473886.237944
9085    727.624641  473907.045377
9086    727.704732  473927.852213
9087    727.784823  473948.658452
9088    727.864914  473969.464094
9089    727.945004  473990.269138
9090    728.025095  474011.073586
9091    728.105186  474031.877437
9092    728.185277  474052.680692
9093    728.265367  474073.483350
9094    728.345458  474094.285412
9095    728.425549  474115.086879
9096    728.505640  474135.887750
9097    728.585730  474156.688025
9098    728.665821  474177.487705
9099    728.745912  474198.286790
9100    728.826003  474219.085279
9101    728.906094  474239.883174
9102    728.986184  474260.680475
9103    729.066275  474281.477181
9104    729.146366  474302.273293
9105    729.226457  474323.068811
9106    729.306547  474343.863734
9107    729.386638  474364.658065
9108    729.466729  474385.451801
9109    729.546820  474406.244945
9110    729.626910  474427.037495
9111    729.707001  474447.829453
9112    729.787092  474468.620817
9113    729.867183  474489.411590
9114    729.947274  474510.201769
9115    730.027364  474530.991357
9116    730.107455  474551.780352
9117    730.187546  474572.568756
9118    730.267637  474593.356568
9119    730.347727  474614.143789
9120    730.427818  474634.930418
9121    730.507909  474655.716456
9122    730.588000  474676.501903
9123    730.668091  474697.286760
9124    730.748181  474718.071026
9125    730.828272  474738.854702
9126    730.908363  474759.637787
9127    730.988454  474780.420282
9128    731.068544  474801.202188
9129    731.148635  474821.983504
9130    731.228726  474842.764230
9131    731.308817  474863.544368
9132    731.388907  474884.323916
9133    731.468998  474905.102875
9134    731.549089  474925.881245
9135    731.629180  474946.659027
9136    731.709271  474967.436221
9137    731.789361  474988.212826
9138    731.869452  475008.988843
9139    731.949543  475029.764273
9140    732.029634  475050.539114
9141    732.109724  475071.313369
9142    732.189815  475092.087036
9143    732.269906  475112.860116
9144    732.349997  475133.632609
9145    732.430087  475154.404515
9146    732.510178  475175.175834
9147    732.590269  475195.946568
9148    732.670360  475216.716715
9149    732.750451  475237.486276
9150    732.830541  475258.255251
9151    732.910632  475279.023640
9152    732.990723  475299.791444
9153    733.070814  475320.558663
9154    733.150904  475341.325296
9155    733.230995  475362.091345
9156    733.311086  475382.856809
9157    733.391177  475403.621688
9158    733.471267  475424.385983
9159    733.551358  475445.149693
9160    733.631449  475465.912820
9161    733.711540  475486.675362
9162    733.791631  475507.437321
9163    733.871721  475528.198697
9164    733.951812  475548.959488
9165    734.031903  475569.719697
9166    734.111994  475590.479323
9167    734.192084  475611.238366
9168    734.272175  475631.996826
9169    734.352266  475652.754704
9170    734.432357  475673.512000
9171    734.512447  475694.268713
9172    734.592538  475715.024845
9173    734.672629  475735.780395
9174    734.752720  475756.535363
9175    734.832811  475777.289750
9176    734.912901  475798.043555
9177    734.992992  475818.796780
9178    735.073083  475839.549424
9179    735.153174  475860.301486
9180    735.233264  475881.052969
9181    735.313355  475901.803871
9182    735.393446  475922.554193
9183    735.473537  475943.303935
9184    735.553627  475964.053097
9185    735.633718  475984.801680
9186    735.713809  476005.549683
9187    735.793900  476026.297106
9188    735.873991  476047.043951
9189    735.954081  476067.790217
9190    736.034172  476088.535904
9191    736.114263  476109.281012
9192    736.194354  476130.025542
9193    736.274444  476150.769494
9194    736.354535  476171.512867
9195    736.434626  476192.255663
9196    736.514717  476212.997881
9197    736.594807  476233.739522
9198    736.674898  476254.480585
9199    736.754989  476275.221071
9200    736.835080  476295.960980
9201    736.915171  476316.700312
9202    736.995261  476337.439067
9203    737.075352  476358.177246
9204    737.155443  476378.914849
9205    737.235534  476399.651876
9206    737.315624  476420.388326
9207    737.395715  476441.124201
9208    737.475806  476461.859500
9209    737.555897  476482.594224
9210    737.635987  476503.328372
9211    737.716078  476524.061945
9212    737.796169  476544.794944
9213    737.876260  476565.527367
9214    737.956351  476586.259217
9215    738.036441  476606.990491
9216    738.116532  476627.721192
9217    738.196623  476648.451318
9218    738.276714  476669.180870
9219    738.356804  476689.909849
9220    738.436895  476710.638254
9221    738.516986  476731.366086
9222    738.597077  476752.093345
9223    738.677167  476772.820030
9224    738.757258  476793.546143
9225    738.837349  476814.271683
9226    738.917440  476834.996651
9227    738.997531  476855.721046
9228    739.077621  476876.444869
9229    739.157712  476897.168120
9230    739.237803  476917.890799
9231    739.317894  476938.612907
9232    739.397984  476959.334443
9233    739.478075  476980.055407
9234    739.558166  477000.775801
9235    739.638257  477021.495624
9236    739.718347  477042.214876
9237    739.798438  477062.933557
9238    739.878529  477083.651668
9239    739.958620  477104.369208
9240    740.038711  477125.086178
9241    740.118801  477145.802579
9242    740.198892  477166.518409
9243    740.278983  477187.233670
9244    740.359074  477207.948362
9245    740.439164  477228.662484
9246    740.519255  477249.376037
9247    740.599346  477270.089022
9248    740.679437  477290.801437
9249    740.759527  477311.513284
9250    740.839618  477332.224563
9251    740.919709  477352.935273
9252    740.999800  477373.645415
9253    741.079891  477394.354989
9254    741.159981  477415.063996
9255    741.240072  477435.772435
9256    741.320163  477456.480307
9257    741.400254  477477.187611
9258    741.480344  477497.894348
9259    741.560435  477518.600518
9260    741.640526  477539.306122
9261    741.720617  477560.011159
9262    741.800707  477580.715630
9263    741.880798  477601.419534
9264    741.960889  477622.122873
9265    742.040980  477642.825645
9266    742.121071  477663.527852
9267    742.201161  477684.229493
9268    742.281252  477704.930569
9269    742.361343  477725.631080
9270    742.441434  477746.331025
9271    742.521524  477767.030406
9272    742.601615  477787.729222
9273    742.681706  477808.427474
9274    742.761797  477829.125161
9275    742.841887  477849.822284
9276    742.921978  477870.518842
9277    743.002069  477891.214837
9278    743.082160  477911.910269
9279    743.162251  477932.605136
9280    743.242341  477953.299441
9281    743.322432  477973.993182
9282    743.402523  477994.686360
9283    743.482614  478015.378975
9284    743.562704  478036.071028
9285    743.642795  478056.762517
9286    743.722886  478077.453445
9287    743.802977  478098.143810
9288    743.883067  478118.833614
9289    743.963158  478139.522855
9290    744.043249  478160.211535
9291    744.123340  478180.899653
9292    744.203431  478201.587210
9293    744.283521  478222.274205
9294    744.363612  478242.960640
9295    744.443703  478263.646513
9296    744.523794  478284.331826
9297    744.603884  478305.016579
9298    744.683975  478325.700770
9299    744.764066  478346.384402
9300    744.844157  478367.067474
9301    744.924247  478387.749986
9302    745.004338  478408.431938
9303    745.084429  478429.113330
9304    745.164520  478449.794163
9305    745.244611  478470.474437
9306    745.324701  478491.154152
9307    745.404792  478511.833307
9308    745.484883  478532.511904
9309    745.564974  478553.189943
9310    745.645064  478573.867423
9311    745.725155  478594.544345
9312    745.805246  478615.220709
9313    745.885337  478635.896514
9314    745.965427  478656.571762
9315    746.045518  478677.246453
9316    746.125609  478697.920586
9317    746.205700  478718.594161
9318    746.285791  478739.267180
9319    746.365881  478759.939642
9320    746.445972  478780.611547
9321    746.526063  478801.282895
9322    746.606154  478821.953687
9323    746.686244  478842.623922
9324    746.766335  478863.293601
9325    746.846426  478883.962725
9326    746.926517  478904.631292
9327    747.006607  478925.299304
9328    747.086698  478945.966761
9329    747.166789  478966.633662
9330    747.246880  478987.300008
9331    747.326971  479007.965799
9332    747.407061  479028.631035
9333    747.487152  479049.295716
9334    747.567243  479069.959843
9335    747.647334  479090.623416
9336    747.727424  479111.286434
9337    747.807515  479131.948899
9338    747.887606  479152.610809
9339    747.967697  479173.272166
9340    748.047787  479193.932969
9341    748.127878  479214.593219
9342    748.207969  479235.252916
9343    748.288060  479255.912060
9344    748.368151  479276.570650
9345    748.448241  479297.228688
9346    748.528332  479317.886174
9347    748.608423  479338.543107
9348    748.688514  479359.199487
9349    748.768604  479379.855316
9350    748.848695  479400.510593
9351    748.928786  479421.165318
9352    749.008877  479441.819491
9353    749.088967  479462.473113
9354    749.169058  479483.126183
9355    749.249149  479503.778703
9356    749.329240  479524.430671
9357    749.409331  479545.082089
9358    749.489421  479565.732956
9359    749.569512  479586.383272
9360    749.649603  479607.033038
9361    749.729694  479627.682254
9362    749.809784  479648.330920
9363    749.889875  479668.979036
9364    749.969966  479689.626603
9365    750.050057  479710.273620
9366    750.130148  479730.920087
9367    750.210238  479751.566005
9368    750.290329  479772.211374
9369    750.370420  479792.856195
9370    750.450511  479813.500466
9371    750.530601  479834.144189
9372    750.610692  479854.787364
9373    750.690783  479875.429990
9374    750.770874  479896.072068
9375    750.850964  479916.713598
9376    750.931055  479937.354581
9377    751.011146  479957.995015
9378    751.091237  479978.634903
9379    751.171328  479999.274243
9380    751.251418  480019.913035
9381    751.331509  480040.551281
9382    751.411600  480061.188980
9383    751.491691  480081.826132
9384    751.571781  480102.462738
9385    751.651872  480123.098797
9386    751.731963  480143.734311
9387    751.812054  480164.369278
9388    751.892144  480185.003699
9389    751.972235  480205.637574
9390    752.052326  480226.270904
9391    752.132417  480246.903688
9392    752.212508  480267.535927
9393    752.292598  480288.167621
9394    752.372689  480308.798770
9395    752.452780  480329.429375
9396    752.532871  480350.059434
9397    752.612961  480370.688949
9398    752.693052  480391.317920
9399    752.773143  480411.946346
9400    752.853234  480432.574229
9401    752.933324  480453.201568
9402    753.013415  480473.828362
9403    753.093506  480494.454614
9404    753.173597  480515.080322
9405    753.253688  480535.705486
9406    753.333778  480556.330108
9407    753.413869  480576.954187
9408    753.493960  480597.577723
9409    753.574051  480618.200716
9410    753.654141  480638.823167
9411    753.734232  480659.445075
9412    753.814323  480680.066442
9413    753.894414  480700.687266
9414    753.974504  480721.307548
9415    754.054595  480741.927289
9416    754.134686  480762.546488
9417    754.214777  480783.165146
9418    754.294868  480803.783263
9419    754.374958  480824.400839
9420    754.455049  480845.017873
9421    754.535140  480865.634367
9422    754.615231  480886.250320
9423    754.695321  480906.865733
9424    754.775412  480927.480606
9425    754.855503  480948.094938
9426    754.935594  480968.708730
9427    755.015684  480989.321983
9428    755.095775  481009.934696
9429    755.175866  481030.546869
9430    755.255957  481051.158503
9431    755.336048  481071.769597
9432    755.416138  481092.380153
9433    755.496229  481112.990170
9434    755.576320  481133.599648
9435    755.656411  481154.208587
9436    755.736501  481174.816988
9437    755.816592  481195.424850
9438    755.896683  481216.032174
9439    755.976774  481236.638961
9440    756.056864  481257.245209
9441    756.136955  481277.850920
9442    756.217046  481298.456093
9443    756.297137  481319.060729
9444    756.377228  481339.664828
9445    756.457318  481360.268389
9446    756.537409  481380.871414
9447    756.617500  481401.473902
9448    756.697591  481422.075853
9449    756.777681  481442.677268
9450    756.857772  481463.278146
9451    756.937863  481483.878488
9452    757.017954  481504.478295
9453    757.098044  481525.077565
9454    757.178135  481545.676299
9455    757.258226  481566.274498
9456    757.338317  481586.872162
9457    757.418408  481607.469290
9458    757.498498  481628.065884
9459    757.578589  481648.661942
9460    757.658680  481669.257465
9461    757.738771  481689.852454
9462    757.818861  481710.446908
9463    757.898952  481731.040828
9464    757.979043  481751.634214
9465    758.059134  481772.227066
9466    758.139224  481792.819384
9467    758.219315  481813.411168
9468    758.299406  481834.002418
9469    758.379497  481854.593135
9470    758.459588  481875.183318
9471    758.539678  481895.772969
9472    758.619769  481916.362086
9473    758.699860  481936.950671
9474    758.779951  481957.538723
9475    758.860041  481978.126242
9476    758.940132  481998.713229
9477    759.020223  482019.299684
9478    759.100314  482039.885607
9479    759.180404  482060.470997
9480    759.260495  482081.055856
9481    759.340586  482101.640183
9482    759.420677  482122.223979
9483    759.500768  482142.807243
9484    759.580858  482163.389977
9485    759.660949  482183.972179
9486    759.741040  482204.553850
9487    759.821131  482225.134990
9488    759.901221  482245.715600
9489    759.981312  482266.295679
9490    760.061403  482286.875228
9491    760.141494  482307.454247
9492    760.221584  482328.032736
9493    760.301675  482348.610695
9494    760.381766  482369.188124
9495    760.461857  482389.765024
9496    760.541948  482410.341394
9497    760.622038  482430.917235
9498    760.702129  482451.492547
9499    760.782220  482472.067330
9500    760.862311  482492.641584
9501    760.942401  482513.215309
9502    761.022492  482533.788506
9503    761.102583  482554.361175
9504    761.182674  482574.933315
9505    761.262764  482595.504927
9506    761.342855  482616.076011
9507    761.422946  482636.646568
9508    761.503037  482657.216596
9509    761.583128  482677.786098
9510    761.663218  482698.355072
9511    761.743309  482718.923518
9512    761.823400  482739.491438
9513    761.903491  482760.058831
9514    761.983581  482780.625697
9515    762.063672  482801.192036
9516    762.143763  482821.757849
9517    762.223854  482842.323135
9518    762.303944  482862.887896
9519    762.384035  482883.452130
9520    762.464126  482904.015838
9521    762.544217  482924.579021
9522    762.624308  482945.141678
9523    762.704398  482965.703810
9524    762.784489  482986.265416
9525    762.864580  483006.826498
9526    762.944671  483027.387054
9527    763.024761  483047.947085
9528    763.104852  483068.506592
9529    763.184943  483089.065574
9530    763.265034  483109.624032
9531    763.345124  483130.181965
9532    763.425215  483150.739374
9533    763.505306  483171.296259
9534    763.585397  483191.852621
9535    763.665488  483212.408459
9536    763.745578  483232.963773
9537    763.825669  483253.518564
9538    763.905760  483274.072831
9539    763.985851  483294.626576
9540    764.065941  483315.179797
9541    764.146032  483335.732496
9542    764.226123  483356.284671
9543    764.306214  483376.836325
9544    764.386304  483397.387456
9545    764.466395  483417.938065
9546    764.546486  483438.488151
9547    764.626577  483459.037716
9548    764.706668  483479.586759
9549    764.786758  483500.135280
9550    764.866849  483520.683280
9551    764.946940  483541.230758
9552    765.027031  483561.777715
9553    765.107121  483582.324151
9554    765.187212  483602.870066
9555    765.267303  483623.415460
9556    765.347394  483643.960334
9557    765.427484  483664.504687
9558    765.507575  483685.048520
9559    765.587666  483705.591832
9560    765.667757  483726.134625
9561    765.747848  483746.676897
9562    765.827938  483767.218650
9563    765.908029  483787.759883
9564    765.988120  483808.300596
9565    766.068211  483828.840790
9566    766.148301  483849.380465
9567    766.228392  483869.919621
9568    766.308483  483890.458258
9569    766.388574  483910.996376
9570    766.468664  483931.533975
9571    766.548755  483952.071056
9572    766.628846  483972.607619
9573    766.708937  483993.143663
9574    766.789028  484013.679189
9575    766.869118  484034.214197
9576    766.949209  484054.748688
9577    767.029300  484075.282661
9578    767.109391  484095.816116
9579    767.189481  484116.349054
9580    767.269572  484136.881475
9581    767.349663  484157.413378
9582    767.429754  484177.944765
9583    767.509844  484198.475635
9584    767.589935  484219.005988
9585    767.670026  484239.535825
9586    767.750117  484260.065145
9587    767.830208  484280.593949
9588    767.910298  484301.122237
9589    767.990389  484321.650009
9590    768.070480  484342.177265
9591    768.150571  484362.704006
9592    768.230661  484383.230231
9593    768.310752  484403.755940
9594    768.390843  484424.281135
9595    768.470934  484444.805814
9596    768.551024  484465.329978
9597    768.631115  484485.853628
9598    768.711206  484506.376762
9599    768.791297  484526.899383
9600    768.871388  484547.421488
9601    768.951478  484567.943080
9602    769.031569  484588.464157
9603    769.111660  484608.984721
9604    769.191751  484629.504771
9605    769.271841  484650.024306
9606    769.351932  484670.543329
9607    769.432023  484691.061838
9608    769.512114  484711.579833
9609    769.592204  484732.097316
9610    769.672295  484752.614285
9611    769.752386  484773.130742
9612    769.832477  484793.646686
9613    769.912568  484814.162117
9614    769.992658  484834.677036
9615    770.072749  484855.191443
9616    770.152840  484875.705337
9617    770.232931  484896.218720
9618    770.313021  484916.731590
9619    770.393112  484937.243949
9620    770.473203  484957.755796
9621    770.553294  484978.267132
9622    770.633385  484998.777956
9623    770.713475  485019.288269
9624    770.793566  485039.798071
9625    770.873657  485060.307363
9626    770.953748  485080.816143
9627    771.033838  485101.324413
9628    771.113929  485121.832172
9629    771.194020  485142.339421
9630    771.274111  485162.846160
9631    771.354201  485183.352388
9632    771.434292  485203.858107
9633    771.514383  485224.363316
9634    771.594474  485244.868015
9635    771.674565  485265.372205
9636    771.754655  485285.875885
9637    771.834746  485306.379056
9638    771.914837  485326.881718
9639    771.994928  485347.383871
9640    772.075018  485367.885516
9641    772.155109  485388.386651
9642    772.235200  485408.887278
9643    772.315291  485429.387396
9644    772.395381  485449.887007
9645    772.475472  485470.386109
9646    772.555563  485490.884703
9647    772.635654  485511.382789
9648    772.715745  485531.880367
9649    772.795835  485552.377438
9650    772.875926  485572.874001
9651    772.956017  485593.370057
9652    773.036108  485613.865606
9653    773.116198  485634.360648
9654    773.196289  485654.855183
9655    773.276380  485675.349211
9656    773.356471  485695.842732
9657    773.436561  485716.335747
9658    773.516652  485736.828256
9659    773.596743  485757.320258
9660    773.676834  485777.811754
9661    773.756925  485798.302745
9662    773.837015  485818.793229
9663    773.917106  485839.283208
9664    773.997197  485859.772681
9665    774.077288  485880.261649
9666    774.157378  485900.750111
9667    774.237469  485921.238069
9668    774.317560  485941.725521
9669    774.397651  485962.212468
9670    774.477741  485982.698911
9671    774.557832  486003.184849
9672    774.637923  486023.670283
9673    774.718014  486044.155212
9674    774.798105  486064.639637
9675    774.878195  486085.123558
9676    774.958286  486105.606976
9677    775.038377  486126.089889
9678    775.118468  486146.572299
9679    775.198558  486167.054205
9680    775.278649  486187.535608
9681    775.358740  486208.016507
9682    775.438831  486228.496904
9683    775.518921  486248.976797
9684    775.599012  486269.456188
9685    775.679103  486289.935076
9686    775.759194  486310.413461
9687    775.839285  486330.891344
9688    775.919375  486351.368725
9689    775.999466  486371.845603
9690    776.079557  486392.321980
9691    776.159648  486412.797854
9692    776.239738  486433.273227
9693    776.319829  486453.748098
9694    776.399920  486474.222467
9695    776.480011  486494.696336
9696    776.560101  486515.169703
9697    776.640192  486535.642569
9698    776.720283  486556.114933
9699    776.800374  486576.586798
9700    776.880465  486597.058161
9701    776.960555  486617.529024
9702    777.040646  486637.999386
9703    777.120737  486658.469248
9704    777.200828  486678.938610
9705    777.280918  486699.407472
9706    777.361009  486719.875834
9707    777.441100  486740.343696
9708    777.521191  486760.811059
9709    777.601281  486781.277922
9710    777.681372  486801.744286
9711    777.761463  486822.210150
9712    777.841554  486842.675516
9713    777.921645  486863.140382
9714    778.001735  486883.604750
9715    778.081826  486904.068619
9716    778.161917  486924.531989
9717    778.242008  486944.994861
9718    778.322098  486965.457235
9719    778.402189  486985.919110
9720    778.482280  487006.380487
9721    778.562371  487026.841367
9722    778.642461  487047.301749
9723    778.722552  487067.761633
9724    778.802643  487088.221019
9725    778.882734  487108.679908
9726    778.962825  487129.138300
9727    779.042915  487149.596195
9728    779.123006  487170.053593
9729    779.203097  487190.510494
9730    779.283188  487210.966898
9731    779.363278  487231.422806
9732    779.443369  487251.878217
9733    779.523460  487272.333132
9734    779.603551  487292.787551
9735    779.683641  487313.241473
9736    779.763732  487333.694900
9737    779.843823  487354.147831
9738    779.923914  487374.600266
9739    780.004005  487395.052206
9740    780.084095  487415.503650
9741    780.164186  487435.954599
9742    780.244277  487456.405053
9743    780.324368  487476.855012
9744    780.404458  487497.304476
9745    780.484549  487517.753445
9746    780.564640  487538.201920
9747    780.644731  487558.649900
9748    780.724821  487579.097386
9749    780.804912  487599.544377
9750    780.885003  487619.990874
9751    780.965094  487640.436878
9752    781.045185  487660.882387
9753    781.125275  487681.327403
9754    781.205366  487701.771926
9755    781.285457  487722.215954
9756    781.365548  487742.659490
9757    781.445638  487763.102532
9758    781.525729  487783.545082
9759    781.605820  487803.987138
9760    781.685911  487824.428701
9761    781.766001  487844.869772
9762    781.846092  487865.310351
9763    781.926183  487885.750436
9764    782.006274  487906.190030
9765    782.086365  487926.629131
9766    782.166455  487947.067741
9767    782.246546  487967.505858
9768    782.326637  487987.943484
9769    782.406728  488008.380618
9770    782.486818  488028.817261
9771    782.566909  488049.253412
9772    782.647000  488069.689072
9773    782.727091  488090.124241
9774    782.807181  488110.558919
9775    782.887272  488130.993106
9776    782.967363  488151.426802
9777    783.047454  488171.860008
9778    783.127545  488192.292723
9779    783.207635  488212.724948
9780    783.287726  488233.156682
9781    783.367817  488253.587927
9782    783.447908  488274.018681
9783    783.527998  488294.448946
9784    783.608089  488314.878721
9785    783.688180  488335.308006
9786    783.768271  488355.736802
9787    783.848361  488376.165109
9788    783.928452  488396.592926
9789    784.008543  488417.020255
9790    784.088634  488437.447094
9791    784.168725  488457.873445
9792    784.248815  488478.299307
9793    784.328906  488498.724680
9794    784.408997  488519.149565
9795    784.489088  488539.573961
9796    784.569178  488559.997870
9797    784.649269  488580.421290
9798    784.729360  488600.844223
9799    784.809451  488621.266667
9800    784.889541  488641.688624
9801    784.969632  488662.110094
9802    785.049723  488682.531076
9803    785.129814  488702.951570
9804    785.209905  488723.371578
9805    785.289995  488743.791098
9806    785.370086  488764.210132
9807    785.450177  488784.628679
9808    785.530268  488805.046739
9809    785.610358  488825.464312
9810    785.690449  488845.881400
9811    785.770540  488866.298001
9812    785.850631  488886.714115
9813    785.930721  488907.129744
9814    786.010812  488927.544887
9815    786.090903  488947.959544
9816    786.170994  488968.373716
9817    786.251085  488988.787401
9818    786.331175  489009.200602
9819    786.411266  489029.613317
9820    786.491357  489050.025547
9821    786.571448  489070.437292
9822    786.651538  489090.848553
9823    786.731629  489111.259328
9824    786.811720  489131.669619
9825    786.891811  489152.079425
9826    786.971901  489172.488747
9827    787.051992  489192.897585
9828    787.132083  489213.305938
9829    787.212174  489233.713808
9830    787.292265  489254.121193
9831    787.372355  489274.528095
9832    787.452446  489294.934513
9833    787.532537  489315.340448
9834    787.612628  489335.745899
9835    787.692718  489356.150867
9836    787.772809  489376.555352
9837    787.852900  489396.959354
9838    787.932991  489417.362873
9839    788.013081  489437.765909
9840    788.093172  489458.168462
9841    788.173263  489478.570533
9842    788.253354  489498.972122
9843    788.333445  489519.373228
9844    788.413535  489539.773852
9845    788.493626  489560.173995
9846    788.573717  489580.573655
9847    788.653808  489600.972833
9848    788.733898  489621.371530
9849    788.813989  489641.769746
9850    788.894080  489662.167480
9851    788.974171  489682.564732
9852    789.054261  489702.961504
9853    789.134352  489723.357794
9854    789.214443  489743.753604
9855    789.294534  489764.148933
9856    789.374625  489784.543781
9857    789.454715  489804.938148
9858    789.534806  489825.332036
9859    789.614897  489845.725443
9860    789.694988  489866.118369
9861    789.775078  489886.510816
9862    789.855169  489906.902783
9863    789.935260  489927.294270
9864    790.015351  489947.685277
9865    790.095442  489968.075805
9866    790.175532  489988.465853
9867    790.255623  490008.855422
9868    790.335714  490029.244512
9869    790.415805  490049.633123
9870    790.495895  490070.021255
9871    790.575986  490090.408908
9872    790.656077  490110.796082
9873    790.736168  490131.182778
9874    790.816258  490151.568995
9875    790.896349  490171.954734
9876    790.976440  490192.339995
9877    791.056531  490212.724778
9878    791.136622  490233.109083
9879    791.216712  490253.492910
9880    791.296803  490273.876259
9881    791.376894  490294.259131
9882    791.456985  490314.641525
9883    791.537075  490335.023442
9884    791.617166  490355.404881
9885    791.697257  490375.785844
9886    791.777348  490396.166329
9887    791.857438  490416.546338
9888    791.937529  490436.925870
9889    792.017620  490457.304925
9890    792.097711  490477.683504
9891    792.177802  490498.061606
9892    792.257892  490518.439233
9893    792.337983  490538.816383
9894    792.418074  490559.193057
9895    792.498165  490579.569255
9896    792.578255  490599.944977
9897    792.658346  490620.320224
9898    792.738437  490640.694995
9899    792.818528  490661.069291
9900    792.898618  490681.443112
9901    792.978709  490701.816457
9902    793.058800  490722.189328
9903    793.138891  490742.561723
9904    793.218982  490762.933644
9905    793.299072  490783.305090
9906    793.379163  490803.676061
9907    793.459254  490824.046558
9908    793.539345  490844.416581
9909    793.619435  490864.786129
9910    793.699526  490885.155203
9911    793.779617  490905.523804
9912    793.859708  490925.891930
9913    793.939798  490946.259583
9914    794.019889  490966.626763
9915    794.099980  490986.993468
9916    794.180071  491007.359701
9917    794.260162  491027.725460
9918    794.340252  491048.090746
9919    794.420343  491068.455559
9920    794.500434  491088.819899
9921    794.580525  491109.183767
9922    794.660615  491129.547162
9923    794.740706  491149.910084
9924    794.820797  491170.272534
9925    794.900888  491190.634512
9926    794.980978  491210.996017
9927    795.061069  491231.357050
9928    795.141160  491251.717612
9929    795.221251  491272.077702
9930    795.301342  491292.437320
9931    795.381432  491312.796466
9932    795.461523  491333.155141
9933    795.541614  491353.513345
9934    795.621705  491373.871077
9935    795.701795  491394.228339
9936    795.781886  491414.585129
9937    795.861977  491434.941449
9938    795.942068  491455.297298
9939    796.022158  491475.652676
9940    796.102249  491496.007584
9941    796.182340  491516.362021
9942    796.262431  491536.715988
9943    796.342522  491557.069485
9944    796.422612  491577.422512
9945    796.502703  491597.775069
9946    796.582794  491618.127157
9947    796.662885  491638.478774
9948    796.742975  491658.829923
9949    796.823066  491679.180601
9950    796.903157  491699.530811
9951    796.983248  491719.880551
9952    797.063338  491740.229822
9953    797.143429  491760.578624
9954    797.223520  491780.926957
9955    797.303611  491801.274822
9956    797.383702  491821.622218
9957    797.463792  491841.969145
9958    797.543883  491862.315605
9959    797.623974  491882.661595
9960    797.704065  491903.007118
9961    797.784155  491923.352173
9962    797.864246  491943.696760
9963    797.944337  491964.040879
9964    798.024428  491984.384530
9965    798.104518  492004.727714
9966    798.184609  492025.070431
9967    798.264700  492045.412680
9968    798.344791  492065.754462
9969    798.424882  492086.095777
9970    798.504972  492106.436625
9971    798.585063  492126.777006
9972    798.665154  492147.116920
9973    798.745245  492167.456368
9974    798.825335  492187.795349
9975    798.905426  492208.133864
9976    798.985517  492228.471913
9977    799.065608  492248.809495
9978    799.145698  492269.146611
9979    799.225789  492289.483262
9980    799.305880  492309.819447
9981    799.385971  492330.155166
9982    799.466062  492350.490419
9983    799.546152  492370.825208
9984    799.626243  492391.159530
9985    799.706334  492411.493388
9986    799.786425  492431.826780
9987    799.866515  492452.159708
9988    799.946606  492472.492170
9989    800.026697  492492.824168
9990    800.106788  492513.155702
9991    800.186878  492533.486770
9992    800.266969  492553.817375
9993    800.347060  492574.147515
9994    800.427151  492594.477191
9995    800.507242  492614.806403
9996    800.587332  492635.135150
9997    800.667423  492655.463435
9998    800.747514  492675.791255
9999    800.827605  492696.118612
10000   800.907695  492716.445505
10001   800.987786  492736.771935
10002   801.067877  492757.097902
10003   801.147968  492777.423406
10004   801.228058  492797.748446
10005   801.308149  492818.073024
10006   801.388240  492838.397139
10007   801.468331  492858.720791
10008   801.548422  492879.043981
10009   801.628512  492899.366708
10010   801.708603  492919.688973
10011   801.788694  492940.010776
10012   801.868785  492960.332117
10013   801.948875  492980.652995
10014   802.028966  493000.973412
10015   802.109057  493021.293367
10016   802.189148  493041.612861
10017   802.269238  493061.931893
10018   802.349329  493082.250463
10019   802.429420  493102.568572
10020   802.509511  493122.886220
10021   802.589602  493143.203407
10022   802.669692  493163.520134
10023   802.749783  493183.836399
10024   802.829874  493204.152203
10025   802.909965  493224.467547
10026   802.990055  493244.782431
10027   803.070146  493265.096854
10028   803.150237  493285.410817
10029   803.230328  493305.724319
10030   803.310418  493326.037362
10031   803.390509  493346.349944
10032   803.470600  493366.662067
10033   803.550691  493386.973731
10034   803.630782  493407.284934
10035   803.710872  493427.595678
10036   803.790963  493447.905963
10037   803.871054  493468.215789
10038   803.951145  493488.525155
10039   804.031235  493508.834063
10040   804.111326  493529.142511
10041   804.191417  493549.450501
10042   804.271508  493569.758032
10043   804.351598  493590.065105
10044   804.431689  493610.371719
10045   804.511780  493630.677874
10046   804.591871  493650.983572
10047   804.671962  493671.288811
10048   804.752052  493691.593593
10049   804.832143  493711.897916
10050   804.912234  493732.201782
10051   804.992325  493752.505190
10052   805.072415  493772.808141
10053   805.152506  493793.110634
10054   805.232597  493813.412670
10055   805.312688  493833.714249
10056   805.392778  493854.015370
10057   805.472869  493874.316035
10058   805.552960  493894.616243
10059   805.633051  493914.915994
10060   805.713142  493935.215288
10061   805.793232  493955.514126
10062   805.873323  493975.812507
10063   805.953414  493996.110432
10064   806.033505  494016.407901
10065   806.113595  494036.704914
10066   806.193686  494057.001471
10067   806.273777  494077.297572
10068   806.353868  494097.593217
10069   806.433958  494117.888407
10070   806.514049  494138.183141
10071   806.594140  494158.477419
10072   806.674231  494178.771243
10073   806.754322  494199.064611
10074   806.834412  494219.357524
10075   806.914503  494239.649982
10076   806.994594  494259.941986
10077   807.074685  494280.233534
10078   807.154775  494300.524628
10079   807.234866  494320.815268
10080   807.314957  494341.105453
10081   807.395048  494361.395183
10082   807.475138  494381.684460
10083   807.555229  494401.973282
10084   807.635320  494422.261651
10085   807.715411  494442.549566
10086   807.795502  494462.837027
10087   807.875592  494483.124034
10088   807.955683  494503.410588
10089   808.035774  494523.696688
10090   808.115865  494543.982335
10091   808.195955  494564.267529
10092   808.276046  494584.552270
10093   808.356137  494604.836558
10094   808.436228  494625.120393
10095   808.516318  494645.403775
10096   808.596409  494665.686705
10097   808.676500  494685.969182
10098   808.756591  494706.251207
10099   808.836682  494726.532779
10100   808.916772  494746.813899
10101   808.996863  494767.094567
10102   809.076954  494787.374784
10103   809.157045  494807.654548
10104   809.237135  494827.933861
10105   809.317226  494848.212722
10106   809.397317  494868.491131
10107   809.477408  494888.769089
10108   809.557498  494909.046596
10109   809.637589  494929.323651
10110   809.717680  494949.600255
10111   809.797771  494969.876409
10112   809.877862  494990.152111
10113   809.957952  495010.427363
10114   810.038043  495030.702164
10115   810.118134  495050.976515
10116   810.198225  495071.250415
10117   810.278315  495091.523865
10118   810.358406  495111.796864
10119   810.438497  495132.069414
10120   810.518588  495152.341514
10121   810.598679  495172.613163
10122   810.678769  495192.884363
10123   810.758860  495213.155113
10124   810.838951  495233.425414
10125   810.919042  495253.695265
10126   810.999132  495273.964667
10127   811.079223  495294.233619
10128   811.159314  495314.502123
10129   811.239405  495334.770177
10130   811.319495  495355.037783
10131   811.399586  495375.304940
10132   811.479677  495395.571648
10133   811.559768  495415.837907
10134   811.639859  495436.103718
10135   811.719949  495456.369081
10136   811.800040  495476.633995
10137   811.880131  495496.898462
10138   811.960222  495517.162480
10139   812.040312  495537.426050
10140   812.120403  495557.689173
10141   812.200494  495577.951847
10142   812.280585  495598.214075
10143   812.360675  495618.475854
10144   812.440766  495638.737187
10145   812.520857  495658.998072
10146   812.600948  495679.258509
10147   812.681039  495699.518500
10148   812.761129  495719.778044
10149   812.841220  495740.037141
10150   812.921311  495760.295791
10151   813.001402  495780.553995
10152   813.081492  495800.811752
10153   813.161583  495821.069062
10154   813.241674  495841.325927
10155   813.321765  495861.582345
10156   813.401855  495881.838317
10157   813.481946  495902.093843
10158   813.562037  495922.348923
10159   813.642128  495942.603557
10160   813.722219  495962.857746
10161   813.802309  495983.111489
10162   813.882400  496003.364787
10163   813.962491  496023.617639
10164   814.042582  496043.870046
10165   814.122672  496064.122008
10166   814.202763  496084.373525
10167   814.282854  496104.624597
10168   814.362945  496124.875224
10169   814.443035  496145.125407
10170   814.523126  496165.375145
10171   814.603217  496185.624438
10172   814.683308  496205.873287
10173   814.763399  496226.121692
10174   814.843489  496246.369652
10175   814.923580  496266.617169
10176   815.003671  496286.864241
10177   815.083762  496307.110870
10178   815.163852  496327.357055
10179   815.243943  496347.602796
10180   815.324034  496367.848094
10181   815.404125  496388.092948
10182   815.484215  496408.337359
10183   815.564306  496428.581327
10184   815.644397  496448.824852
10185   815.724488  496469.067933
10186   815.804579  496489.310572
10187   815.884669  496509.552768
10188   815.964760  496529.794522
10189   816.044851  496550.035832
10190   816.124942  496570.276700
10191   816.205032  496590.517126
10192   816.285123  496610.757110
10193   816.365214  496630.996651
10194   816.445305  496651.235751
10195   816.525395  496671.474408
10196   816.605486  496691.712624
10197   816.685577  496711.950397
10198   816.765668  496732.187730
10199   816.845759  496752.424620
10200   816.925849  496772.661070
10201   817.005940  496792.897077
10202   817.086031  496813.132644
10203   817.166122  496833.367770
10204   817.246212  496853.602454
10205   817.326303  496873.836698
10206   817.406394  496894.070501
10207   817.486485  496914.303863
10208   817.566575  496934.536785
10209   817.646666  496954.769266
10210   817.726757  496975.001307
10211   817.806848  496995.232907
10212   817.886939  497015.464068
10213   817.967029  497035.694788
10214   818.047120  497055.925068
10215   818.127211  497076.154908
10216   818.207302  497096.384309
10217   818.287392  497116.613270
10218   818.367483  497136.841792
10219   818.447574  497157.069874
10220   818.527665  497177.297517
10221   818.607755  497197.524720
10222   818.687846  497217.751484
10223   818.767937  497237.977810
10224   818.848028  497258.203696
10225   818.928119  497278.429144
10226   819.008209  497298.654153
10227   819.088300  497318.878723
10228   819.168391  497339.102855
10229   819.248482  497359.326548
10230   819.328572  497379.549803
10231   819.408663  497399.772620
10232   819.488754  497419.994999
10233   819.568845  497440.216940
10234   819.648935  497460.438443
10235   819.729026  497480.659508
10236   819.809117  497500.880135
10237   819.889208  497521.100325
10238   819.969299  497541.320078
10239   820.049389  497561.539393
10240   820.129480  497581.758270
10241   820.209571  497601.976711
10242   820.289662  497622.194715
10243   820.369752  497642.412281
10244   820.449843  497662.629411
10245   820.529934  497682.846104
10246   820.610025  497703.062360
10247   820.690115  497723.278180
10248   820.770206  497743.493563
10249   820.850297  497763.708510
10250   820.930388  497783.923021
10251   821.010479  497804.137096
10252   821.090569  497824.350734
10253   821.170660  497844.563937
10254   821.250751  497864.776704
10255   821.330842  497884.989035
10256   821.410932  497905.200930
10257   821.491023  497925.412390
10258   821.571114  497945.623415
10259   821.651205  497965.834004
10260   821.731295  497986.044158
10261   821.811386  498006.253877
10262   821.891477  498026.463161
10263   821.971568  498046.672010
10264   822.051659  498066.880424
10265   822.131749  498087.088403
10266   822.211840  498107.295948
10267   822.291931  498127.503058
10268   822.372022  498147.709734
10269   822.452112  498167.915976
10270   822.532203  498188.121783
10271   822.612294  498208.327157
10272   822.692385  498228.532096
10273   822.772475  498248.736601
10274   822.852566  498268.940673
10275   822.932657  498289.144311
10276   823.012748  498309.347515
10277   823.092839  498329.550286
10278   823.172929  498349.752623
10279   823.253020  498369.954527
10280   823.333111  498390.155998
10281   823.413202  498410.357036
10282   823.493292  498430.557641
10283   823.573383  498450.757813
10284   823.653474  498470.957552
10285   823.733565  498491.156858
10286   823.813655  498511.355732
10287   823.893746  498531.554173
10288   823.973837  498551.752182
10289   824.053928  498571.949759
10290   824.134019  498592.146903
10291   824.214109  498612.343616
10292   824.294200  498632.539896
10293   824.374291  498652.735745
10294   824.454382  498672.931161
10295   824.534472  498693.126147
10296   824.614563  498713.320700
10297   824.694654  498733.514822
10298   824.774745  498753.708512
10299   824.854835  498773.901772
10300   824.934926  498794.094600
10301   825.015017  498814.286997
10302   825.095108  498834.478963
10303   825.175199  498854.670498
10304   825.255289  498874.861602
10305   825.335380  498895.052276
10306   825.415471  498915.242519
10307   825.495562  498935.432331
10308   825.575652  498955.621713
10309   825.655743  498975.810665
10310   825.735834  498995.999187
10311   825.815925  499016.187278
10312   825.896015  499036.374940
10313   825.976106  499056.562171
10314   826.056197  499076.748973
10315   826.136288  499096.935345
10316   826.216379  499117.121288
10317   826.296469  499137.306801
10318   826.376560  499157.491884
10319   826.456651  499177.676539
10320   826.536742  499197.860764
10321   826.616832  499218.044560
10322   826.696923  499238.227927
10323   826.777014  499258.410865
10324   826.857105  499278.593374
10325   826.937195  499298.775454
10326   827.017286  499318.957106
10327   827.097377  499339.138329
10328   827.177468  499359.319124
10329   827.257559  499379.499491
10330   827.337649  499399.679429
10331   827.417740  499419.858939
10332   827.497831  499440.038022
10333   827.577922  499460.216676
10334   827.658012  499480.394902
10335   827.738103  499500.572701
10336   827.818194  499520.750072
10337   827.898285  499540.927015
10338   827.978375  499561.103531
10339   828.058466  499581.279620
10340   828.138557  499601.455281
10341   828.218648  499621.630516
10342   828.298739  499641.805323
10343   828.378829  499661.979703
10344   828.458920  499682.153656
10345   828.539011  499702.327183
10346   828.619102  499722.500283
10347   828.699192  499742.672956
10348   828.779283  499762.845203
10349   828.859374  499783.017023
10350   828.939465  499803.188418
10351   829.019555  499823.359386
10352   829.099646  499843.529927
10353   829.179737  499863.700043
10354   829.259828  499883.869733
10355   829.339919  499904.038998
10356   829.420009  499924.207836
10357   829.500100  499944.376249
10358   829.580191  499964.544236
10359   829.660282  499984.711798
10360   829.740372  500004.878935
10361   829.820463  500025.045646
10362   829.900554  500045.211932
10363   829.980645  500065.377794
10364   830.060736  500085.543230
10365   830.140826  500105.708241
10366   830.220917  500125.872828
10367   830.301008  500146.036990
10368   830.381099  500166.200728
10369   830.461189  500186.364041
10370   830.541280  500206.526929
10371   830.621371  500226.689394
10372   830.701462  500246.851434
10373   830.781552  500267.013050
10374   830.861643  500287.174242
10375   830.941734  500307.335010
10376   831.021825  500327.495355
10377   831.101916  500347.655276
10378   831.182006  500367.814773
10379   831.262097  500387.973846
10380   831.342188  500408.132497
10381   831.422279  500428.290724
10382   831.502369  500448.448527
10383   831.582460  500468.605908
10384   831.662551  500488.762865
10385   831.742642  500508.919400
10386   831.822732  500529.075512
10387   831.902823  500549.231201
10388   831.982914  500569.386467
10389   832.063005  500589.541311
10390   832.143096  500609.695732
10391   832.223186  500629.849731
10392   832.303277  500650.003307
10393   832.383368  500670.156462
10394   832.463459  500690.309194
10395   832.543549  500710.461505
10396   832.623640  500730.613393
10397   832.703731  500750.764860
10398   832.783822  500770.915904
10399   832.863912  500791.066528
10400   832.944003  500811.216729
10401   833.024094  500831.366510
10402   833.104185  500851.515869
10403   833.184276  500871.664806
10404   833.264366  500891.813323
10405   833.344457  500911.961418
10406   833.424548  500932.109093
10407   833.504639  500952.256346
10408   833.584729  500972.403179
10409   833.664820  500992.549591
10410   833.744911  501012.695583
10411   833.825002  501032.841154
10412   833.905092  501052.986304
10413   833.985183  501073.131035
10414   834.065274  501093.275345
10415   834.145365  501113.419235
10416   834.225456  501133.562704
10417   834.305546  501153.705754
10418   834.385637  501173.848384
10419   834.465728  501193.990595
10420   834.545819  501214.132385
10421   834.625909  501234.273756
10422   834.706000  501254.414708
10423   834.786091  501274.555240
10424   834.866182  501294.695352
10425   834.946272  501314.835046
10426   835.026363  501334.974320
10427   835.106454  501355.113176
10428   835.186545  501375.251612
10429   835.266636  501395.389630
10430   835.346726  501415.527229
10431   835.426817  501435.664409
10432   835.506908  501455.801170
10433   835.586999  501475.937513
10434   835.667089  501496.073438
10435   835.747180  501516.208944
10436   835.827271  501536.344032
10437   835.907362  501556.478702
10438   835.987452  501576.612954
10439   836.067543  501596.746788
10440   836.147634  501616.880205
10441   836.227725  501637.013203
10442   836.307816  501657.145784
10443   836.387906  501677.277947
10444   836.467997  501697.409693
10445   836.548088  501717.541021
10446   836.628179  501737.671932
10447   836.708269  501757.802426
10448   836.788360  501777.932502
10449   836.868451  501798.062162
10450   836.948542  501818.191404
10451   837.028632  501838.320230
10452   837.108723  501858.448639
10453   837.188814  501878.576631
10454   837.268905  501898.704207
10455   837.348996  501918.831366
10456   837.429086  501938.958109
10457   837.509177  501959.084435
10458   837.589268  501979.210345
10459   837.669359  501999.335839
10460   837.749449  502019.460917
10461   837.829540  502039.585579
10462   837.909631  502059.709825
10463   837.989722  502079.833656
10464   838.069812  502099.957070
10465   838.149903  502120.080069
10466   838.229994  502140.202653
10467   838.310085  502160.324821
10468   838.390176  502180.446573
10469   838.470266  502200.567911
10470   838.550357  502220.688833
10471   838.630448  502240.809340
10472   838.710539  502260.929432
10473   838.790629  502281.049109
10474   838.870720  502301.168372
10475   838.950811  502321.287219
10476   839.030902  502341.405652
10477   839.110992  502361.523671
10478   839.191083  502381.641275
10479   839.271174  502401.758464
10480   839.351265  502421.875239
10481   839.431356  502441.991600
10482   839.511446  502462.107547
10483   839.591537  502482.223080
10484   839.671628  502502.338199
10485   839.751719  502522.452904
10486   839.831809  502542.567195
10487   839.911900  502562.681073
10488   839.991991  502582.794537
10489   840.072082  502602.907587
10490   840.152172  502623.020224
10491   840.232263  502643.132448
10492   840.312354  502663.244258
10493   840.392445  502683.355655
10494   840.472536  502703.466639
10495   840.552626  502723.577210
10496   840.632717  502743.687369
10497   840.712808  502763.797114
10498   840.792899  502783.906446
10499   840.872989  502804.015366
10500   840.953080  502824.123874
10501   841.033171  502844.231968
10502   841.113262  502864.339651
10503   841.193352  502884.446921
10504   841.273443  502904.553779
10505   841.353534  502924.660224
10506   841.433625  502944.766258
10507   841.513716  502964.871880
10508   841.593806  502984.977089
10509   841.673897  503005.081887
10510   841.753988  503025.186273
10511   841.834079  503045.290248
10512   841.914169  503065.393811
10513   841.994260  503085.496962
10514   842.074351  503105.599702
10515   842.154442  503125.702031
10516   842.234532  503145.803948
10517   842.314623  503165.905455
10518   842.394714  503186.006550
10519   842.474805  503206.107234
10520   842.554896  503226.207508
10521   842.634986  503246.307370
10522   842.715077  503266.406822
10523   842.795168  503286.505863
10524   842.875259  503306.604494
10525   842.955349  503326.702714
10526   843.035440  503346.800524
10527   843.115531  503366.897923
10528   843.195622  503386.994912
10529   843.275712  503407.091491
10530   843.355803  503427.187660
10531   843.435894  503447.283419
10532   843.515985  503467.378768
10533   843.596076  503487.473707
10534   843.676166  503507.568237
10535   843.756257  503527.662356
10536   843.836348  503547.756067
10537   843.916439  503567.849367
10538   843.996529  503587.942258
10539   844.076620  503608.034740
10540   844.156711  503628.126813
10541   844.236802  503648.218476
10542   844.316892  503668.309731
10543   844.396983  503688.400576
10544   844.477074  503708.491012
10545   844.557165  503728.581040
10546   844.637256  503748.670658
10547   844.717346  503768.759868
10548   844.797437  503788.848670
10549   844.877528  503808.937063
10550   844.957619  503829.025047
10551   845.037709  503849.112623
10552   845.117800  503869.199790
10553   845.197891  503889.286550
10554   845.277982  503909.372901
10555   845.358072  503929.458844
10556   845.438163  503949.544380
10557   845.518254  503969.629507
10558   845.598345  503989.714226
10559   845.678436  504009.798538
10560   845.758526  504029.882442
10561   845.838617  504049.965938
10562   845.918708  504070.049027
10563   845.998799  504090.131709
10564   846.078889  504110.213983
10565   846.158980  504130.295849
10566   846.239071  504150.377309
10567   846.319162  504170.458361
10568   846.399252  504190.539007
10569   846.479343  504210.619245
10570   846.559434  504230.699076
10571   846.639525  504250.778501
10572   846.719616  504270.857519
10573   846.799706  504290.936130
10574   846.879797  504311.014334
10575   846.959888  504331.092132
10576   847.039979  504351.169524
10577   847.120069  504371.246509
10578   847.200160  504391.323088
10579   847.280251  504411.399261
10580   847.360342  504431.475027
10581   847.440432  504451.550387
10582   847.520523  504471.625342
10583   847.600614  504491.699890
10584   847.680705  504511.774033
10585   847.760796  504531.847770
10586   847.840886  504551.921101
10587   847.920977  504571.994026
10588   848.001068  504592.066546
10589   848.081159  504612.138661
10590   848.161249  504632.210370
10591   848.241340  504652.281673
10592   848.321431  504672.352572
10593   848.401522  504692.423065
10594   848.481612  504712.493153
10595   848.561703  504732.562836
10596   848.641794  504752.632114
10597   848.721885  504772.700987
10598   848.801976  504792.769455
10599   848.882066  504812.837519
10600   848.962157  504832.905178
10601   849.042248  504852.972432
10602   849.122339  504873.039282
10603   849.202429  504893.105727
10604   849.282520  504913.171768
10605   849.362611  504933.237404
10606   849.442702  504953.302636
10607   849.522792  504973.367464
10608   849.602883  504993.431888
10609   849.682974  505013.495908
10610   849.763065  505033.559524
10611   849.843156  505053.622736
10612   849.923246  505073.685544
10613   850.003337  505093.747948
10614   850.083428  505113.809949
10615   850.163519  505133.871546
10616   850.243609  505153.932739
10617   850.323700  505173.993529
10618   850.403791  505194.053915
10619   850.483882  505214.113898
10620   850.563973  505234.173478
10621   850.644063  505254.232655
10622   850.724154  505274.291428
10623   850.804245  505294.349798
10624   850.884336  505314.407765
10625   850.964426  505334.465330
10626   851.044517  505354.522491
10627   851.124608  505374.579250
10628   851.204699  505394.635605
10629   851.284789  505414.691558
10630   851.364880  505434.747109
10631   851.444971  505454.802257
10632   851.525062  505474.857002
10633   851.605153  505494.911345
10634   851.685243  505514.965285
10635   851.765334  505535.018824
10636   851.845425  505555.071960
10637   851.925516  505575.124694
10638   852.005606  505595.177025
10639   852.085697  505615.228955
10640   852.165788  505635.280482
10641   852.245879  505655.331608
10642   852.325969  505675.382332
10643   852.406060  505695.432654
10644   852.486151  505715.482574
10645   852.566242  505735.532093
10646   852.646333  505755.581210
10647   852.726423  505775.629926
10648   852.806514  505795.678240
10649   852.886605  505815.726152
10650   852.966696  505835.773663
10651   853.046786  505855.820773
10652   853.126877  505875.867482
10653   853.206968  505895.913789
10654   853.287059  505915.959695
10655   853.367149  505936.005201
10656   853.447240  505956.050305
10657   853.527331  505976.095008
10658   853.607422  505996.139311
10659   853.687513  506016.183212
10660   853.767603  506036.226713
10661   853.847694  506056.269813
10662   853.927785  506076.312512
10663   854.007876  506096.354811
10664   854.087966  506116.396709
10665   854.168057  506136.438207
10666   854.248148  506156.479305
10667   854.328239  506176.520002
10668   854.408329  506196.560298
10669   854.488420  506216.600195
10670   854.568511  506236.639691
10671   854.648602  506256.678787
10672   854.728693  506276.717483
10673   854.808783  506296.755779
10674   854.888874  506316.793675
10675   854.968965  506336.831171
10676   855.049056  506356.868267
10677   855.129146  506376.904963
10678   855.209237  506396.941260
10679   855.289328  506416.977156
10680   855.369419  506437.012654
10681   855.449509  506457.047751
10682   855.529600  506477.082449
10683   855.609691  506497.116748
10684   855.689782  506517.150647
10685   855.769873  506537.184146
10686   855.849963  506557.217247
10687   855.930054  506577.249948
10688   856.010145  506597.282249
10689   856.090236  506617.314152
10690   856.170326  506637.345655
10691   856.250417  506657.376759
10692   856.330508  506677.407465
10693   856.410599  506697.437771
10694   856.490689  506717.467678
10695   856.570780  506737.497186
10696   856.650871  506757.526296
10697   856.730962  506777.555007
10698   856.811053  506797.583318
10699   856.891143  506817.611232
10700   856.971234  506837.638746
10701   857.051325  506857.665862
10702   857.131416  506877.692579
10703   857.211506  506897.718898
10704   857.291597  506917.744818
10705   857.371688  506937.770340
10706   857.451779  506957.795463
10707   857.531869  506977.820189
10708   857.611960  506997.844515
10709   857.692051  507017.868444
10710   857.772142  507037.891974
10711   857.852233  507057.915106
10712   857.932323  507077.937840
10713   858.012414  507097.960176
10714   858.092505  507117.982113
10715   858.172596  507138.003653
10716   858.252686  507158.024795
10717   858.332777  507178.045539
10718   858.412868  507198.065884
10719   858.492959  507218.085832
10720   858.573049  507238.105383
10721   858.653140  507258.124535
10722   858.733231  507278.143290
10723   858.813322  507298.161647
10724   858.893413  507318.179606
10725   858.973503  507338.197167
10726   859.053594  507358.214331
10727   859.133685  507378.231098
10728   859.213776  507398.247467
10729   859.293866  507418.263438
10730   859.373957  507438.279012
10731   859.454048  507458.294189
10732   859.534139  507478.308968
10733   859.614229  507498.323350
10734   859.694320  507518.337334
10735   859.774411  507538.350921
10736   859.854502  507558.364111
10737   859.934593  507578.376904
10738   860.014683  507598.389299
10739   860.094774  507618.401298
10740   860.174865  507638.412899
10741   860.254956  507658.424103
10742   860.335046  507678.434910
10743   860.415137  507698.445320
10744   860.495228  507718.455333
10745   860.575319  507738.464949
10746   860.655409  507758.474168
10747   860.735500  507778.482990
10748   860.815591  507798.491415
10749   860.895682  507818.499443
10750   860.975773  507838.507074
10751   861.055863  507858.514309
10752   861.135954  507878.521146
10753   861.216045  507898.527587
10754   861.296136  507918.533631
10755   861.376226  507938.539279
10756   861.456317  507958.544530
10757   861.536408  507978.549384
10758   861.616499  507998.553841
10759   861.696589  508018.557901
10760   861.776680  508038.561566
10761   861.856771  508058.564833
10762   861.936862  508078.567704
10763   862.016953  508098.570178
10764   862.097043  508118.572256
10765   862.177134  508138.573937
10766   862.257225  508158.575221
10767   862.337316  508178.576109
10768   862.417406  508198.576601
10769   862.497497  508218.576696
10770   862.577588  508238.576395
10771   862.657679  508258.575697
10772   862.737769  508278.574603
10773   862.817860  508298.573112
10774   862.897951  508318.571225
10775   862.978042  508338.568941
10776   863.058133  508358.566262
10777   863.138223  508378.563185
10778   863.218314  508398.559713
10779   863.298405  508418.555844
10780   863.378496  508438.551578
10781   863.458586  508458.546917
10782   863.538677  508478.541859
10783   863.618768  508498.536404
10784   863.698859  508518.530554
10785   863.778949  508538.524307
10786   863.859040  508558.517664
10787   863.939131  508578.510624
10788   864.019222  508598.503188
10789   864.099313  508618.495356
10790   864.179403  508638.487128
10791   864.259494  508658.478503
10792   864.339585  508678.469482
10793   864.419676  508698.460065
10794   864.499766  508718.450251
10795   864.579857  508738.440041
10796   864.659948  508758.429435
10797   864.740039  508778.418432
10798   864.820129  508798.407034
10799   864.900220  508818.395238
10800   864.980311  508838.383047
10801   865.060402  508858.370459
10802   865.140493  508878.357475
10803   865.220583  508898.344095
10804   865.300674  508918.330318
10805   865.380765  508938.316145
10806   865.460856  508958.301576
10807   865.540946  508978.286610
10808   865.621037  508998.271248
10809   865.701128  509018.255489
10810   865.781219  509038.239335
10811   865.861309  509058.222783
10812   865.941400  509078.205836
10813   866.021491  509098.188491
10814   866.101582  509118.170751
10815   866.181673  509138.152614
10816   866.261763  509158.134080
10817   866.341854  509178.115150
10818   866.421945  509198.095824
10819   866.502036  509218.076101
10820   866.582126  509238.055981
10821   866.662217  509258.035465
10822   866.742308  509278.014552
10823   866.822399  509297.993243
10824   866.902489  509317.971537
10825   866.982580  509337.949434
10826   867.062671  509357.926935
10827   867.142762  509377.904039
10828   867.222853  509397.880746
10829   867.302943  509417.857057
10830   867.383034  509437.832970
10831   867.463125  509457.808487
10832   867.543216  509477.783607
10833   867.623306  509497.758330
10834   867.703397  509517.732656
10835   867.783488  509537.706586
10836   867.863579  509557.680118
10837   867.943669  509577.653253
10838   868.023760  509597.625991
10839   868.103851  509617.598332
10840   868.183942  509637.570276
10841   868.264033  509657.541823
10842   868.344123  509677.512973
10843   868.424214  509697.483725
10844   868.504305  509717.454081
10845   868.584396  509737.424038
10846   868.664486  509757.393599
10847   868.744577  509777.362762
10848   868.824668  509797.331528
10849   868.904759  509817.299896
10850   868.984849  509837.267866
10851   869.064940  509857.235439
10852   869.145031  509877.202615
10853   869.225122  509897.169392
10854   869.305213  509917.135772
10855   869.385303  509937.101754
10856   869.465394  509957.067338
10857   869.545485  509977.032525
10858   869.625576  509996.997313
10859   869.705666  510016.961704
10860   869.785757  510036.925696
10861   869.865848  510056.889290
10862   869.945939  510076.852486
10863   870.026030  510096.815284
10864   870.106120  510116.777684
10865   870.186211  510136.739685
10866   870.266302  510156.701287
10867   870.346393  510176.662492
10868   870.426483  510196.623297
10869   870.506574  510216.583704
10870   870.586665  510236.543713
10871   870.666756  510256.503322
10872   870.746846  510276.462533
10873   870.826937  510296.421345
10874   870.907028  510316.379757
10875   870.987119  510336.337771
10876   871.067210  510356.295386
10877   871.147300  510376.252601
10878   871.227391  510396.209417
10879   871.307482  510416.165834
10880   871.387573  510436.121851
10881   871.467663  510456.077469
10882   871.547754  510476.032687
10883   871.627845  510495.987506
10884   871.707936  510515.941924
10885   871.788026  510535.895943
10886   871.868117  510555.849562
10887   871.948208  510575.802781
10888   872.028299  510595.755599
10889   872.108390  510615.708018
10890   872.188480  510635.660036
10891   872.268571  510655.611654
10892   872.348662  510675.562871
10893   872.428753  510695.513687
10894   872.508843  510715.464103
10895   872.588934  510735.414118
10896   872.669025  510755.363732
10897   872.749116  510775.312946
10898   872.829206  510795.261758
10899   872.909297  510815.210168
10900   872.989388  510835.158178
10901   873.069479  510855.105786
10902   873.149570  510875.052992
10903   873.229660  510894.999797
10904   873.309751  510914.946200
10905   873.389842  510934.892201
10906   873.469933  510954.837801
10907   873.550023  510974.782998
10908   873.630114  510994.727792
10909   873.710205  511014.672185
10910   873.790296  511034.616175
10911   873.870386  511054.559762
10912   873.950477  511074.502947
10913   874.030568  511094.445728
10914   874.110659  511114.388107
10915   874.190750  511134.330083
10916   874.270840  511154.271655
10917   874.350931  511174.212824
10918   874.431022  511194.153590
10919   874.511113  511214.093952
10920   874.591203  511234.033910
10921   874.671294  511253.973464
10922   874.751385  511273.912614
10923   874.831476  511293.851360
10924   874.911566  511313.789701
10925   874.991657  511333.727638
10926   875.071748  511353.665170
10927   875.151839  511373.602298
10928   875.231930  511393.539020
10929   875.312020  511413.475338
10930   875.392111  511433.411250
10931   875.472202  511453.346757
10932   875.552293  511473.281858
10933   875.632383  511493.216553
10934   875.712474  511513.150843
10935   875.792565  511533.084726
10936   875.872656  511553.018204
10937   875.952746  511572.951275
10938   876.032837  511592.883939
10939   876.112928  511612.816196
10940   876.193019  511632.748047
10941   876.273110  511652.679490
10942   876.353200  511672.610527
10943   876.433291  511692.541155
10944   876.513382  511712.471377
10945   876.593473  511732.401190
10946   876.673563  511752.330595
10947   876.753654  511772.259592
10948   876.833745  511792.188181
10949   876.913836  511812.116361
10950   876.993926  511832.044133
10951   877.074017  511851.971495
10952   877.154108  511871.898449
10953   877.234199  511891.824993
10954   877.314290  511911.751127
10955   877.394380  511931.676852
10956   877.474471  511951.602166
10957   877.554562  511971.527071
10958   877.634653  511991.451565
10959   877.714743  512011.375649
10960   877.794834  512031.299321
10961   877.874925  512051.222583
10962   877.955016  512071.145434
10963   878.035106  512091.067873
10964   878.115197  512110.989900
10965   878.195288  512130.911515
10966   878.275379  512150.832718
10967   878.355470  512170.753509
10968   878.435560  512190.673887
10969   878.515651  512210.593853
10970   878.595742  512230.513405
10971   878.675833  512250.432544
10972   878.755923  512270.351270
10973   878.836014  512290.269581
10974   878.916105  512310.187479
10975   878.996196  512330.104962
10976   879.076286  512350.022031
10977   879.156377  512369.938684
10978   879.236468  512389.854923
10979   879.316559  512409.770747
10980   879.396650  512429.686155
10981   879.476740  512449.601147
10982   879.556831  512469.515722
10983   879.636922  512489.429882
10984   879.717013  512509.343625
10985   879.797103  512529.256951
10986   879.877194  512549.169859
10987   879.957285  512569.082350
10988   880.037376  512588.994424
10989   880.117466  512608.906079
10990   880.197557  512628.817316
10991   880.277648  512648.728134
10992   880.357739  512668.638534
10993   880.437830  512688.548514
10994   880.517920  512708.458074
10995   880.598011  512728.367215
10996   880.678102  512748.275936
10997   880.758193  512768.184236
10998   880.838283  512788.092115
10999   880.918374  512807.999574
11000   880.998465  512827.906611
11001   881.078556  512847.813226
11002   881.158646  512867.719419
11003   881.238737  512887.625190
11004   881.318828  512907.530538
11005   881.398919  512927.435463
11006   881.479010  512947.339965
11007   881.559100  512967.244043
11008   881.639191  512987.147697
11009   881.719282  513007.050926
11010   881.799373  513026.953731
11011   881.879463  513046.856111
11012   881.959554  513066.758066
11013   882.039645  513086.659594
11014   882.119736  513106.560697
11015   882.199826  513126.461373
11016   882.279917  513146.361622
11017   882.360008  513166.261444
11018   882.440099  513186.160838
11019   882.520190  513206.059804
11020   882.600280  513225.958342
11021   882.680371  513245.856451
11022   882.760462  513265.754131
11023   882.840553  513285.651382
11024   882.920643  513305.548203
11025   883.000734  513325.444593
11026   883.080825  513345.340552
11027   883.160916  513365.236081
11028   883.241006  513385.131178
11029   883.321097  513405.025843
11030   883.401188  513424.920075
11031   883.481279  513444.813875
11032   883.561370  513464.707242
11033   883.641460  513484.600175
11034   883.721551  513504.492674
11035   883.801642  513524.384738
11036   883.881733  513544.276368
11037   883.961823  513564.167562
11038   884.041914  513584.058321
11039   884.122005  513603.948643
11040   884.202096  513623.838528
11041   884.282186  513643.727977
11042   884.362277  513663.616988
11043   884.442368  513683.505560
11044   884.522459  513703.393694
11045   884.602550  513723.281390
11046   884.682640  513743.168645
11047   884.762731  513763.055461
11048   884.842822  513782.941836
11049   884.922913  513802.827771
11050   885.003003  513822.713264
11051   885.083094  513842.598315
11052   885.163185  513862.482923
11053   885.243276  513882.367089
11054   885.323366  513902.250811
11055   885.403457  513922.134089
11056   885.483548  513942.016923
11057   885.563639  513961.899312
11058   885.643730  513981.781255
11059   885.723820  514001.662753
11060   885.803911  514021.543803
11061   885.884002  514041.424407
11062   885.964093  514061.304563
11063   886.044183  514081.184271
11064   886.124274  514101.063530
11065   886.204365  514120.942340
11066   886.284456  514140.820700
11067   886.364546  514160.698609
11068   886.444637  514180.576067
11069   886.524728  514200.453074
11070   886.604819  514220.329629
11071   886.684910  514240.205731
11072   886.765000  514260.081380
11073   886.845091  514279.956574
11074   886.925182  514299.831315
11075   887.005273  514319.705600
11076   887.085363  514339.579429
11077   887.165454  514359.452802
11078   887.245545  514379.325718
11079   887.325636  514399.198176
11080   887.405726  514419.070176
11081   887.485817  514438.941718
11082   887.565908  514458.812800
11083   887.645999  514478.683421
11084   887.726090  514498.553582
11085   887.806180  514518.423282
11086   887.886271  514538.292519
11087   887.966362  514558.161293
11088   888.046453  514578.029605
11089   888.126543  514597.897452
11090   888.206634  514617.764834
11091   888.286725  514637.631750
11092   888.366816  514657.498201
11093   888.446906  514677.364185
11094   888.526997  514697.229701
11095   888.607088  514717.094749
11096   888.687179  514736.959327
11097   888.767270  514756.823436
11098   888.847360  514776.687075
11099   888.927451  514796.550242
11100   889.007542  514816.412938
11101   889.087633  514836.275161
11102   889.167723  514856.136910
11103   889.247814  514875.998185
11104   889.327905  514895.858986
11105   889.407996  514915.719310
11106   889.488086  514935.579159
11107   889.568177  514955.438529
11108   889.648268  514975.297422
11109   889.728359  514995.155836
11110   889.808450  515015.013771
11111   889.888540  515034.871225
11112   889.968631  515054.728198
11113   890.048722  515074.584688
11114   890.128813  515094.440696
11115   890.208903  515114.296220
11116   890.288994  515134.151260
11117   890.369085  515154.005814
11118   890.449176  515173.859882
11119   890.529267  515193.713463
11120   890.609357  515213.566556
11121   890.689448  515233.419160
11122   890.769539  515253.271274
11123   890.849630  515273.122898
11124   890.929720  515292.974031
11125   891.009811  515312.824671
11126   891.089902  515332.674817
11127   891.169993  515352.524470
11128   891.250083  515372.373627
11129   891.330174  515392.222289
11130   891.410265  515412.070453
11131   891.490356  515431.918120
11132   891.570447  515451.765288
11133   891.650537  515471.611956
11134   891.730628  515491.458123
11135   891.810719  515511.303789
11136   891.890810  515531.148952
11137   891.970900  515550.993611
11138   892.050991  515570.837765
11139   892.131082  515590.681414
11140   892.211173  515610.524556
11141   892.291263  515630.367191
11142   892.371354  515650.209317
11143   892.451445  515670.050933
11144   892.531536  515689.892038
11145   892.611627  515709.732632
11146   892.691717  515729.572713
11147   892.771808  515749.412280
11148   892.851899  515769.251332
11149   892.931990  515789.089867
11150   893.012080  515808.927886
11151   893.092171  515828.765387
11152   893.172262  515848.602368
11153   893.252353  515868.438828
11154   893.332443  515888.274768
11155   893.412534  515908.110184
11156   893.492625  515927.945077
11157   893.572716  515947.779444
11158   893.652807  515967.613286
11159   893.732897  515987.446600
11160   893.812988  516007.279386
11161   893.893079  516027.111643
11162   893.973170  516046.943368
11163   894.053260  516066.774562
11164   894.133351  516086.605223
11165   894.213442  516106.435349
11166   894.293533  516126.264939
11167   894.373623  516146.093993
11168   894.453714  516165.922508
11169   894.533805  516185.750484
11170   894.613896  516205.577920
11171   894.693987  516225.404814
11172   894.774077  516245.231165
11173   894.854168  516265.056971
11174   894.934259  516284.882232
11175   895.014350  516304.706945
11176   895.094440  516324.531110
11177   895.174531  516344.354726
11178   895.254622  516364.177791
11179   895.334713  516384.000303
11180   895.414803  516403.822262
11181   895.494894  516423.643666
11182   895.574985  516443.464513
11183   895.655076  516463.284802
11184   895.735167  516483.104533
11185   895.815257  516502.923702
11186   895.895348  516522.742310
11187   895.975439  516542.560354
11188   896.055530  516562.377834
11189   896.135620  516582.194747
11190   896.215711  516602.011093
11191   896.295802  516621.826869
11192   896.375893  516641.642074
11193   896.455983  516661.456708
11194   896.536074  516681.270767
11195   896.616165  516701.084252
11196   896.696256  516720.897160
11197   896.776347  516740.709489
11198   896.856437  516760.521239
11199   896.936528  516780.332407
11200   897.016619  516800.142993
11201   897.096710  516819.952994
11202   897.176800  516839.762409
11203   897.256891  516859.571236
11204   897.336982  516879.379474
11205   897.417073  516899.187121
11206   897.497163  516918.994176
11207   897.577254  516938.800636
11208   897.657345  516958.606501
11209   897.737436  516978.411768
11210   897.817527  516998.216436
11211   897.897617  517018.020503
11212   897.977708  517037.823967
11213   898.057799  517057.626827
11214   898.137890  517077.429081
11215   898.217980  517097.230728
11216   898.298071  517117.031764
11217   898.378162  517136.832190
11218   898.458253  517156.632003
11219   898.538343  517176.431200
11220   898.618434  517196.229781
11221   898.698525  517216.027744
11222   898.778616  517235.825086
11223   898.858707  517255.621806
11224   898.938797  517275.417902
11225   899.018888  517295.213372
11226   899.098979  517315.008215
11227   899.179070  517334.802427
11228   899.259160  517354.596009
11229   899.339251  517374.388956
11230   899.419342  517394.181269
11231   899.499433  517413.972944
11232   899.579523  517433.763979
11233   899.659614  517453.554373
11234   899.739705  517473.344124
11235   899.819796  517493.133230
11236   899.899887  517512.921688
11237   899.979977  517532.709497
11238   900.060068  517552.496655
11239   900.140159  517572.283159
11240   900.220250  517592.069007
11241   900.300340  517611.854198
11242   900.380431  517631.638729
11243   900.460522  517651.422598
11244   900.540613  517671.205804
11245   900.620703  517690.988342
11246   900.700794  517710.770213
11247   900.780885  517730.551413
11248   900.860976  517750.331940
11249   900.941067  517770.111793
11250   901.021157  517789.890968
11251   901.101248  517809.669464
11252   901.181339  517829.447278
11253   901.261430  517849.224408
11254   901.341520  517869.000851
11255   901.421611  517888.776606
11256   901.501702  517908.551671
11257   901.581793  517928.326042
11258   901.661883  517948.099717
11259   901.741974  517967.872695
11260   901.822065  517987.644972
11261   901.902156  518007.416546
11262   901.982247  518027.187415
11263   902.062337  518046.957576
11264   902.142428  518066.727028
11265   902.222519  518086.495766
11266   902.302610  518106.263790
11267   902.382700  518126.031096
11268   902.462791  518145.797682
11269   902.542882  518165.563545
11270   902.622973  518185.328683
11271   902.703063  518205.093094
11272   902.783154  518224.856774
11273   902.863245  518244.619721
11274   902.943336  518264.381932
11275   903.023427  518284.143405
11276   903.103517  518303.904137
11277   903.183608  518323.664126
11278   903.263699  518343.423368
11279   903.343790  518363.181861
11280   903.423880  518382.939603
11281   903.503971  518402.696590
11282   903.584062  518422.452819
11283   903.664153  518442.208289
11284   903.744243  518461.962995
11285   903.824334  518481.716936
11286   903.904425  518501.470108
11287   903.984516  518521.222509
11288   904.064607  518540.974135
11289   904.144697  518560.724984
11290   904.224788  518580.475052
11291   904.304879  518600.224338
11292   904.384970  518619.972837
11293   904.465060  518639.720547
11294   904.545151  518659.467465
11295   904.625242  518679.213588
11296   904.705333  518698.958912
11297   904.785423  518718.703435
11298   904.865514  518738.447154
11299   904.945605  518758.190065
11300   905.025696  518777.932165
11301   905.105787  518797.673451
11302   905.185877  518817.413920
11303   905.265968  518837.153569
11304   905.346059  518856.892395
11305   905.426150  518876.630393
11306   905.506240  518896.367562
11307   905.586331  518916.103897
11308   905.666422  518935.839395
11309   905.746513  518955.574054
11310   905.826603  518975.307869
11311   905.906694  518995.040837
11312   905.986785  519014.772955
11313   906.066876  519034.504219
11314   906.146967  519054.234627
11315   906.227057  519073.964173
11316   906.307148  519093.692856
11317   906.387239  519113.420671
11318   906.467330  519133.147615
11319   906.547420  519152.873684
11320   906.627511  519172.598875
11321   906.707602  519192.323184
11322   906.787693  519212.046607
11323   906.867783  519231.769142
11324   906.947874  519251.490783
11325   907.027965  519271.211527
11326   907.108056  519290.931371
11327   907.188147  519310.650311
11328   907.268237  519330.368344
11329   907.348328  519350.085464
11330   907.428419  519369.801669
11331   907.508510  519389.516954
11332   907.588600  519409.231316
11333   907.668691  519428.944751
11334   907.748782  519448.657254
11335   907.828873  519468.368822
11336   907.908963  519488.079452
11337   907.989054  519507.789138
11338   908.069145  519527.497877
11339   908.149236  519547.205664
11340   908.229327  519566.912496
11341   908.309417  519586.618369
11342   908.389508  519606.323278
11343   908.469599  519626.027219
11344   908.549690  519645.730189
11345   908.629780  519665.432182
11346   908.709871  519685.133194
11347   908.789962  519704.833222
11348   908.870053  519724.532260
11349   908.950143  519744.230305
11350   909.030234  519763.927352
11351   909.110325  519783.623397
11352   909.190416  519803.318435
11353   909.270507  519823.012461
11354   909.350597  519842.705472
11355   909.430688  519862.397463
11356   909.510779  519882.088429
11357   909.590870  519901.778366
11358   909.670960  519921.467268
11359   909.751051  519941.155132
11360   909.831142  519960.841952
11361   909.911233  519980.527725
11362   909.991323  520000.212444
11363   910.071414  520019.896106
11364   910.151505  520039.578705
11365   910.231596  520059.260237
11366   910.311687  520078.940697
11367   910.391777  520098.620080
11368   910.471868  520118.298381
11369   910.551959  520137.975594
11370   910.632050  520157.651716
11371   910.712140  520177.326741
11372   910.792231  520197.000664
11373   910.872322  520216.673479
11374   910.952413  520236.345182
11375   911.032504  520256.015768
11376   911.112594  520275.685231
11377   911.192685  520295.353566
11378   911.272776  520315.020768
11379   911.352867  520334.686831
11380   911.432957  520354.351750
11381   911.513048  520374.015521
11382   911.593139  520393.678137
11383   911.673230  520413.339592
11384   911.753320  520432.999883
11385   911.833411  520452.659002
11386   911.913502  520472.316945
11387   911.993593  520491.973706
11388   912.073684  520511.629280
11389   912.153774  520531.283660
11390   912.233865  520550.936841
11391   912.313956  520570.588818
11392   912.394047  520590.239584
11393   912.474137  520609.889135
11394   912.554228  520629.537463
11395   912.634319  520649.184564
11396   912.714410  520668.830431
11397   912.794500  520688.475058
11398   912.874591  520708.118440
11399   912.954682  520727.760571
11400   913.034773  520747.401444
11401   913.114864  520767.041053
11402   913.194954  520786.679393
11403   913.275045  520806.316457
11404   913.355136  520825.952238
11405   913.435227  520845.586732
11406   913.515317  520865.219931
11407   913.595408  520884.851829
11408   913.675499  520904.482419
11409   913.755590  520924.111696
11410   913.835680  520943.739653
11411   913.915771  520963.366284
11412   913.995862  520982.991581
11413   914.075953  521002.615538
11414   914.156044  521022.238149
11415   914.236134  521041.859407
11416   914.316225  521061.479306
11417   914.396316  521081.097838
11418   914.476407  521100.714996
11419   914.556497  521120.330775
11420   914.636588  521139.945166
11421   914.716679  521159.558163
11422   914.796770  521179.169760
11423   914.876860  521198.779948
11424   914.956951  521218.388722
11425   915.037042  521237.996073
11426   915.117133  521257.601995
11427   915.197224  521277.206480
11428   915.277314  521296.809522
11429   915.357405  521316.411112
11430   915.437496  521336.011245
11431   915.517587  521355.609911
11432   915.597677  521375.207104
11433   915.677768  521394.802817
11434   915.757859  521414.397042
11435   915.837950  521433.989771
11436   915.918040  521453.580996
11437   915.998131  521473.170711
11438   916.078222  521492.758907
11439   916.158313  521512.345577
11440   916.238404  521531.930713
11441   916.318494  521551.514307
11442   916.398585  521571.096352
11443   916.478676  521590.676839
11444   916.558767  521610.255760
11445   916.638857  521629.833108
11446   916.718948  521649.408874
11447   916.799039  521668.983051
11448   916.879130  521688.555630
11449   916.959220  521708.126603
11450   917.039311  521727.695962
11451   917.119402  521747.263699
11452   917.199493  521766.829805
11453   917.279584  521786.394272
11454   917.359674  521805.957091
11455   917.439765  521825.518255
11456   917.519856  521845.077754
11457   917.599947  521864.635580
11458   917.680037  521884.191725
11459   917.760128  521903.746179
11460   917.840219  521923.298934
11461   917.920310  521942.849982
11462   918.000400  521962.399312
11463   918.080491  521981.946917
11464   918.160582  522001.492788
11465   918.240673  522021.036914
11466   918.320764  522040.579288
11467   918.400854  522060.119900
11468   918.480945  522079.658741
11469   918.561036  522099.195801
11470   918.641127  522118.731072
11471   918.721217  522138.264543
11472   918.801308  522157.796206
11473   918.881399  522177.326050
11474   918.961490  522196.854066
11475   919.041580  522216.380245
11476   919.121671  522235.904577
11477   919.201762  522255.427052
11478   919.281853  522274.947659
11479   919.361944  522294.466390
11480   919.442034  522313.983234
11481   919.522125  522333.498181
11482   919.602216  522353.011221
11483   919.682307  522372.522344
11484   919.762397  522392.031540
11485   919.842488  522411.538798
11486   919.922579  522431.044107
11487   920.002670  522450.547459
11488   920.082760  522470.048842
11489   920.162851  522489.548245
11490   920.242942  522509.045658
11491   920.323033  522528.541071
11492   920.403124  522548.034473
11493   920.483214  522567.525853
11494   920.563305  522587.015200
11495   920.643396  522606.502504
11496   920.723487  522625.987753
11497   920.803577  522645.470937
11498   920.883668  522664.952045
11499   920.963759  522684.431065
11500   921.043850  522703.907987
11501   921.123940  522723.382800
11502   921.204031  522742.855492
11503   921.284122  522762.326052
11504   921.364213  522781.794468
11505   921.444304  522801.260730
11506   921.524394  522820.724826
11507   921.604485  522840.186745
11508   921.684576  522859.646474
11509   921.764667  522879.104002
11510   921.844757  522898.559319
11511   921.924848  522918.012411
11512   922.004939  522937.463267
11513   922.085030  522956.911875
11514   922.165120  522976.358224
11515   922.245211  522995.802300
11516   922.325302  523015.244093
11517   922.405393  523034.683590
11518   922.485484  523054.120778
11519   922.565574  523073.555645
11520   922.645665  523092.988180
11521   922.725756  523112.418368
11522   922.805847  523131.846199
11523   922.885937  523151.271658
11524   922.966028  523170.694733
11525   923.046119  523190.115412
11526   923.126210  523209.533681
11527   923.206300  523228.949527
11528   923.286391  523248.362937
11529   923.366482  523267.773898
11530   923.446573  523287.182396
11531   923.526664  523306.588418
11532   923.606754  523325.991951
11533   923.686845  523345.392981
11534   923.766936  523364.791493
11535   923.847027  523384.187475
11536   923.927117  523403.580912
11537   924.007208  523422.971790
11538   924.087299  523442.360095
11539   924.167390  523461.745814
11540   924.247480  523481.128931
11541   924.327571  523500.509433
11542   924.407662  523519.887305
11543   924.487753  523539.262532
11544   924.567844  523558.635101
11545   924.647934  523578.004996
11546   924.728025  523597.372203
11547   924.808116  523616.736707
11548   924.888207  523636.098493
11549   924.968297  523655.457547
11550   925.048388  523674.813853
11551   925.128479  523694.167397
11552   925.208570  523713.518163
11553   925.288660  523732.866137
11554   925.368751  523752.211304
11555   925.448842  523771.553648
11556   925.528933  523790.893154
11557   925.609024  523810.229807
11558   925.689114  523829.563591
11559   925.769205  523848.894492
11560   925.849296  523868.222493
11561   925.929387  523887.547579
11562   926.009477  523906.869736
11563   926.089568  523926.188946
11564   926.169659  523945.505195
11565   926.249750  523964.818466
11566   926.329840  523984.128744
11567   926.409931  524003.436013
11568   926.490022  524022.740257
11569   926.570113  524042.041460
11570   926.650204  524061.339605
11571   926.730294  524080.634677
11572   926.810385  524099.926659
11573   926.890476  524119.215534
11574   926.970567  524138.501286
11575   927.050657  524157.783898
11576   927.130748  524177.063354
11577   927.210839  524196.339636
11578   927.290930  524215.612728
11579   927.371020  524234.882611
11580   927.451111  524254.149269
11581   927.531202  524273.412685
11582   927.611293  524292.672840
11583   927.691384  524311.929717
11584   927.771474  524331.183298
11585   927.851565  524350.433565
11586   927.931656  524369.680499
11587   928.011747  524388.924083
11588   928.091837  524408.164297
11589   928.171928  524427.401124
11590   928.252019  524446.634544
11591   928.332110  524465.864538
11592   928.412200  524485.091087
11593   928.492291  524504.314173
11594   928.572382  524523.533775
11595   928.652473  524542.749875
11596   928.732564  524561.962452
11597   928.812654  524581.171488
11598   928.892745  524600.376961
11599   928.972836  524619.578853
11600   929.052927  524638.777143
11601   929.133017  524657.971812
11602   929.213108  524677.162838
11603   929.293199  524696.350203
11604   929.373290  524715.533885
11605   929.453380  524734.713865
11606   929.533471  524753.890122
11607   929.613562  524773.062636
11608   929.693653  524792.231386
11609   929.773744  524811.396352
11610   929.853834  524830.557514
11611   929.933925  524849.714851
11612   930.014016  524868.868342
11613   930.094107  524888.017968
11614   930.174197  524907.163707
11615   930.254288  524926.305540
11616   930.334379  524945.443446
11617   930.414470  524964.577404
11618   930.494561  524983.707393
11619   930.574651  525002.833394
11620   930.654742  525021.955385
11621   930.734833  525041.073346
11622   930.814924  525060.187256
11623   930.895014  525079.297094
11624   930.975105  525098.402839
11625   931.055196  525117.504471
11626   931.135287  525136.601967
11627   931.215377  525155.695308
11628   931.295468  525174.784471
11629   931.375559  525193.869435
11630   931.455650  525212.950178
11631   931.535741  525232.026679
11632   931.615831  525251.098916
11633   931.695922  525270.166865
11634   931.776013  525289.230506
11635   931.856104  525308.289815
11636   931.936194  525327.344770
11637   932.016285  525346.395347
11638   932.096376  525365.441524
11639   932.176467  525384.483276
11640   932.256557  525403.520580
11641   932.336648  525422.553413
11642   932.416739  525441.581749
11643   932.496830  525460.605565
11644   932.576921  525479.624835
11645   932.657011  525498.639536
11646   932.737102  525517.649641
11647   932.817193  525536.655125
11648   932.897284  525555.655962
11649   932.977374  525574.652127
11650   933.057465  525593.643594
11651   933.137556  525612.630335
11652   933.217647  525631.612326
11653   933.297737  525650.589538
11654   933.377828  525669.561945
11655   933.457919  525688.529521
11656   933.538010  525707.492237
11657   933.618101  525726.450067
11658   933.698191  525745.402984
11659   933.778282  525764.350959
11660   933.858373  525783.293966
11661   933.938464  525802.231976
11662   934.018554  525821.164963
11663   934.098645  525840.092899
11664   934.178736  525859.015756
11665   934.258827  525877.933507
11666   934.338917  525896.846125
11667   934.419008  525915.753583
11668   934.499099  525934.655852
11669   934.579190  525953.552908
11670   934.659281  525972.444722
11671   934.739371  525991.331268
11672   934.819462  526010.212520
11673   934.899553  526029.088452
11674   934.979644  526047.959037
11675   935.059734  526066.824248
11676   935.139825  526085.684061
11677   935.219916  526104.538450
11678   935.300007  526123.387388
11679   935.380097  526142.230849
11680   935.460188  526161.068808
11681   935.540279  526179.901239
11682   935.620370  526198.728116
11683   935.700461  526217.549413
11684   935.780551  526236.365104
11685   935.860642  526255.175162
11686   935.940733  526273.979561
11687   936.020824  526292.778273
11688   936.100914  526311.571272
11689   936.181005  526330.358531
11690   936.261096  526349.140021
11691   936.341187  526367.915715
11692   936.421277  526386.685584
11693   936.501368  526405.449599
11694   936.581459  526424.207730
11695   936.661550  526442.959949
11696   936.741641  526461.706224
11697   936.821731  526480.446525
11698   936.901822  526499.180821
11699   936.981913  526517.909080
11700   937.062004  526536.631270
11701   937.142094  526555.347359
11702   937.222185  526574.057313
11703   937.302276  526592.761099
11704   937.382367  526611.458683
11705   937.462457  526630.150031
11706   937.542548  526648.835107
11707   937.622639  526667.513877
11708   937.702730  526686.186306
11709   937.782821  526704.852356
11710   937.862911  526723.511993
11711   937.943002  526742.165179
11712   938.023093  526760.811879
11713   938.103184  526779.452055
11714   938.183274  526798.085670
11715   938.263365  526816.712687
11716   938.343456  526835.333070
11717   938.423547  526853.946780
11718   938.503637  526872.553781
11719   938.583728  526891.154036
11720   938.663819  526909.747508
11721   938.743910  526928.334160
11722   938.824001  526946.913955
11723   938.904091  526965.486858
11724   938.984182  526984.052833
11725   939.064273  527002.611843
11726   939.144364  527021.163854
11727   939.224454  527039.708832
11728   939.304545  527058.246742
11729   939.384636  527076.777552
11730   939.464727  527095.301228
11731   939.544817  527113.817738
11732   939.624908  527132.327052
11733   939.704999  527150.829138
11734   939.785090  527169.323967
11735   939.865181  527187.811509
11736   939.945271  527206.291737
11737   940.025362  527224.764621
11738   940.105453  527243.230133
11739   940.185544  527261.688245
11740   940.265634  527280.138930
11741   940.345725  527298.582159
11742   940.425816  527317.017904
11743   940.505907  527335.446136
11744   940.585997  527353.866826
11745   940.666088  527372.279945
11746   940.746179  527390.685462
11747   940.826270  527409.083345
11748   940.906361  527427.473563
11749   940.986451  527445.856082
11750   941.066542  527464.230870
11751   941.146633  527482.597890
11752   941.226724  527500.957106
11753   941.306814  527519.308482
11754   941.386905  527537.651979
11755   941.466996  527555.987557
11756   941.547087  527574.315177
11757   941.627177  527592.634796
11758   941.707268  527610.946372
11759   941.787359  527629.249862
11760   941.867450  527647.545219
11761   941.947541  527665.832399
11762   942.027631  527684.111356
11763   942.107722  527702.382041
11764   942.187813  527720.644407
11765   942.267904  527738.898404
11766   942.347994  527757.143984
11767   942.428085  527775.381097
11768   942.508176  527793.609692
11769   942.588267  527811.829718
11770   942.668357  527830.041125
11771   942.748448  527848.243861
11772   942.828539  527866.437877
11773   942.908630  527884.623120
11774   942.988721  527902.799539
11775   943.068811  527920.967085
11776   943.148902  527939.125707
11777   943.228993  527957.275356
11778   943.309084  527975.415982
11779   943.389174  527993.547538
11780   943.469265  528011.669974
11781   943.549356  528029.783246
11782   943.629447  528047.887307
11783   943.709537  528065.982113
11784   943.789628  528084.067620
11785   943.869719  528102.143786
11786   943.949810  528120.210570
11787   944.029901  528138.267934
11788   944.109991  528156.315838
11789   944.190082  528174.354248
11790   944.270173  528192.383129
11791   944.350264  528210.402447
11792   944.430354  528228.412172
11793   944.510445  528246.412275
11794   944.590536  528264.402730
11795   944.670627  528282.383510
11796   944.750717  528300.354593
11797   944.830808  528318.315958
11798   944.910899  528336.267587
11799   944.990990  528354.209463
11800   945.071081  528372.141569
11801   945.151171  528390.063889
11802   945.231262  528407.976404
11803   945.311353  528425.879095
11804   945.391444  528443.771940
11805   945.471534  528461.654915
11806   945.551625  528479.527991
11807   945.631716  528497.391137
11808   945.711807  528515.244319
11809   945.791897  528533.087499
11810   945.871988  528550.920635
11811   945.952079  528568.743682
11812   946.032170  528586.556590
11813   946.112261  528604.359307
11814   946.192351  528622.151779
11815   946.272442  528639.933946
11816   946.352533  528657.705747
11817   946.432624  528675.467118
11818   946.512714  528693.217992
11819   946.592805  528710.958301
11820   946.672896  528728.687973
11821   946.752987  528746.406937
11822   946.833077  528764.115120
11823   946.913168  528781.812446
11824   946.993259  528799.498839
11825   947.073350  528817.174225
11826   947.153441  528834.838526
11827   947.233531  528852.491667
11828   947.313622  528870.133571
11829   947.393713  528887.764163
11830   947.473804  528905.383369
11831   947.553894  528922.991115
11832   947.633985  528940.587329
11833   947.714076  528958.171939
11834   947.794167  528975.744878
11835   947.874257  528993.306077
11836   947.954348  529010.855473
11837   948.034439  529028.393002
11838   948.114530  529045.918605
11839   948.194621  529063.432223
11840   948.274711  529080.933802
11841   948.354802  529098.423291
11842   948.434893  529115.900640
11843   948.514984  529133.365805
11844   948.595074  529150.818743
11845   948.675165  529168.259415
11846   948.755256  529185.687786
11847   948.835347  529203.103825
11848   948.915437  529220.507503
11849   948.995528  529237.898796
11850   949.075619  529255.277684
11851   949.155710  529272.644149
11852   949.235801  529289.998178
11853   949.315891  529307.339763
11854   949.395982  529324.668898
11855   949.476073  529341.985582
11856   949.556164  529359.289817
11857   949.636254  529376.581609
11858   949.716345  529393.860970
11859   949.796436  529411.127912
11860   949.876527  529428.382454
11861   949.956617  529445.624618
11862   950.036708  529462.854428
11863   950.116799  529480.071915
11864   950.196890  529497.277111
11865   950.276981  529514.470052
11866   950.357071  529531.650777
11867   950.437162  529548.819293
11868   950.517253  529565.975579
11869   950.597344  529583.119593
11870   950.677434  529600.251270
11871   950.757525  529617.370529
11872   950.837616  529634.477273
11873   950.917707  529651.571391
11874   950.997798  529668.652764
11875   951.077888  529685.721262
11876   951.157979  529702.776749
11877   951.238070  529719.819083
11878   951.318161  529736.848120
11879   951.398251  529753.863712
11880   951.478342  529770.865711
11881   951.558433  529787.853968
11882   951.638524  529804.828338
11883   951.718614  529821.788675
11884   951.798705  529838.734838
11885   951.878796  529855.666689
11886   951.958887  529872.584095
11887   952.038978  529889.486926
11888   952.119068  529906.375061
11889   952.199159  529923.248382
11890   952.279250  529940.106779
11891   952.359341  529956.950148
11892   952.439431  529973.778393
11893   952.519522  529990.591424
11894   952.599613  530007.389159
11895   952.679704  530024.171524
11896   952.759794  530040.938453
11897   952.839885  530057.689886
11898   952.919976  530074.425772
11899   953.000067  530091.146069
11900   953.080158  530107.850741
11901   953.160248  530124.539761
11902   953.240339  530141.213109
11903   953.320430  530157.870772
11904   953.400521  530174.512747
11905   953.480611  530191.139037
11906   953.560702  530207.749652
11907   953.640793  530224.344610
11908   953.720884  530240.923935
11909   953.800974  530257.487660
11910   953.881065  530274.035822
11911   953.961156  530290.568467
11912   954.041247  530307.085646
11913   954.121338  530323.587417
11914   954.201428  530340.073843
11915   954.281519  530356.544995
11916   954.361610  530373.000948
11917   954.441701  530389.441782
11918   954.521791  530405.867583
11919   954.601882  530422.278443
11920   954.681973  530438.674457
11921   954.762064  530455.055727
11922   954.842154  530471.422357
11923   954.922245  530487.774457
11924   955.002336  530504.112141
11925   955.082427  530520.435526
11926   955.162518  530536.744733
11927   955.242608  530553.039887
11928   955.322699  530569.321117
11929   955.402790  530585.588553
11930   955.482881  530601.842331
11931   955.562971  530618.082587
11932   955.643062  530634.309460
11933   955.723153  530650.523095
11934   955.803244  530666.722967
11935   955.883334  530682.908283
11936   955.963425  530699.078317
11937   956.043516  530715.232406
11938   956.123607  530731.369946
11939   956.203698  530747.490392
11940   956.283788  530763.593252
11941   956.363879  530779.678085
11942   956.443970  530795.744496
11943   956.524061  530811.792138
11944   956.604151  530827.820703
11945   956.684242  530843.829927
11946   956.764333  530859.819579
11947   956.844424  530875.789469
11948   956.924514  530891.739434
11949   957.004605  530907.669348
11950   957.084696  530923.579111
11951   957.164787  530939.468650
11952   957.244878  530955.337921
11953   957.324968  530971.186902
11954   957.405059  530987.015592
11955   957.485150  531002.824015
11956   957.565241  531018.612211
11957   957.645331  531034.380240
11958   957.725422  531050.128180
11959   957.805513  531065.856124
11960   957.885604  531081.564178
11961   957.965694  531097.252464
11962   958.045785  531112.921117
11963   958.125876  531128.570282
11964   958.205967  531144.200115
11965   958.286058  531159.810784
11966   958.366148  531175.402463
11967   958.446239  531190.975338
11968   958.526330  531206.529598
11969   958.606421  531222.065444
11970   958.686511  531237.583080
11971   958.766602  531253.082716
11972   958.846693  531268.564570
11973   958.926784  531284.028860
11974   959.006874  531299.475811
11975   959.086965  531314.905652
11976   959.167056  531330.318614
11977   959.247147  531345.714930
11978   959.327238  531361.094838
11979   959.407328  531376.458574
11980   959.487419  531391.806380
11981   959.567510  531407.138495
11982   959.647601  531422.455163
11983   959.727691  531437.756625
11984   959.807782  531453.043124
11985   959.887873  531468.314905
11986   959.967964  531483.572209
11987   960.048054  531498.815279
11988   960.128145  531514.044357
11989   960.208236  531529.259686
11990   960.288327  531544.461504
11991   960.368418  531559.650052
11992   960.448508  531574.825567
11993   960.528599  531589.988286
11994   960.608690  531605.138444
11995   960.688781  531620.276274
11996   960.768871  531635.402008
11997   960.848962  531650.515876
11998   960.929053  531665.618105
11999   961.009144  531680.708921
12000   961.089234  531695.788547
12001   961.169325  531710.849846
12002   961.249416  531725.871592
12003   961.329507  531740.854968
12004   961.409598  531755.801115
12005   961.489688  531770.711139
12006   961.569779  531785.586110
12007   961.649870  531800.427060
12008   961.729961  531815.234993
12009   961.810051  531830.010875
12010   961.890142  531844.755645
12011   961.970233  531859.470211
12012   962.050324  531874.155451
12013   962.130414  531888.812217
12014   962.210505  531903.441332
12015   962.290596  531918.043595
12016   962.370687  531932.619778
12017   962.450778  531947.170633
12018   962.530868  531961.696883
12019   962.610959  531976.199232
12020   962.691050  531990.678363
12021   962.771141  532005.134935
12022   962.851231  532019.569590
12023   962.931322  532033.982947
12024   963.011413  532048.375610
12025   963.091504  532062.748161
12026   963.171594  532077.101166
12027   963.251685  532091.435175
12028   963.331776  532105.750720
12029   963.411867  532120.048317
12030   963.491958  532134.328467
12031   963.572048  532148.591656
12032   963.652139  532162.838356
12033   963.732230  532177.069024
12034   963.812321  532191.284104
12035   963.892411  532205.484027
12036   963.972502  532219.669211
12037   964.052593  532233.840063
12038   964.132684  532247.996976
12039   964.212774  532262.140332
12040   964.292865  532276.270502
12041   964.372956  532290.387848
12042   964.453047  532304.492720
12043   964.533138  532318.585456
12044   964.613228  532332.666387
12045   964.693319  532346.735834
12046   964.773410  532360.794108
12047   964.853501  532374.841511
12048   964.933591  532388.878336
12049   965.013682  532402.904869
12050   965.093773  532416.921387
12051   965.173864  532430.928158
12052   965.253954  532444.925445
12053   965.334045  532458.913501
12054   965.414136  532472.892574
12055   965.494227  532486.862901
12056   965.574318  532500.824718
12057   965.654408  532514.778249
12058   965.734499  532528.723716
12059   965.814590  532542.661331
12060   965.894681  532556.591303
12061   965.974771  532570.513833
12062   966.054862  532584.429117
12063   966.134953  532598.337347
12064   966.215044  532612.238707
12065   966.295134  532626.133377
12066   966.375225  532640.021534
12067   966.455316  532653.903347
12068   966.535407  532667.778981
12069   966.615498  532681.648598
12070   966.695588  532695.512353
12071   966.775679  532709.370399
12072   966.855770  532723.222884
12073   966.935861  532737.069951
12074   967.015951  532750.911740
12075   967.096042  532764.748387
12076   967.176133  532778.580024
12077   967.256224  532792.406779
12078   967.336314  532806.228778
12079   967.416405  532820.046142
12080   967.496496  532833.858988
12081   967.576587  532847.667432
12082   967.656678  532861.471585
12083   967.736768  532875.271556
12084   967.816859  532889.067451
12085   967.896950  532902.859372
12086   967.977041  532916.647420
12087   968.057131  532930.431691
12088   968.137222  532944.212279
12089   968.217313  532957.989277
12090   968.297404  532971.762775
12091   968.377494  532985.532858
12092   968.457585  532999.299612
12093   968.537676  533013.063119
12094   968.617767  533026.823459
12095   968.697858  533040.580710
12096   968.777948  533054.334947
12097   968.858039  533068.086244
12098   968.938130  533081.834673
12099   969.018221  533095.580303
12100   969.098311  533109.323202
12101   969.178402  533123.063437
12102   969.258493  533136.801070
12103   969.338584  533150.536165
12104   969.418674  533164.268783
12105   969.498765  533177.998982
12106   969.578856  533191.726820
12107   969.658947  533205.452352
12108   969.739038  533219.175634
12109   969.819128  533232.896718
12110   969.899219  533246.615655
12111   969.979310  533260.332495
12112   970.059401  533274.047289
12113   970.139491  533287.760081
12114   970.219582  533301.470920
12115   970.299673  533315.179849
12116   970.379764  533328.886913
12117   970.459855  533342.592153
12118   970.539945  533356.295611
12119   970.620036  533369.997328
12120   970.700127  533383.697343
12121   970.780218  533397.395693
12122   970.860308  533411.092415
12123   970.940399  533424.787546
12124   971.020490  533438.481121
12125   971.100581  533452.173174
12126   971.180671  533465.863738
12127   971.260762  533479.552845
12128   971.340853  533493.240527
12129   971.420944  533506.926814
12130   971.501035  533520.611737
12131   971.581125  533534.295324
12132   971.661216  533547.977603
12133   971.741307  533561.658602
12134   971.821398  533575.338347
12135   971.901488  533589.016864
12136   971.981579  533602.694180
12137   972.061670  533616.370317
12138   972.141761  533630.045301
12139   972.221851  533643.719155
12140   972.301942  533657.391900
12141   972.382033  533671.063560
12142   972.462124  533684.734155
12143   972.542215  533698.403708
12144   972.622305  533712.072237
12145   972.702396  533725.739762
12146   972.782487  533739.406304
12147   972.862578  533753.071880
12148   972.942668  533766.736509
12149   973.022759  533780.400209
12150   973.102850  533794.062997
12151   973.182941  533807.724890
12152   973.263031  533821.385903
12153   973.343122  533835.046054
12154   973.423213  533848.705357
12155   973.503304  533862.363827
12156   973.583395  533876.021480
12157   973.663485  533889.678329
12158   973.743576  533903.334389
12159   973.823667  533916.989672
12160   973.903758  533930.644193
12161   973.983848  533944.297963
12162   974.063939  533957.950996
12163   974.144030  533971.603303
12164   974.224121  533985.254897
12165   974.304211  533998.905788
12166   974.384302  534012.555988
12167   974.464393  534026.205508
12168   974.544484  534039.854358
12169   974.624575  534053.502549
12170   974.704665  534067.150091
12171   974.784756  534080.796993
12172   974.864847  534094.443265
12173   974.944938  534108.088916
12174   975.025028  534121.733956
12175   975.105119  534135.378393
12176   975.185210  534149.022235
12177   975.265301  534162.665491
12178   975.345391  534176.308168
12179   975.425482  534189.950276
12180   975.505573  534203.591821
12181   975.585664  534217.232811
12182   975.665755  534230.873253
12183   975.745845  534244.513154
12184   975.825936  534258.152521
12185   975.906027  534271.791360
12186   975.986118  534285.429679
12187   976.066208  534299.067484
12188   976.146299  534312.704780
12189   976.226390  534326.341573
12190   976.306481  534339.977871
12191   976.386571  534353.613677
12192   976.466662  534367.248998
12193   976.546753  534380.883839
12194   976.626844  534394.518206
12195   976.706935  534408.152103
12196   976.787025  534421.785535
12197   976.867116  534435.418508
12198   976.947207  534449.051025
12199   977.027298  534462.683092
12200   977.107388  534476.314713
12201   977.187479  534489.945892
12202   977.267570  534503.576633
12203   977.347661  534517.206941
12204   977.427751  534530.836820
12205   977.507842  534544.466273
12206   977.587933  534558.095304
12207   977.668024  534571.723917
12208   977.748115  534585.352116
12209   977.828205  534598.979904
12210   977.908296  534612.607284
12211   977.988387  534626.234260
12212   978.068478  534639.860835
12213   978.148568  534653.487011
12214   978.228659  534667.112793
12215   978.308750  534680.738183
12216   978.388841  534694.363184
12217   978.468931  534707.987799
12218   978.549022  534721.612030
12219   978.629113  534735.235880
12220   978.709204  534748.859352
12221   978.789295  534762.482448
12222   978.869385  534776.105171
12223   978.949476  534789.727524
12224   979.029567  534803.349507
12225   979.109658  534816.971124
12226   979.189748  534830.592378
12227   979.269839  534844.213269
12228   979.349930  534857.833800
12229   979.430021  534871.453974
12230   979.510111  534885.073791
12231   979.590202  534898.693255
12232   979.670293  534912.312367
12233   979.750384  534925.931128
12234   979.830475  534939.549541
12235   979.910565  534953.167607
12236   979.990656  534966.785328
12237   980.070747  534980.402706
12238   980.150838  534994.019742
12239   980.230928  535007.636438
12240   980.311019  535021.252794
12241   980.391110  535034.868814
12242   980.471201  535048.484498
12243   980.551291  535062.099847
12244   980.631382  535075.714863
12245   980.711473  535089.329547
12246   980.791564  535102.943901
12247   980.871655  535116.557925
12248   980.951745  535130.171622
12249   981.031836  535143.784991
12250   981.111927  535157.398035
12251   981.192018  535171.010754
12252   981.272108  535184.623150
12253   981.352199  535198.235223
12254   981.432290  535211.846974
12255   981.512381  535225.458406
12256   981.592471  535239.069517
12257   981.672562  535252.680311
12258   981.752653  535266.290787
12259   981.832744  535279.900946
12260   981.912835  535293.510789
12261   981.992925  535307.120317
12262   982.073016  535320.729531
12263   982.153107  535334.338432
12264   982.233198  535347.947021
12265   982.313288  535361.555297
12266   982.393379  535375.163263
12267   982.473470  535388.770918
12268   982.553561  535402.378264
12269   982.633651  535415.985301
12270   982.713742  535429.592030
12271   982.793833  535443.198451
12272   982.873924  535456.804565
12273   982.954015  535470.410373
12274   983.034105  535484.015875
12275   983.114196  535497.621072
12276   983.194287  535511.225964
12277   983.274378  535524.830552
12278   983.354468  535538.434837
12279   983.434559  535552.038819
12280   983.514650  535565.642498
12281   983.594741  535579.245876
12282   983.674831  535592.848952
12283   983.754922  535606.451726
12284   983.835013  535620.054201
12285   983.915104  535633.656375
12286   983.995195  535647.258249
12287   984.075285  535660.859825
12288   984.155376  535674.461101
12289   984.235467  535688.062079
12290   984.315558  535701.662759
12291   984.395648  535715.263141
12292   984.475739  535728.863225
12293   984.555830  535742.463013
12294   984.635921  535756.062504
12295   984.716011  535769.661699
12296   984.796102  535783.260598
12297   984.876193  535796.859201
12298   984.956284  535810.457508
12299   985.036375  535824.055521
12300   985.116465  535837.653239
12301   985.196556  535851.250662
12302   985.276647  535864.847791
12303   985.356738  535878.444626
12304   985.436828  535892.041168
12305   985.516919  535905.637416
12306   985.597010  535919.233370
12307   985.677101  535932.829032
12308   985.757191  535946.424401
12309   985.837282  535960.019478
12310   985.917373  535973.614262
12311   985.997464  535987.208754
12312   986.077555  536000.802955
12313   986.157645  536014.396863
12314   986.237736  536027.990481
12315   986.317827  536041.583807
12316   986.397918  536055.176841
12317   986.478008  536068.769585
12318   986.558099  536082.362038
12319   986.638190  536095.954201
12320   986.718281  536109.546073
12321   986.798371  536123.137655
12322   986.878462  536136.728946
12323   986.958553  536150.319948
12324   987.038644  536163.910660
12325   987.118735  536177.501082
12326   987.198825  536191.091215
12327   987.278916  536204.681058
12328   987.359007  536218.270612
12329   987.439098  536231.859877
12330   987.519188  536245.448853
12331   987.599279  536259.037540
12332   987.679370  536272.625938
12333   987.759461  536286.214047
12334   987.839551  536299.801868
12335   987.919642  536313.389400
12336   987.999733  536326.976644
12337   988.079824  536340.563599
12338   988.159915  536354.150266
12339   988.240005  536367.736645
12340   988.320096  536381.322736
12341   988.400187  536394.908539
12342   988.480278  536408.494055
12343   988.560368  536422.079282
12344   988.640459  536435.664222
12345   988.720550  536449.248874
12346   988.800641  536462.833238
12347   988.880731  536476.417315
12348   988.960822  536490.001104
12349   989.040913  536503.584606
12350   989.121004  536517.167821
12351   989.201095  536530.750748
12352   989.281185  536544.333388
12353   989.361276  536557.915741
12354   989.441367  536571.497807
12355   989.521458  536585.079586
12356   989.601548  536598.661077
12357   989.681639  536612.242282
12358   989.761730  536625.823200
12359   989.841821  536639.403831
12360   989.921911  536652.984175
12361   990.002002  536666.564232
12362   990.082093  536680.144002
12363   990.162184  536693.723486
12364   990.242275  536707.302682
12365   990.322365  536720.881593
12366   990.402456  536734.460216
12367   990.482547  536748.038553
12368   990.562638  536761.616603
12369   990.642728  536775.194367
12370   990.722819  536788.771844
12371   990.802910  536802.349034
12372   990.883001  536815.925938
12373   990.963092  536829.502555
12374   991.043182  536843.078886
12375   991.123273  536856.654930
12376   991.203364  536870.230688
12377   991.283455  536883.806160
12378   991.363545  536897.381345
12379   991.443636  536910.956243
12380   991.523727  536924.530855
12381   991.603818  536938.105181
12382   991.683908  536951.679220
12383   991.763999  536965.252973
12384   991.844090  536978.826439
12385   991.924181  536992.399619
12386   992.004272  537005.972513
12387   992.084362  537019.545120
12388   992.164453  537033.117441
12389   992.244544  537046.689475
12390   992.324635  537060.261223
12391   992.404725  537073.832684
12392   992.484816  537087.403859
12393   992.564907  537100.974748
12394   992.644998  537114.545350
12395   992.725088  537128.115666
12396   992.805179  537141.685695
12397   992.885270  537155.255438
12398   992.965361  537168.824895
12399   993.045452  537182.394064
12400   993.125542  537195.962948
12401   993.205633  537209.531545
12402   993.285724  537223.099855
12403   993.365815  537236.667879
12404   993.445905  537250.235616
12405   993.525996  537263.803067
12406   993.606087  537277.370231
12407   993.686178  537290.937109
12408   993.766268  537304.503700
12409   993.846359  537318.070004
12410   993.926450  537331.636022
12411   994.006541  537345.201753
12412   994.086632  537358.767197
12413   994.166722  537372.332355
12414   994.246813  537385.897226
12415   994.326904  537399.461810
12416   994.406995  537413.026107
12417   994.487085  537426.590118
12418   994.567176  537440.153842
12419   994.647267  537453.717279
12420   994.727358  537467.280429
12421   994.807448  537480.843292
12422   994.887539  537494.405868
12423   994.967630  537507.968157
12424   995.047721  537521.530159
12425   995.127812  537535.091874
12426   995.207902  537548.653302
12427   995.287993  537562.214444
12428   995.368084  537575.775297
12429   995.448175  537589.335864
12430   995.528265  537602.896144
12431   995.608356  537616.456136
12432   995.688447  537630.015841
12433   995.768538  537643.575259
12434   995.848628  537657.134390
12435   995.928719  537670.693233
12436   996.008810  537684.251789
12437   996.088901  537697.810058
12438   996.168992  537711.368038
12439   996.249082  537724.925732
12440   996.329173  537738.483138
12441   996.409264  537752.040256
12442   996.489355  537765.597087
12443   996.569445  537779.153630
12444   996.649536  537792.709886
12445   996.729627  537806.265854
12446   996.809718  537819.821534
12447   996.889808  537833.376926
12448   996.969899  537846.932030
12449   997.049990  537860.486847
12450   997.130081  537874.041375
12451   997.210172  537887.595616
12452   997.290262  537901.149568
12453   997.370353  537914.703233
12454   997.450444  537928.256609
12455   997.530535  537941.809697
12456   997.610625  537955.362497
12457   997.690716  537968.915009
12458   997.770807  537982.467233
12459   997.850898  537996.019168
12460   997.930988  538009.570815
12461   998.011079  538023.122173
12462   998.091170  538036.673243
12463   998.171261  538050.224024
12464   998.251352  538063.774517
12465   998.331442  538077.324721
12466   998.411533  538090.874637
12467   998.491624  538104.424263
12468   998.571715  538117.973601
12469   998.651805  538131.522650
12470   998.731896  538145.071411
12471   998.811987  538158.619882
12472   998.892078  538172.168064
12473   998.972168  538185.715957
12474   999.052259  538199.263562
12475   999.132350  538212.810877
12476   999.212441  538226.357902
12477   999.292532  538239.904639
12478   999.372622  538253.451086
12479   999.452713  538266.997244
12480   999.532804  538280.543112
12481   999.612895  538294.088691
12482   999.692985  538307.633981
12483   999.773076  538321.178980
12484   999.853167  538334.723691
12485   999.933258  538348.268111
12486  1000.013348  538361.812242
12487  1000.093439  538375.356082
12488  1000.173530  538388.899633
12489  1000.253621  538402.442894
12490  1000.333712  538415.985865
12491  1000.413802  538429.528546
12492  1000.493893  538443.070936
12493  1000.573984  538456.613037
12494  1000.654075  538470.154847
12495  1000.734165  538483.696367
12496  1000.814256  538497.237596
12497  1000.894347  538510.778535
12498  1000.974438  538524.319184
12499  1001.054528  538537.859542
12500  1001.134619  538551.399609
12501  1001.214710  538564.939385
12502  1001.294801  538578.478871
12503  1001.374892  538592.018066
12504  1001.454982  538605.556970
12505  1001.535073  538619.095582
12506  1001.615164  538632.633904
12507  1001.695255  538646.171935
12508  1001.775345  538659.709674
12509  1001.855436  538673.247123
12510  1001.935527  538686.784279
12511  1002.015618  538700.321145
12512  1002.095708  538713.857719
12513  1002.175799  538727.394001
12514  1002.255890  538740.929992
12515  1002.335981  538754.465691
12516  1002.416072  538768.001098
12517  1002.496162  538781.536214
12518  1002.576253  538795.071037
12519  1002.656344  538808.605569
12520  1002.736435  538822.139808
12521  1002.816525  538835.673755
12522  1002.896616  538849.207411
12523  1002.976707  538862.740773
12524  1003.056798  538876.273844
12525  1003.136888  538889.806622
12526  1003.216979  538903.339107
12527  1003.297070  538916.871300
12528  1003.377161  538930.403200
12529  1003.457252  538943.934807
12530  1003.537342  538957.466122
12531  1003.617433  538970.997143
12532  1003.697524  538984.527872
12533  1003.777615  538998.058307
12534  1003.857705  539011.588450
12535  1003.937796  539025.118299
12536  1004.017887  539038.647854
12537  1004.097978  539052.177117
12538  1004.178068  539065.706085
12539  1004.258159  539079.234761
12540  1004.338250  539092.763142
12541  1004.418341  539106.291230
12542  1004.498432  539119.819024
12543  1004.578522  539133.346524
12544  1004.658613  539146.873730
12545  1004.738704  539160.400642
12546  1004.818795  539173.927259
12547  1004.898885  539187.453583
12548  1004.978976  539200.979612
12549  1005.059067  539214.505346
12550  1005.139158  539228.030786
12551  1005.219248  539241.555932
12552  1005.299339  539255.080782
12553  1005.379430  539268.605338
12554  1005.459521  539282.129599
12555  1005.539612  539295.653565
12556  1005.619702  539309.177236
12557  1005.699793  539322.700612
12558  1005.779884  539336.223692
12559  1005.859975  539349.746477
12560  1005.940065  539363.268967
12561  1006.020156  539376.791161
12562  1006.100247  539390.313059
12563  1006.180338  539403.834662
12564  1006.260428  539417.355968
12565  1006.340519  539430.876979
12566  1006.420610  539444.397694
12567  1006.500701  539457.918113
12568  1006.580792  539471.438235
12569  1006.660882  539484.958061
12570  1006.740973  539498.477591
12571  1006.821064  539511.996824
12572  1006.901155  539525.515760
12573  1006.981245  539539.034400
12574  1007.061336  539552.552743
12575  1007.141427  539566.070788
12576  1007.221518  539579.588537
12577  1007.301608  539593.105989
12578  1007.381699  539606.623143
12579  1007.461790  539620.140000
12580  1007.541881  539633.656560
12581  1007.621972  539647.172822
12582  1007.702062  539660.688786
12583  1007.782153  539674.204453
12584  1007.862244  539687.719821
12585  1007.942335  539701.234892
12586  1008.022425  539714.749665
12587  1008.102516  539728.264139
12588  1008.182607  539741.778315
12589  1008.262698  539755.292192
12590  1008.342788  539768.805771
12591  1008.422879  539782.319052
12592  1008.502970  539795.832033
12593  1008.583061  539809.344716
12594  1008.663152  539822.857100
12595  1008.743242  539836.369184
12596  1008.823333  539849.880970
12597  1008.903424  539863.392456
12598  1008.983515  539876.903642
12599  1009.063605  539890.414529
12600  1009.143696  539903.925116
12601  1009.223787  539917.435404
12602  1009.303878  539930.945391
12603  1009.383968  539944.455079
12604  1009.464059  539957.964466
12605  1009.544150  539971.473553
12606  1009.624241  539984.982340
12607  1009.704332  539998.490826
12608  1009.784422  540011.999012
12609  1009.864513  540025.506897
12610  1009.944604  540039.014481
12611  1010.024695  540052.521763
12612  1010.104785  540066.028745
12613  1010.184876  540079.535426
12614  1010.264967  540093.041805
12615  1010.345058  540106.547883
12616  1010.425149  540120.053659
12617  1010.505239  540133.559133
12618  1010.585330  540147.064305
12619  1010.665421  540160.569176
12620  1010.745512  540174.073744
12621  1010.825602  540187.578010
12622  1010.905693  540201.081973
12623  1010.985784  540214.585634
12624  1011.065875  540228.088993
12625  1011.145965  540241.592048
12626  1011.226056  540255.094801
12627  1011.306147  540268.597251
12628  1011.386238  540282.099397
12629  1011.466329  540295.601240
12630  1011.546419  540309.102780
12631  1011.626510  540322.604016
12632  1011.706601  540336.104949
12633  1011.786692  540349.605577
12634  1011.866782  540363.105902
12635  1011.946873  540376.605922
12636  1012.026964  540390.105638
12637  1012.107055  540403.605050
12638  1012.187145  540417.104157
12639  1012.267236  540430.602959
12640  1012.347327  540444.101457
12641  1012.427418  540457.599650
12642  1012.507509  540471.097537
12643  1012.587599  540484.595120
12644  1012.667690  540498.092396
12645  1012.747781  540511.589368
12646  1012.827872  540525.086033
12647  1012.907962  540538.582393
12648  1012.988053  540552.078447
12649  1013.068144  540565.574195
12650  1013.148235  540579.069636
12651  1013.228325  540592.564771
12652  1013.308416  540606.059600
12653  1013.388507  540619.554121
12654  1013.468598  540633.048336
12655  1013.548689  540646.542244
12656  1013.628779  540660.035845
12657  1013.708870  540673.529138
12658  1013.788961  540687.022124
12659  1013.869052  540700.514802
12660  1013.949142  540714.007172
12661  1014.029233  540727.499235
12662  1014.109324  540740.990989
12663  1014.189415  540754.482435
12664  1014.269505  540767.973573
12665  1014.349596  540781.464402
12666  1014.429687  540794.954923
12667  1014.509778  540808.445134
12668  1014.589869  540821.935037
12669  1014.669959  540835.424630
12670  1014.750050  540848.913914
12671  1014.830141  540862.402888
12672  1014.910232  540875.891553
12673  1014.990322  540889.379908
12674  1015.070413  540902.867953
12675  1015.150504  540916.355687
12676  1015.230595  540929.843111
12677  1015.310685  540943.330225
12678  1015.390776  540956.817028
12679  1015.470867  540970.303521
12680  1015.550958  540983.789702
12681  1015.631049  540997.275572
12682  1015.711139  541010.761130
12683  1015.791230  541024.246378
12684  1015.871321  541037.731313
12685  1015.951412  541051.215937
12686  1016.031502  541064.700248
12687  1016.111593  541078.184247
12688  1016.191684  541091.667934
12689  1016.271775  541105.151309
12690  1016.351865  541118.634370
12691  1016.431956  541132.117119
12692  1016.512047  541145.599554
12693  1016.592138  541159.081677
12694  1016.672229  541172.563485
12695  1016.752319  541186.044981
12696  1016.832410  541199.526162
12697  1016.912501  541213.007029
12698  1016.992592  541226.487583
12699  1017.072682  541239.967821
12700  1017.152773  541253.447746
12701  1017.232864  541266.927355
12702  1017.312955  541280.406650
12703  1017.393045  541293.885630
12704  1017.473136  541307.364294
12705  1017.553227  541320.842643
12706  1017.633318  541334.320676
12707  1017.713409  541347.798393
12708  1017.793499  541361.275794
12709  1017.873590  541374.752879
12710  1017.953681  541388.229648
12711  1018.033772  541401.706100
12712  1018.113862  541415.182235
12713  1018.193953  541428.658053
12714  1018.274044  541442.133554
12715  1018.354135  541455.608738
12716  1018.434225  541469.083604
12717  1018.514316  541482.558152
12718  1018.594407  541496.032382
12719  1018.674498  541509.506294
12720  1018.754589  541522.979888
12721  1018.834679  541536.453163
12722  1018.914770  541549.926119
12723  1018.994861  541563.398756
12724  1019.074952  541576.871074
12725  1019.155042  541590.343073
12726  1019.235133  541603.814752
12727  1019.315224  541617.286111
12728  1019.395315  541630.757151
12729  1019.475405  541644.227870
12730  1019.555496  541657.698268
12731  1019.635587  541671.168347
12732  1019.715678  541684.638104
12733  1019.795769  541698.107540
12734  1019.875859  541711.576655
12735  1019.955950  541725.045448
12736  1020.036041  541738.513920
12737  1020.116132  541751.982070
12738  1020.196222  541765.449897
12739  1020.276313  541778.917403
12740  1020.356404  541792.384586
12741  1020.436495  541805.851446
12742  1020.516585  541819.317983
12743  1020.596676  541832.784196
12744  1020.676767  541846.250087
12745  1020.756858  541859.715654
12746  1020.836949  541873.180897
12747  1020.917039  541886.645815
12748  1020.997130  541900.110410
12749  1021.077221  541913.574680
12750  1021.157312  541927.038625
12751  1021.237402  541940.502245
12752  1021.317493  541953.965540
12753  1021.397584  541967.428510
12754  1021.477675  541980.891154
12755  1021.557765  541994.353472
12756  1021.637856  542007.815464
12757  1021.717947  542021.277129
12758  1021.798038  542034.738468
12759  1021.878129  542048.199480
12760  1021.958219  542061.660165
12761  1022.038310  542075.120523
12762  1022.118401  542088.580553
12763  1022.198492  542102.040256
12764  1022.278582  542115.499630
12765  1022.358673  542128.958676
12766  1022.438764  542142.417394
12767  1022.518855  542155.875783
12768  1022.598945  542169.333843
12769  1022.679036  542182.791573
12770  1022.759127  542196.248975
12771  1022.839218  542209.706046
12772  1022.919309  542223.162788
12773  1022.999399  542236.619199
12774  1023.079490  542250.075280
12775  1023.159581  542263.531031
12776  1023.239672  542276.986450
12777  1023.319762  542290.441538
12778  1023.399853  542303.896295
12779  1023.479944  542317.350720
12780  1023.560035  542330.804813
12781  1023.640125  542344.258574
12782  1023.720216  542357.712002
12783  1023.800307  542371.165098
12784  1023.880398  542384.617860
12785  1023.960489  542398.070290
12786  1024.040579  542411.522386
12787  1024.120670  542424.974148
12788  1024.200761  542438.425576
12789  1024.280852  542451.876670
12790  1024.360942  542465.327430
12791  1024.441033  542478.777854
12792  1024.521124  542492.227944
12793  1024.601215  542505.677698
12794  1024.681305  542519.127117
12795  1024.761396  542532.576199
12796  1024.841487  542546.024946
12797  1024.921578  542559.473356
12798  1025.001669  542572.921429
12799  1025.081759  542586.369166
12800  1025.161850  542599.816565
12801  1025.241941  542613.263627
12802  1025.322032  542626.710351
12803  1025.402122  542640.156737
12804  1025.482213  542653.602785
12805  1025.562304  542667.048494
12806  1025.642395  542680.493864
12807  1025.722485  542693.938895
12808  1025.802576  542707.383586
12809  1025.882667  542720.827938
12810  1025.962758  542734.271950
12811  1026.042849  542747.715621
12812  1026.122939  542761.158952
12813  1026.203030  542774.601942
12814  1026.283121  542788.044591
12815  1026.363212  542801.486899
12816  1026.443302  542814.928864
12817  1026.523393  542828.370488
12818  1026.603484  542841.811769
12819  1026.683575  542855.252708
12820  1026.763665  542868.693303
12821  1026.843756  542882.133556
12822  1026.923847  542895.573465
12823  1027.003938  542909.013030
12824  1027.084029  542922.452251
12825  1027.164119  542935.891128
12826  1027.244210  542949.329660
12827  1027.324301  542962.767847
12828  1027.404392  542976.205688
12829  1027.484482  542989.643184
12830  1027.564573  543003.080334
12831  1027.644664  543016.517138
12832  1027.724755  543029.953596
12833  1027.804845  543043.389706
12834  1027.884936  543056.825469
12835  1027.965027  543070.260885
12836  1028.045118  543083.695953
12837  1028.125209  543097.130673
12838  1028.205299  543110.565045
12839  1028.285390  543123.999068
12840  1028.365481  543137.432742
12841  1028.445572  543150.866066
12842  1028.525662  543164.299041
12843  1028.605753  543177.731665
12844  1028.685844  543191.163940
12845  1028.765935  543204.595864
12846  1028.846025  543218.027436
12847  1028.926116  543231.458658
12848  1029.006207  543244.889528
12849  1029.086298  543258.320046
12850  1029.166389  543271.750211
12851  1029.246479  543285.180024
12852  1029.326570  543298.609485
12853  1029.406661  543312.038591
12854  1029.486752  543325.467345
12855  1029.566842  543338.895744
12856  1029.646933  543352.323789
12857  1029.727024  543365.751479
12858  1029.807115  543379.178815
12859  1029.887205  543392.605795
12860  1029.967296  543406.032419
12861  1030.047387  543419.458688
12862  1030.127478  543432.884600
12863  1030.207569  543446.310156
12864  1030.287659  543459.735354
12865  1030.367750  543473.160195
12866  1030.447841  543486.584679
12867  1030.527932  543500.008804
12868  1030.608022  543513.432571
12869  1030.688113  543526.855980
12870  1030.768204  543540.279029
12871  1030.848295  543553.701719
12872  1030.928386  543567.124049
12873  1031.008476  543580.546018
12874  1031.088567  543593.967628
12875  1031.168658  543607.388876
12876  1031.248749  543620.809763
12877  1031.328839  543634.230288
12878  1031.408930  543647.650452
12879  1031.489021  543661.070253
12880  1031.569112  543674.489692
12881  1031.649202  543687.908767
12882  1031.729293  543701.327479
12883  1031.809384  543714.745827
12884  1031.889475  543728.163811
12885  1031.969566  543741.581430
12886  1032.049656  543754.998685
12887  1032.129747  543768.415574
12888  1032.209838  543781.832097
12889  1032.289929  543795.248255
12890  1032.370019  543808.664046
12891  1032.450110  543822.079470
12892  1032.530201  543835.494527
12893  1032.610292  543848.909217
12894  1032.690382  543862.323538
12895  1032.770473  543875.737491
12896  1032.850564  543889.151076
12897  1032.930655  543902.564291
12898  1033.010746  543915.977137
12899  1033.090836  543929.389612
12900  1033.170927  543942.801718
12901  1033.251018  543956.213453
12902  1033.331109  543969.624817
12903  1033.411199  543983.035809
12904  1033.491290  543996.446430
12905  1033.571381  544009.856678
12906  1033.651472  544023.266553
12907  1033.731562  544036.676056
12908  1033.811653  544050.085185
12909  1033.891744  544063.493940
12910  1033.971835  544076.902321
12911  1034.051926  544090.310327
12912  1034.132016  544103.717958
12913  1034.212107  544117.125213
12914  1034.292198  544130.532093
12915  1034.372289  544143.938596
12916  1034.452379  544157.344723
12917  1034.532470  544170.750472
12918  1034.612561  544184.155844
12919  1034.692652  544197.560838
12920  1034.772742  544210.965453
12921  1034.852833  544224.369690
12922  1034.932924  544237.773547
12923  1035.013015  544251.177025
12924  1035.093106  544264.580122
12925  1035.173196  544277.982839
12926  1035.253287  544291.385175
12927  1035.333378  544304.787130
12928  1035.413469  544318.188703
12929  1035.493559  544331.589893
12930  1035.573650  544344.990701
12931  1035.653741  544358.391126
12932  1035.733832  544371.791167
12933  1035.813922  544385.190824
12934  1035.894013  544398.590097
12935  1035.974104  544411.988985
12936  1036.054195  544425.387487
12937  1036.134286  544438.785604
12938  1036.214376  544452.183335
12939  1036.294467  544465.580679
12940  1036.374558  544478.977635
12941  1036.454649  544492.374205
12942  1036.534739  544505.770386
12943  1036.614830  544519.166179
12944  1036.694921  544532.561583
12945  1036.775012  544545.956597
12946  1036.855102  544559.351222
12947  1036.935193  544572.745456
12948  1037.015284  544586.139300
12949  1037.095375  544599.532752
12950  1037.175466  544612.925813
12951  1037.255556  544626.318482
12952  1037.335647  544639.710758
12953  1037.415738  544653.102641
12954  1037.495829  544666.494130
12955  1037.575919  544679.885225
12956  1037.656010  544693.275926
12957  1037.736101  544706.666232
12958  1037.816192  544720.056143
12959  1037.896282  544733.445657
12960  1037.976373  544746.834776
12961  1038.056464  544760.223497
12962  1038.136555  544773.611821
12963  1038.216646  544786.999747
12964  1038.296736  544800.387275
12965  1038.376827  544813.774404
12966  1038.456918  544827.161134
12967  1038.537009  544840.547464
12968  1038.617099  544853.933393
12969  1038.697190  544867.318922
12970  1038.777281  544880.704050
12971  1038.857372  544894.088776
12972  1038.937462  544907.473099
12973  1039.017553  544920.857020
12974  1039.097644  544934.240538
12975  1039.177735  544947.623651
12976  1039.257826  544961.006361
12977  1039.337916  544974.388666
12978  1039.418007  544987.770565
12979  1039.498098  545001.152059
12980  1039.578189  545014.533146
12981  1039.658279  545027.913827
12982  1039.738370  545041.294100
12983  1039.818461  545054.673965
12984  1039.898552  545068.053422
12985  1039.978642  545081.432470
12986  1040.058733  545094.811109
12987  1040.138824  545108.189338
12988  1040.218915  545121.567156
12989  1040.299006  545134.944563
12990  1040.379096  545148.321559
12991  1040.459187  545161.698143
12992  1040.539278  545175.074314
12993  1040.619369  545188.450072
12994  1040.699459  545201.825417
12995  1040.779550  545215.200347
12996  1040.859641  545228.574863
12997  1040.939732  545241.948963
12998  1041.019822  545255.322648
12999  1041.099913  545268.695916
13000  1041.180004  545282.068767
13001  1041.260095  545295.441201
13002  1041.340186  545308.813217
13003  1041.420276  545322.184815
13004  1041.500367  545335.555993
13005  1041.580458  545348.926752
13006  1041.660549  545362.297091
13007  1041.740639  545375.667009
13008  1041.820730  545389.036505
13009  1041.900821  545402.405580
13010  1041.980912  545415.774232
13011  1042.061002  545429.142462
13012  1042.141093  545442.510267
13013  1042.221184  545455.877649
13014  1042.301275  545469.244606
13015  1042.381366  545482.611138
13016  1042.461456  545495.977244
13017  1042.541547  545509.342923
13018  1042.621638  545522.708176
13019  1042.701729  545536.073001
13020  1042.781819  545549.437398
13021  1042.861910  545562.801366
13022  1042.942001  545576.164905
13023  1043.022092  545589.528014
13024  1043.102182  545602.890692
13025  1043.182273  545616.252940
13026  1043.262364  545629.614756
13027  1043.342455  545642.976139
13028  1043.422546  545656.337090
13029  1043.502636  545669.697607
13030  1043.582727  545683.057690
13031  1043.662818  545696.417339
13032  1043.742909  545709.776552
13033  1043.822999  545723.135330
13034  1043.903090  545736.493671
13035  1043.983181  545749.851575
13036  1044.063272  545763.209042
13037  1044.143362  545776.566070
13038  1044.223453  545789.922659
13039  1044.303544  545803.278809
13040  1044.383635  545816.634519
13041  1044.463726  545829.989787
13042  1044.543816  545843.344615
13043  1044.623907  545856.699001
13044  1044.703998  545870.052944
13045  1044.784089  545883.406444
13046  1044.864179  545896.759500
13047  1044.944270  545910.112111
13048  1045.024361  545923.464277
13049  1045.104452  545936.815998
13050  1045.184542  545950.167272
13051  1045.264633  545963.518099
13052  1045.344724  545976.868479
13053  1045.424815  545990.218410
13054  1045.504906  546003.567893
13055  1045.584996  546016.916925
13056  1045.665087  546030.265508
13057  1045.745178  546043.613639
13058  1045.825269  546056.961319
13059  1045.905359  546070.308547
13060  1045.985450  546083.655322
13061  1046.065541  546097.001644
13062  1046.145632  546110.347511
13063  1046.225722  546123.692924
13064  1046.305813  546137.037881
13065  1046.385904  546150.382382
13066  1046.465995  546163.726426
13067  1046.546086  546177.070013
13068  1046.626176  546190.413141
13069  1046.706267  546203.755811
13070  1046.786358  546217.098021
13071  1046.866449  546230.439771
13072  1046.946539  546243.781060
13073  1047.026630  546257.121887
13074  1047.106721  546270.462253
13075  1047.186812  546283.802155
13076  1047.266902  546297.141594
13077  1047.346993  546310.480568
13078  1047.427084  546323.819078
13079  1047.507175  546337.157122
13080  1047.587266  546350.494699
13081  1047.667356  546363.831810
13082  1047.747447  546377.168452
13083  1047.827538  546390.504627
13084  1047.907629  546403.840332
13085  1047.987719  546417.175567
13086  1048.067810  546430.510331
13087  1048.147901  546443.844625
13088  1048.227992  546457.178446
13089  1048.308082  546470.511795
13090  1048.388173  546483.844670
13091  1048.468264  546497.177071
13092  1048.548355  546510.508997
13093  1048.628446  546523.840447
13094  1048.708536  546537.171422
13095  1048.788627  546550.501919
13096  1048.868718  546563.831938
13097  1048.948809  546577.161479
13098  1049.028899  546590.490541
13099  1049.108990  546603.819122
13100  1049.189081  546617.147223
13101  1049.269172  546630.474843
13102  1049.349262  546643.801980
13103  1049.429353  546657.128634
13104  1049.509444  546670.454805
13105  1049.589535  546683.780491
13106  1049.669626  546697.105692
13107  1049.749716  546710.430407
13108  1049.829807  546723.754636
13109  1049.909898  546737.078377
13110  1049.989989  546750.401629
13111  1050.070079  546763.724393
13112  1050.150170  546777.046667
13113  1050.230261  546790.368451
13114  1050.310352  546803.689743
13115  1050.390443  546817.010544
13116  1050.470533  546830.330851
13117  1050.550624  546843.650665
13118  1050.630715  546856.969984
13119  1050.710806  546870.288809
13120  1050.790896  546883.607137
13121  1050.870987  546896.924969
13122  1050.951078  546910.242303
13123  1051.031169  546923.559139
13124  1051.111259  546936.875476
13125  1051.191350  546950.191313
13126  1051.271441  546963.506650
13127  1051.351532  546976.821485
13128  1051.431623  546990.135817
13129  1051.511713  547003.449647
13130  1051.591804  547016.762973
13131  1051.671895  547030.075794
13132  1051.751986  547043.388110
13133  1051.832076  547056.699919
13134  1051.912167  547070.011221
13135  1051.992258  547083.322016
13136  1052.072349  547096.632302
13137  1052.152439  547109.942078
13138  1052.232530  547123.251343
13139  1052.312621  547136.560098
13140  1052.392712  547149.868340
13141  1052.472803  547163.176070
13142  1052.552893  547176.483286
13143  1052.632984  547189.789988
13144  1052.713075  547203.096174
13145  1052.793166  547216.401844
13146  1052.873256  547229.706997
13147  1052.953347  547243.011632
13148  1053.033438  547256.315748
13149  1053.113529  547269.619345
13150  1053.193619  547282.922421
13151  1053.273710  547296.224976
13152  1053.353801  547309.527009
13153  1053.433892  547322.828519
13154  1053.513983  547336.129505
13155  1053.594073  547349.429966
13156  1053.674164  547362.729902
13157  1053.754255  547376.029312
13158  1053.834346  547389.328194
13159  1053.914436  547402.626547
13160  1053.994527  547415.924372
13161  1054.074618  547429.221667
13162  1054.154709  547442.518431
13163  1054.234799  547455.814664
13164  1054.314890  547469.110363
13165  1054.394981  547482.405530
13166  1054.475072  547495.700162
13167  1054.555163  547508.994258
13168  1054.635253  547522.287819
13169  1054.715344  547535.580843
13170  1054.795435  547548.873328
13171  1054.875526  547562.165275
13172  1054.955616  547575.456682
13173  1055.035707  547588.747548
13174  1055.115798  547602.037873
13175  1055.195889  547615.327656
13176  1055.275979  547628.616895
13177  1055.356070  547641.905589
13178  1055.436161  547655.193739
13179  1055.516252  547668.481342
13180  1055.596343  547681.768398
13181  1055.676433  547695.054906
13182  1055.756524  547708.340866
13183  1055.836615  547721.626275
13184  1055.916706  547734.911134
13185  1055.996796  547748.195441
13186  1056.076887  547761.479195
13187  1056.156978  547774.762396
13188  1056.237069  547788.045042
13189  1056.317159  547801.327133
13190  1056.397250  547814.608667
13191  1056.477341  547827.889644
13192  1056.557432  547841.170062
13193  1056.637523  547854.449922
13194  1056.717613  547867.729221
13195  1056.797704  547881.007958
13196  1056.877795  547894.286134
13197  1056.957886  547907.563746
13198  1057.037976  547920.840794
13199  1057.118067  547934.117277
13200  1057.198158  547947.393194
13201  1057.278249  547960.668544
13202  1057.358339  547973.943326
13203  1057.438430  547987.217539
13204  1057.518521  548000.491182
13205  1057.598612  548013.764254
13206  1057.678703  548027.036754
13207  1057.758793  548040.308681
13208  1057.838884  548053.580034
13209  1057.918975  548066.850812
13210  1057.999066  548080.121014
13211  1058.079156  548093.390639
13212  1058.159247  548106.659686
13213  1058.239338  548119.928154
13214  1058.319429  548133.196042
13215  1058.399519  548146.463349
13216  1058.479610  548159.730074
13217  1058.559701  548172.996216
13218  1058.639792  548186.261774
13219  1058.719883  548199.526746
13220  1058.799973  548212.791133
13221  1058.880064  548226.054932
13222  1058.960155  548239.318144
13223  1059.040246  548252.580766
13224  1059.120336  548265.842797
13225  1059.200427  548279.104237
13226  1059.280518  548292.365085
13227  1059.360609  548305.625340
13228  1059.440699  548318.885000
13229  1059.520790  548332.144065
13230  1059.600881  548345.402533
13231  1059.680972  548358.660403
13232  1059.761063  548371.917674
13233  1059.841153  548385.174346
13234  1059.921244  548398.430417
13235  1060.001335  548411.685887
13236  1060.081426  548424.940753
13237  1060.161516  548438.195015
13238  1060.241607  548451.448672
13239  1060.321698  548464.701723
13240  1060.401789  548477.954166
13241  1060.481879  548491.206001
13242  1060.561970  548504.457227
13243  1060.642061  548517.707842
13244  1060.722152  548530.957845
13245  1060.802243  548544.207236
13246  1060.882333  548557.456013
13247  1060.962424  548570.704175
13248  1061.042515  548583.951721
13249  1061.122606  548597.198649
13250  1061.202696  548610.444960
13251  1061.282787  548623.690651
13252  1061.362878  548636.935721
13253  1061.442969  548650.180170
13254  1061.523059  548663.423996
13255  1061.603150  548676.667198
13256  1061.683241  548689.909775
13257  1061.763332  548703.151726
13258  1061.843423  548716.393050
13259  1061.923513  548729.633745
13260  1062.003604  548742.873811
13261  1062.083695  548756.113246
13262  1062.163786  548769.352049
13263  1062.243876  548782.590219
13264  1062.323967  548795.827755
13265  1062.404058  548809.064656
13266  1062.484149  548822.300920
13267  1062.564239  548835.536547
13268  1062.644330  548848.771534
13269  1062.724421  548862.005882
13270  1062.804512  548875.239589
13271  1062.884603  548888.472653
13272  1062.964693  548901.705074
13273  1063.044784  548914.936850
13274  1063.124875  548928.167981
13275  1063.204966  548941.398464
13276  1063.285056  548954.628299
13277  1063.365147  548967.857485
13278  1063.445238  548981.086020
13279  1063.525329  548994.313903
13280  1063.605419  549007.541134
13281  1063.685510  549020.767710
13282  1063.765601  549033.993630
13283  1063.845692  549047.218894
13284  1063.925783  549060.443501
13285  1064.005873  549073.667448
13286  1064.085964  549086.890735
13287  1064.166055  549100.113360
13288  1064.246146  549113.335323
13289  1064.326236  549126.556622
13290  1064.406327  549139.777256
13291  1064.486418  549152.997223
13292  1064.566509  549166.216522
13293  1064.646599  549179.435153
13294  1064.726690  549192.653114
13295  1064.806781  549205.870403
13296  1064.886872  549219.087020
13297  1064.966963  549232.302962
13298  1065.047053  549245.518230
13299  1065.127144  549258.732821
13300  1065.207235  549271.946735
13301  1065.287326  549285.159970
13302  1065.367416  549298.372524
13303  1065.447507  549311.584397
13304  1065.527598  549324.795588
13305  1065.607689  549338.006094
13306  1065.687779  549351.215915
13307  1065.767870  549364.425050
13308  1065.847961  549377.633497
13309  1065.928052  549390.841254
13310  1066.008143  549404.048321
13311  1066.088233  549417.254697
13312  1066.168324  549430.460379
13313  1066.248415  549443.665367
13314  1066.328506  549456.869660
13315  1066.408596  549470.073256
13316  1066.488687  549483.276153
13317  1066.568778  549496.478351
13318  1066.648869  549509.679848
13319  1066.728959  549522.880642
13320  1066.809050  549536.080734
13321  1066.889141  549549.280120
13322  1066.969232  549562.478800
13323  1067.049323  549575.676773
13324  1067.129413  549588.874037
13325  1067.209504  549602.070590
13326  1067.289595  549615.266432
13327  1067.369686  549628.461562
13328  1067.449776  549641.655977
13329  1067.529867  549654.849676
13330  1067.609958  549668.042659
13331  1067.690049  549681.234923
13332  1067.770139  549694.426467
13333  1067.850230  549707.617291
13334  1067.930321  549720.807392
13335  1068.010412  549733.996769
13336  1068.090503  549747.185422
13337  1068.170593  549760.373347
13338  1068.250684  549773.560545
13339  1068.330775  549786.747014
13340  1068.410866  549799.932752
13341  1068.490956  549813.117757
13342  1068.571047  549826.302030
13343  1068.651138  549839.485567
13344  1068.731229  549852.668369
13345  1068.811319  549865.850432
13346  1068.891410  549879.031757
13347  1068.971501  549892.212341
13348  1069.051592  549905.392183
13349  1069.131683  549918.571281
13350  1069.211773  549931.749635
13351  1069.291864  549944.927243
13352  1069.371955  549958.104103
13353  1069.452046  549971.280215
13354  1069.532136  549984.455575
13355  1069.612227  549997.630184
13356  1069.692318  550010.804040
13357  1069.772409  550023.977141
13358  1069.852499  550037.149485
13359  1069.932590  550050.321072
13360  1070.012681  550063.491899
13361  1070.092772  550076.661966
13362  1070.172863  550089.831271
13363  1070.252953  550102.999813
13364  1070.333044  550116.167589
13365  1070.413135  550129.334599
13366  1070.493226  550142.500841
13367  1070.573316  550155.666314
13368  1070.653407  550168.831016
13369  1070.733498  550181.994945
13370  1070.813589  550195.158100
13371  1070.893680  550208.320480
13372  1070.973770  550221.482083
13373  1071.053861  550234.642908
13374  1071.133952  550247.802953
13375  1071.214043  550260.962216
13376  1071.294133  550274.120697
13377  1071.374224  550287.278393
13378  1071.454315  550300.435304
13379  1071.534406  550313.591426
13380  1071.614496  550326.746760
13381  1071.694587  550339.901304
13382  1071.774678  550353.055055
13383  1071.854769  550366.208013
13384  1071.934860  550379.360175
13385  1072.014950  550392.511541
13386  1072.095041  550405.662109
13387  1072.175132  550418.811877
13388  1072.255223  550431.960844
13389  1072.335313  550445.109008
13390  1072.415404  550458.256368
13391  1072.495495  550471.402921
13392  1072.575586  550484.548667
13393  1072.655676  550497.693604
13394  1072.735767  550510.837731
13395  1072.815858  550523.981045
13396  1072.895949  550537.123545
13397  1072.976040  550550.265230
13398  1073.056130  550563.406098
13399  1073.136221  550576.546147
13400  1073.216312  550589.685376
13401  1073.296403  550602.823783
13402  1073.376493  550615.961367
13403  1073.456584  550629.098126
13404  1073.536675  550642.234058
13405  1073.616766  550655.369163
13406  1073.696856  550668.503437
13407  1073.776947  550681.636880
13408  1073.857038  550694.769490
13409  1073.937129  550707.901265
13410  1074.017220  550721.032204
13411  1074.097310  550734.162304
13412  1074.177401  550747.291566
13413  1074.257492  550760.419986
13414  1074.337583  550773.547563
13415  1074.417673  550786.674296
13416  1074.497764  550799.800182
13417  1074.577855  550812.925221
13418  1074.657946  550826.049410
13419  1074.738036  550839.172748
13420  1074.818127  550852.295233
13421  1074.898218  550865.416864
13422  1074.978309  550878.537639
13423  1075.058400  550891.657555
13424  1075.138490  550904.776613
13425  1075.218581  550917.894809
13426  1075.298672  550931.012142
13427  1075.378763  550944.128610
13428  1075.458853  550957.244213
13429  1075.538944  550970.358947
13430  1075.619035  550983.472812
13431  1075.699126  550996.585805
13432  1075.779216  551009.697925
13433  1075.859307  551022.809171
13434  1075.939398  551035.919540
13435  1076.019489  551049.029030
13436  1076.099580  551062.137641
13437  1076.179670  551075.245370
13438  1076.259761  551088.352215
13439  1076.339852  551101.458176
13440  1076.419943  551114.563249
13441  1076.500033  551127.667434
13442  1076.580124  551140.770729
13443  1076.660215  551153.873131
13444  1076.740306  551166.974640
13445  1076.820396  551180.075252
13446  1076.900487  551193.174968
13447  1076.980578  551206.273784
13448  1077.060669  551219.371699
13449  1077.140760  551232.468712
13450  1077.220850  551245.564820
13451  1077.300941  551258.660022
13452  1077.381032  551271.754315
13453  1077.461123  551284.847699
13454  1077.541213  551297.940172
13455  1077.621304  551311.031730
13456  1077.701395  551324.122374
13457  1077.781486  551337.212100
13458  1077.861576  551350.300908
13459  1077.941667  551363.388795
13460  1078.021758  551376.475760
13461  1078.101849  551389.561800
13462  1078.181940  551402.646914
13463  1078.262030  551415.731100
13464  1078.342121  551428.814357
13465  1078.422212  551441.896682
13466  1078.502303  551454.978073
13467  1078.582393  551468.058529
13468  1078.662484  551481.138048
13469  1078.742575  551494.216628
13470  1078.822666  551507.294267
13471  1078.902756  551520.370964
13472  1078.982847  551533.446716
13473  1079.062938  551546.521522
13474  1079.143029  551559.595379
13475  1079.223120  551572.668286
13476  1079.303210  551585.740241
13477  1079.383301  551598.811243
13478  1079.463392  551611.881288
13479  1079.543483  551624.950376
13480  1079.623573  551638.018504
13481  1079.703664  551651.085671
13482  1079.783755  551664.151875
13483  1079.863846  551677.217113
13484  1079.943936  551690.281384
13485  1080.024027  551703.344686
13486  1080.104118  551716.407017
13487  1080.184209  551729.468375
13488  1080.264300  551742.528759
13489  1080.344390  551755.588165
13490  1080.424481  551768.646593
13491  1080.504572  551781.704040
13492  1080.584663  551794.760505
13493  1080.664753  551807.815985
13494  1080.744844  551820.870479
13495  1080.824935  551833.923985
13496  1080.905026  551846.976500
13497  1080.985116  551860.028022
13498  1081.065207  551873.078551
13499  1081.145298  551886.128083
13500  1081.225389  551899.176617
13501  1081.305480  551912.224151
13502  1081.385570  551925.270683
13503  1081.465661  551938.316211
13504  1081.545752  551951.360733
13505  1081.625843  551964.404246
13506  1081.705933  551977.446750
13507  1081.786024  551990.488241
13508  1081.866115  552003.528719
13509  1081.946206  552016.568180
13510  1082.026296  552029.606623
13511  1082.106387  552042.644046
13512  1082.186478  552055.680447
13513  1082.266569  552068.715824
13514  1082.346660  552081.750175
13515  1082.426750  552094.783497
13516  1082.506841  552107.815789
13517  1082.586932  552120.847049
13518  1082.667023  552133.877275
13519  1082.747113  552146.906465
13520  1082.827204  552159.934616
13521  1082.907295  552172.961726
13522  1082.987386  552185.987794
13523  1083.067476  552199.012818
13524  1083.147567  552212.036795
13525  1083.227658  552225.059723
13526  1083.307749  552238.081601
13527  1083.387840  552251.102425
13528  1083.467930  552264.122195
13529  1083.548021  552277.140908
13530  1083.628112  552290.158562
13531  1083.708203  552303.175154
13532  1083.788293  552316.190684
13533  1083.868384  552329.205148
13534  1083.948475  552342.218544
13535  1084.028566  552355.230871
13536  1084.108656  552368.242126
13537  1084.188747  552381.252308
13538  1084.268838  552394.261413
13539  1084.348929  552407.269441
13540  1084.429020  552420.276388
13541  1084.509110  552433.282253
13542  1084.589201  552446.287034
13543  1084.669292  552459.290728
13544  1084.749383  552472.293333
13545  1084.829473  552485.294848
13546  1084.909564  552498.295269
13547  1084.989655  552511.294595
13548  1085.069746  552524.292824
13549  1085.149836  552537.289954
13550  1085.229927  552550.285981
13551  1085.310018  552563.280905
13552  1085.390109  552576.274723
13553  1085.470200  552589.267433
13554  1085.550290  552602.259033
13555  1085.630381  552615.249519
13556  1085.710472  552628.238891
13557  1085.790563  552641.227147
13558  1085.870653  552654.214283
13559  1085.950744  552667.200297
13560  1086.030835  552680.185188
13561  1086.110926  552693.168954
13562  1086.191016  552706.151591
13563  1086.271107  552719.133098
13564  1086.351198  552732.113473
13565  1086.431289  552745.092713
13566  1086.511380  552758.070816
13567  1086.591470  552771.047780
13568  1086.671561  552784.023602
13569  1086.751652  552796.998281
13570  1086.831743  552809.971814
13571  1086.911833  552822.944199
13572  1086.991924  552835.915434
13573  1087.072015  552848.885516
13574  1087.152106  552861.854443
13575  1087.232196  552874.822213
13576  1087.312287  552887.788823
13577  1087.392378  552900.754272
13578  1087.472469  552913.718557
13579  1087.552560  552926.681675
13580  1087.632650  552939.643625
13581  1087.712741  552952.604404
13582  1087.792832  552965.564010
13583  1087.872923  552978.522440
13584  1087.953013  552991.479693
13585  1088.033104  553004.435765
13586  1088.113195  553017.390655
13587  1088.193286  553030.344361
13588  1088.273376  553043.296879
13589  1088.353467  553056.248208
13590  1088.433558  553069.198345
13591  1088.513649  553082.147288
13592  1088.593740  553095.095035
13593  1088.673830  553108.041583
13594  1088.753921  553120.986930
13595  1088.834012  553133.931074
13596  1088.914103  553146.874011
13597  1088.994193  553159.815741
13598  1089.074284  553172.756260
13599  1089.154375  553185.695567
13600  1089.234466  553198.633658
13601  1089.314556  553211.570531
13602  1089.394647  553224.506185
13603  1089.474738  553237.440616
13604  1089.554829  553250.373822
13605  1089.634920  553263.305801
13606  1089.715010  553276.236551
13607  1089.795101  553289.166068
13608  1089.875192  553302.094351
13609  1089.955283  553315.021398
13610  1090.035373  553327.947205
13611  1090.115464  553340.871771
13612  1090.195555  553353.795093
13613  1090.275646  553366.717168
13614  1090.355737  553379.637994
13615  1090.435827  553392.557569
13616  1090.515918  553405.475890
13617  1090.596009  553418.392955
13618  1090.676100  553431.308762
13619  1090.756190  553444.223307
13620  1090.836281  553457.136589
13621  1090.916372  553470.048605
13622  1090.996463  553482.959352
13623  1091.076553  553495.868828
13624  1091.156644  553508.777031
13625  1091.236735  553521.683958
13626  1091.316826  553534.589607
13627  1091.396917  553547.493975
13628  1091.477007  553560.397059
13629  1091.557098  553573.298858
13630  1091.637189  553586.199369
13631  1091.717280  553599.098588
13632  1091.797370  553611.996514
13633  1091.877461  553624.893145
13634  1091.957552  553637.788477
13635  1092.037643  553650.682508
13636  1092.117733  553663.575236
13637  1092.197824  553676.466658
13638  1092.277915  553689.356771
13639  1092.358006  553702.245574
13640  1092.438097  553715.133063
13641  1092.518187  553728.019236
13642  1092.598278  553740.904090
13643  1092.678369  553753.787623
13644  1092.758460  553766.669833
13645  1092.838550  553779.550716
13646  1092.918641  553792.430270
13647  1092.998732  553805.308493
13648  1093.078823  553818.185382
13649  1093.158913  553831.060935
13650  1093.239004  553843.935148
13651  1093.319095  553856.808020
13652  1093.399186  553869.679547
13653  1093.479277  553882.549728
13654  1093.559367  553895.418559
13655  1093.639458  553908.286038
13656  1093.719549  553921.152163
13657  1093.799640  553934.016930
13658  1093.879730  553946.880337
13659  1093.959821  553959.742382
13660  1094.039912  553972.603061
13661  1094.120003  553985.462373
13662  1094.200093  553998.320314
13663  1094.280184  554011.176883
13664  1094.360275  554024.032076
13665  1094.440366  554036.885890
13666  1094.520457  554049.738324
13667  1094.600547  554062.589374
13668  1094.680638  554075.439038
13669  1094.760729  554088.287312
13670  1094.840820  554101.134196
13671  1094.920910  554113.979685
13672  1095.001001  554126.823777
13673  1095.081092  554139.666470
13674  1095.161183  554152.507760
13675  1095.241273  554165.347645
13676  1095.321364  554178.186123
13677  1095.401455  554191.023191
13678  1095.481546  554203.858845
13679  1095.561637  554216.693084
13680  1095.641727  554229.525905
13681  1095.721818  554242.357304
13682  1095.801909  554255.187280
13683  1095.882000  554268.015829
13684  1095.962090  554280.842949
13685  1096.042181  554293.668636
13686  1096.122272  554306.492890
13687  1096.202363  554319.315705
13688  1096.282453  554332.137081
13689  1096.362544  554344.957013
13690  1096.442635  554357.775500
13691  1096.522726  554370.592539
13692  1096.602817  554383.408126
13693  1096.682907  554396.222260
13694  1096.762998  554409.034937
13695  1096.843089  554421.846154
13696  1096.923180  554434.655909
13697  1097.003270  554447.464200
13698  1097.083361  554460.271022
13699  1097.163452  554473.076374
13700  1097.243543  554485.880253
13701  1097.323633  554498.682656
13702  1097.403724  554511.483579
13703  1097.483815  554524.283021
13704  1097.563906  554537.080979
13705  1097.643997  554549.877449
13706  1097.724087  554562.672429
13707  1097.804178  554575.465916
13708  1097.884269  554588.257908
13709  1097.964360  554601.048401
13710  1098.044450  554613.837392
13711  1098.124541  554626.624880
13712  1098.204632  554639.410860
13713  1098.284723  554652.195331
13714  1098.364813  554664.978288
13715  1098.444904  554677.759730
13716  1098.524995  554690.539654
13717  1098.605086  554703.318057
13718  1098.685177  554716.094935
13719  1098.765267  554728.870286
13720  1098.845358  554741.644108
13721  1098.925449  554754.416396
13722  1099.005540  554767.187150
13723  1099.085630  554779.956364
13724  1099.165721  554792.724038
13725  1099.245812  554805.490167
13726  1099.325903  554818.254749
13727  1099.405993  554831.017780
13728  1099.486084  554843.779259
13729  1099.566175  554856.539183
13730  1099.646266  554869.297547
13731  1099.726357  554882.054350
13732  1099.806447  554894.809588
13733  1099.886538  554907.563259
13734  1099.966629  554920.315359
13735  1100.046720  554933.065886
13736  1100.126810  554945.814837
13737  1100.206901  554958.562208
13738  1100.286992  554971.307998
13739  1100.367083  554984.052202
13740  1100.447173  554996.794818
13741  1100.527264  555009.535844
13742  1100.607355  555022.275275
13743  1100.687446  555035.013110
13744  1100.767537  555047.749344
13745  1100.847627  555060.483976
13746  1100.927718  555073.217002
13747  1101.007809  555085.948420
13748  1101.087900  555098.678225
13749  1101.167990  555111.406416
13750  1101.248081  555124.132990
13751  1101.328172  555136.857942
13752  1101.408263  555149.581271
13753  1101.488353  555162.302973
13754  1101.568444  555175.023046
13755  1101.648535  555187.741485
13756  1101.728626  555200.458290
13757  1101.808717  555213.173455
13758  1101.888807  555225.886979
13759  1101.968898  555238.598858
13760  1102.048989  555251.309089
13761  1102.129080  555264.017669
13762  1102.209170  555276.724596
13763  1102.289261  555289.429866
13764  1102.369352  555302.133475
13765  1102.449443  555314.835422
13766  1102.529533  555327.535703
13767  1102.609624  555340.234315
13768  1102.689715  555352.931254
13769  1102.769806  555365.626519
13770  1102.849897  555378.320105
13771  1102.929987  555391.012010
13772  1103.010078  555403.702230
13773  1103.090169  555416.390764
13774  1103.170260  555429.077606
13775  1103.250350  555441.762755
13776  1103.330441  555454.446207
13777  1103.410532  555467.127960
13778  1103.490623  555479.808009
13779  1103.570713  555492.486353
13780  1103.650804  555505.162988
13781  1103.730895  555517.837910
13782  1103.810986  555530.511117
13783  1103.891077  555543.182605
13784  1103.971167  555555.852372
13785  1104.051258  555568.520415
13786  1104.131349  555581.186729
13787  1104.211440  555593.851313
13788  1104.291530  555606.514163
13789  1104.371621  555619.175275
13790  1104.451712  555631.834647
13791  1104.531803  555644.492276
13792  1104.611893  555657.148158
13793  1104.691984  555669.802291
13794  1104.772075  555682.454670
13795  1104.852166  555695.105293
13796  1104.932257  555707.754157
13797  1105.012347  555720.401259
13798  1105.092438  555733.046595
13799  1105.172529  555745.690162
13800  1105.252620  555758.331958
13801  1105.332710  555770.971978
13802  1105.412801  555783.610220
13803  1105.492892  555796.246680
13804  1105.572983  555808.881356
13805  1105.653073  555821.514244
13806  1105.733164  555834.145341
13807  1105.813255  555846.774643
13808  1105.893346  555859.402148
13809  1105.973437  555872.027853
13810  1106.053527  555884.651753
13811  1106.133618  555897.273846
13812  1106.213709  555909.894129
13813  1106.293800  555922.512599
13814  1106.373890  555935.129251
13815  1106.453981  555947.744084
13816  1106.534072  555960.357093
13817  1106.614163  555972.968275
13818  1106.694253  555985.577628
13819  1106.774344  555998.185148
13820  1106.854435  556010.790832
13821  1106.934526  556023.394676
13822  1107.014617  556035.996677
13823  1107.094707  556048.596832
13824  1107.174798  556061.195138
13825  1107.254889  556073.791592
13826  1107.334980  556086.386189
13827  1107.415070  556098.978927
13828  1107.495161  556111.569803
13829  1107.575252  556124.158814
13830  1107.655343  556136.745955
13831  1107.735433  556149.331224
13832  1107.815524  556161.914617
13833  1107.895615  556174.496132
13834  1107.975706  556187.075764
13835  1108.055797  556199.653511
13836  1108.135887  556212.229369
13837  1108.215978  556224.803335
13838  1108.296069  556237.375406
13839  1108.376160  556249.945578
13840  1108.456250  556262.513848
13841  1108.536341  556275.080212
13842  1108.616432  556287.644668
13843  1108.696523  556300.207212
13844  1108.776613  556312.767840
13845  1108.856704  556325.326550
13846  1108.936795  556337.883337
13847  1109.016886  556350.438199
13848  1109.096977  556362.991133
13849  1109.177067  556375.542134
13850  1109.257158  556388.091200
13851  1109.337249  556400.638327
13852  1109.417340  556413.183512
13853  1109.497430  556425.726751
13854  1109.577521  556438.268041
13855  1109.657612  556450.807379
13856  1109.737703  556463.344762
13857  1109.817793  556475.880185
13858  1109.897884  556488.413646
13859  1109.977975  556500.945141
13860  1110.058066  556513.474667
13861  1110.138157  556526.002220
13862  1110.218247  556538.527797
13863  1110.298338  556551.051395
13864  1110.378429  556563.573010
13865  1110.458520  556576.092639
13866  1110.538610  556588.610278
13867  1110.618701  556601.125924
13868  1110.698792  556613.639573
13869  1110.778883  556626.151223
13870  1110.858974  556638.660869
13871  1110.939064  556651.168509
13872  1111.019155  556663.674139
13873  1111.099246  556676.177754
13874  1111.179337  556688.679353
13875  1111.259427  556701.178932
13876  1111.339518  556713.676486
13877  1111.419609  556726.172013
13878  1111.499700  556738.665509
13879  1111.579790  556751.156971
13880  1111.659881  556763.646396
13881  1111.739972  556776.133779
13882  1111.820063  556788.619117
13883  1111.900154  556801.102407
13884  1111.980244  556813.583646
13885  1112.060335  556826.062830
13886  1112.140426  556838.539955
13887  1112.220517  556851.015018
13888  1112.300607  556863.488016
13889  1112.380698  556875.958944
13890  1112.460789  556888.427801
13891  1112.540880  556900.894581
13892  1112.620970  556913.359282
13893  1112.701061  556925.821900
13894  1112.781152  556938.282431
13895  1112.861243  556950.740872
13896  1112.941334  556963.197221
13897  1113.021424  556975.651472
13898  1113.101515  556988.103622
13899  1113.181606  557000.553669
13900  1113.261697  557013.001608
13901  1113.341787  557025.447436
13902  1113.421878  557037.891150
13903  1113.501969  557050.332745
13904  1113.582060  557062.772219
13905  1113.662150  557075.209568
13906  1113.742241  557087.644788
13907  1113.822332  557100.077876
13908  1113.902423  557112.508828
13909  1113.982514  557124.937641
13910  1114.062604  557137.364311
13911  1114.142695  557149.788834
13912  1114.222786  557162.211208
13913  1114.302877  557174.631428
13914  1114.382967  557187.049491
13915  1114.463058  557199.465394
13916  1114.543149  557211.879132
13917  1114.623240  557224.290702
13918  1114.703330  557236.700102
13919  1114.783421  557249.107326
13920  1114.863512  557261.512372
13921  1114.943603  557273.915236
13922  1115.023694  557286.315914
13923  1115.103784  557298.714403
13924  1115.183875  557311.110699
13925  1115.263966  557323.504798
13926  1115.344057  557335.896698
13927  1115.424147  557348.286394
13928  1115.504238  557360.673883
13929  1115.584329  557373.059161
13930  1115.664420  557385.442225
13931  1115.744510  557397.823071
13932  1115.824601  557410.201695
13933  1115.904692  557422.578094
13934  1115.984783  557434.952264
13935  1116.064874  557447.324202
13936  1116.144964  557459.693903
13937  1116.225055  557472.061365
13938  1116.305146  557484.426584
13939  1116.385237  557496.789555
13940  1116.465327  557509.150276
13941  1116.545418  557521.508743
13942  1116.625509  557533.864952
13943  1116.705600  557546.218900
13944  1116.785690  557558.570582
13945  1116.865781  557570.919996
13946  1116.945872  557583.267137
13947  1117.025963  557595.612002
13948  1117.106054  557607.954588
13949  1117.186144  557620.294890
13950  1117.266235  557632.632905
13951  1117.346326  557644.968630
13952  1117.426417  557657.302060
13953  1117.506507  557669.633192
13954  1117.586598  557681.962022
13955  1117.666689  557694.288547
13956  1117.746780  557706.612764
13957  1117.826870  557718.934667
13958  1117.906961  557731.254254
13959  1117.987052  557743.571521
13960  1118.067143  557755.886464
13961  1118.147234  557768.199080
13962  1118.227324  557780.509365
13963  1118.307415  557792.817315
13964  1118.387506  557805.122927
13965  1118.467597  557817.426196
13966  1118.547687  557829.727120
13967  1118.627778  557842.025694
13968  1118.707869  557854.321915
13969  1118.787960  557866.615779
13970  1118.868050  557878.907282
13971  1118.948141  557891.196421
13972  1119.028232  557903.483192
13973  1119.108323  557915.767591
13974  1119.188414  557928.049615
13975  1119.268504  557940.329259
13976  1119.348595  557952.606521
13977  1119.428686  557964.881395
13978  1119.508777  557977.153880
13979  1119.588867  557989.423970
13980  1119.668958  558001.691663
13981  1119.749049  558013.956954
13982  1119.829140  558026.219840
13983  1119.909230  558038.480317
13984  1119.989321  558050.738381
13985  1120.069412  558062.994029
13986  1120.149503  558075.247256
13987  1120.229594  558087.498060
13988  1120.309684  558099.746436
13989  1120.389775  558111.992380
13990  1120.469866  558124.235889
13991  1120.549957  558136.476960
13992  1120.630047  558148.715587
13993  1120.710138  558160.951768
13994  1120.790229  558173.185499
13995  1120.870320  558185.416776
13996  1120.950410  558197.645596
13997  1121.030501  558209.871954
13998  1121.110592  558222.095846
13999  1121.190683  558234.317270
14000  1121.270774  558246.536221
14001  1121.350864  558258.752696
14002  1121.430955  558270.966690
14003  1121.511046  558283.178200
14004  1121.591137  558295.387222
14005  1121.671227  558307.593753
14006  1121.751318  558319.797788
14007  1121.831409  558331.999324
14008  1121.911500  558344.198357
14009  1121.991590  558356.394884
14010  1122.071681  558368.588899
14011  1122.151772  558380.780401
14012  1122.231863  558392.969384
14013  1122.311954  558405.155846
14014  1122.392044  558417.339782
14015  1122.472135  558429.521188
14016  1122.552226  558441.700062
14017  1122.632317  558453.876398
14018  1122.712407  558466.050193
14019  1122.792498  558478.221443
14020  1122.872589  558490.390146
14021  1122.952680  558502.556295
14022  1123.032770  558514.719889
14023  1123.112861  558526.880923
14024  1123.192952  558539.039393
14025  1123.273043  558551.195296
14026  1123.353134  558563.348627
14027  1123.433224  558575.499384
14028  1123.513315  558587.647561
14029  1123.593406  558599.793156
14030  1123.673497  558611.936164
14031  1123.753587  558624.076581
14032  1123.833678  558636.214405
14033  1123.913769  558648.349630
14034  1123.993860  558660.482254
14035  1124.073950  558672.612272
14036  1124.154041  558684.739680
14037  1124.234132  558696.864475
14038  1124.314223  558708.986653
14039  1124.394314  558721.106210
14040  1124.474404  558733.223142
14041  1124.554495  558745.337445
14042  1124.634586  558757.449116
14043  1124.714677  558769.558150
14044  1124.794767  558781.664545
14045  1124.874858  558793.768295
14046  1124.954949  558805.869398
14047  1125.035040  558817.967848
14048  1125.115130  558830.063644
14049  1125.195221  558842.156779
14050  1125.275312  558854.247252
14051  1125.355403  558866.335058
14052  1125.435494  558878.420192
14053  1125.515584  558890.502652
14054  1125.595675  558902.582434
14055  1125.675766  558914.659532
14056  1125.755857  558926.733945
14057  1125.835947  558938.805667
14058  1125.916038  558950.874695
14059  1125.996129  558962.941026
14060  1126.076220  558975.004655
14061  1126.156310  558987.065578
14062  1126.236401  558999.123791
14063  1126.316492  559011.179292
14064  1126.396583  559023.232075
14065  1126.476674  559035.282137
14066  1126.556764  559047.329474
14067  1126.636855  559059.374082
14068  1126.716946  559071.415958
14069  1126.797037  559083.455097
14070  1126.877127  559095.491496
14071  1126.957218  559107.525151
14072  1127.037309  559119.556057
14073  1127.117400  559131.584212
14074  1127.197490  559143.609611
14075  1127.277581  559155.632250
14076  1127.357672  559167.652125
14077  1127.437763  559179.669233
14078  1127.517854  559191.683570
14079  1127.597944  559203.695131
14080  1127.678035  559215.703914
14081  1127.758126  559227.709913
14082  1127.838217  559239.713125
14083  1127.918307  559251.713547
14084  1127.998398  559263.711174
14085  1128.078489  559275.706003
14086  1128.158580  559287.698030
14087  1128.238670  559299.687250
14088  1128.318761  559311.673660
14089  1128.398852  559323.657256
14090  1128.478943  559335.638034
14091  1128.559034  559347.615990
14092  1128.639124  559359.591121
14093  1128.719215  559371.563422
14094  1128.799306  559383.532890
14095  1128.879397  559395.499521
14096  1128.959487  559407.463310
14097  1129.039578  559419.424254
14098  1129.119669  559431.382349
14099  1129.199760  559443.337592
14100  1129.279850  559455.289977
14101  1129.359941  559467.239502
14102  1129.440032  559479.186163
14103  1129.520123  559491.129955
14104  1129.600214  559503.070875
14105  1129.680304  559515.008918
14106  1129.760395  559526.944082
14107  1129.840486  559538.876361
14108  1129.920577  559550.805753
14109  1130.000667  559562.732253
14110  1130.080758  559574.655857
14111  1130.160849  559586.576561
14112  1130.240940  559598.494363
14113  1130.321031  559610.409256
14114  1130.401121  559622.321239
14115  1130.481212  559634.230307
14116  1130.561303  559646.136455
14117  1130.641394  559658.039681
14118  1130.721484  559669.939980
14119  1130.801575  559681.837348
14120  1130.881666  559693.731781
14121  1130.961757  559705.623276
14122  1131.041847  559717.511829
14123  1131.121938  559729.397435
14124  1131.202029  559741.280091
14125  1131.282120  559753.159793
14126  1131.362211  559765.036537
14127  1131.442301  559776.910320
14128  1131.522392  559788.781136
14129  1131.602483  559800.648983
14130  1131.682574  559812.513856
14131  1131.762664  559824.375752
14132  1131.842755  559836.234667
14133  1131.922846  559848.090596
14134  1132.002937  559859.943536
14135  1132.083027  559871.793483
14136  1132.163118  559883.640433
14137  1132.243209  559895.484382
14138  1132.323300  559907.325327
14139  1132.403391  559919.163263
14140  1132.483481  559930.998186
14141  1132.563572  559942.830093
14142  1132.643663  559954.658980
14143  1132.723754  559966.484842
14144  1132.803844  559978.307677
14145  1132.883935  559990.127479
14146  1132.964026  560001.944246
14147  1133.044117  560013.757972
14148  1133.124207  560025.568656
14149  1133.204298  560037.376291
14150  1133.284389  560049.180875
14151  1133.364480  560060.982404
14152  1133.444571  560072.780873
14153  1133.524661  560084.576279
14154  1133.604752  560096.368619
14155  1133.684843  560108.157887
14156  1133.764934  560119.944081
14157  1133.845024  560131.727195
14158  1133.925115  560143.507228
14159  1134.005206  560155.284173
14160  1134.085297  560167.058029
14161  1134.165387  560178.828790
14162  1134.245478  560190.596453
14163  1134.325569  560202.361014
14164  1134.405660  560214.122469
14165  1134.485751  560225.880814
14166  1134.565841  560237.636045
14167  1134.645932  560249.388159
14168  1134.726023  560261.137152
14169  1134.806114  560272.883019
14170  1134.886204  560284.625757
14171  1134.966295  560296.365361
14172  1135.046386  560308.101829
14173  1135.126477  560319.835156
14174  1135.206567  560331.565338
14175  1135.286658  560343.292371
14176  1135.366749  560355.016252
14177  1135.446840  560366.736977
14178  1135.526931  560378.454541
14179  1135.607021  560390.168941
14180  1135.687112  560401.880173
14181  1135.767203  560413.588233
14182  1135.847294  560425.293117
14183  1135.927384  560436.994821
14184  1136.007475  560448.693342
14185  1136.087566  560460.388676
14186  1136.167657  560472.080818
14187  1136.247747  560483.769766
14188  1136.327838  560495.455514
14189  1136.407929  560507.138059
14190  1136.488020  560518.817397
14191  1136.568111  560530.493525
14192  1136.648201  560542.166439
14193  1136.728292  560553.836134
14194  1136.808383  560565.502606
14195  1136.888474  560577.165853
14196  1136.968564  560588.825870
14197  1137.048655  560600.482653
14198  1137.128746  560612.136198
14199  1137.208837  560623.786502
14200  1137.288927  560635.433560
14201  1137.369018  560647.077369
14202  1137.449109  560658.717925
14203  1137.529200  560670.355224
14204  1137.609291  560681.989262
14205  1137.689381  560693.620036
14206  1137.769472  560705.247541
14207  1137.849563  560716.871774
14208  1137.929654  560728.492730
14209  1138.009744  560740.110406
14210  1138.089835  560751.724799
14211  1138.169926  560763.335904
14212  1138.250017  560774.943717
14213  1138.330107  560786.548235
14214  1138.410198  560798.149453
14215  1138.490289  560809.747369
14216  1138.570380  560821.341977
14217  1138.650471  560832.933275
14218  1138.730561  560844.521258
14219  1138.810652  560856.105923
14220  1138.890743  560867.687265
14221  1138.970834  560879.265281
14222  1139.050924  560890.839967
14223  1139.131015  560902.411320
14224  1139.211106  560913.979335
14225  1139.291197  560925.544008
14226  1139.371287  560937.105337
14227  1139.451378  560948.663316
14228  1139.531469  560960.217942
14229  1139.611560  560971.769212
14230  1139.691651  560983.317121
14231  1139.771741  560994.861666
14232  1139.851832  561006.402843
14233  1139.931923  561017.940648
14234  1140.012014  561029.475077
14235  1140.092104  561041.006126
14236  1140.172195  561052.533792
14237  1140.252286  561064.058071
14238  1140.332377  561075.578959
14239  1140.412467  561087.096452
14240  1140.492558  561098.610547
14241  1140.572649  561110.121239
14242  1140.652740  561121.628525
14243  1140.732831  561133.132401
14244  1140.812921  561144.632863
14245  1140.893012  561156.129908
14246  1140.973103  561167.623532
14247  1141.053194  561179.113730
14248  1141.133284  561190.600499
14249  1141.213375  561202.083836
14250  1141.293466  561213.563736
14251  1141.373557  561225.040196
14252  1141.453647  561236.513212
14253  1141.533738  561247.982781
14254  1141.613829  561259.448897
14255  1141.693920  561270.911559
14256  1141.774011  561282.370761
14257  1141.854101  561293.826500
14258  1141.934192  561305.278773
14259  1142.014283  561316.727575
14260  1142.094374  561328.172903
14261  1142.174464  561339.614754
14262  1142.254555  561351.053122
14263  1142.334646  561362.488005
14264  1142.414737  561373.919399
14265  1142.494827  561385.347301
14266  1142.574918  561396.771705
14267  1142.655009  561408.192609
14268  1142.735100  561419.610009
14269  1142.815191  561431.023901
14270  1142.895281  561442.434281
14271  1142.975372  561453.841146
14272  1143.055463  561465.244492
14273  1143.135554  561476.644315
14274  1143.215644  561488.040612
14275  1143.295735  561499.433378
14276  1143.375826  561510.822610
14277  1143.455917  561522.208305
14278  1143.536007  561533.590458
14279  1143.616098  561544.969066
14280  1143.696189  561556.344125
14281  1143.776280  561567.715631
14282  1143.856371  561579.083582
14283  1143.936461  561590.447972
14284  1144.016552  561601.808798
14285  1144.096643  561613.166057
14286  1144.176734  561624.519745
14287  1144.256824  561635.869859
14288  1144.336915  561647.216393
14289  1144.417006  561658.559346
14290  1144.497097  561669.898713
14291  1144.577187  561681.234490
14292  1144.657278  561692.566674
14293  1144.737369  561703.895260
14294  1144.817460  561715.220247
14295  1144.897551  561726.541629
14296  1144.977641  561737.859403
14297  1145.057732  561749.173566
14298  1145.137823  561760.484113
14299  1145.217914  561771.791041
14300  1145.298004  561783.094347
14301  1145.378095  561794.394027
14302  1145.458186  561805.690076
14303  1145.538277  561816.982492
14304  1145.618367  561828.271271
14305  1145.698458  561839.556409
14306  1145.778549  561850.837902
14307  1145.858640  561862.115748
14308  1145.938731  561873.389941
14309  1146.018821  561884.660479
14310  1146.098912  561895.927358
14311  1146.179003  561907.190575
14312  1146.259094  561918.450125
14313  1146.339184  561929.706005
14314  1146.419275  561940.958212
14315  1146.499366  561952.206741
14316  1146.579457  561963.451590
14317  1146.659547  561974.692754
14318  1146.739638  561985.930230
14319  1146.819729  561997.164015
14320  1146.899820  562008.394104
14321  1146.979911  562019.620495
14322  1147.060001  562030.843183
14323  1147.140092  562042.062165
14324  1147.220183  562053.277438
14325  1147.300274  562064.488997
14326  1147.380364  562075.696840
14327  1147.460455  562086.900962
14328  1147.540546  562098.101361
14329  1147.620637  562109.298032
14330  1147.700727  562120.490972
14331  1147.780818  562131.680177
14332  1147.860909  562142.865644
14333  1147.941000  562154.047370
14334  1148.021091  562165.225350
14335  1148.101181  562176.399581
14336  1148.181272  562187.570060
14337  1148.261363  562198.736783
14338  1148.341454  562209.899746
14339  1148.421544  562221.058947
14340  1148.501635  562232.214381
14341  1148.581726  562243.366044
14342  1148.661817  562254.513934
14343  1148.741907  562265.658047
14344  1148.821998  562276.798380
14345  1148.902089  562287.934928
14346  1148.982180  562299.067688
14347  1149.062271  562310.196657
14348  1149.142361  562321.321832
14349  1149.222452  562332.443208
14350  1149.302543  562343.560782
14351  1149.382634  562354.674552
14352  1149.462724  562365.784512
14353  1149.542815  562376.890660
14354  1149.622906  562387.992993
14355  1149.702997  562399.091506
14356  1149.783087  562410.186197
14357  1149.863178  562421.277061
14358  1149.943269  562432.364096
14359  1150.023360  562443.447298
14360  1150.103451  562454.526663
14361  1150.183541  562465.602189
14362  1150.263632  562476.673870
14363  1150.343723  562487.741705
14364  1150.423814  562498.805690
14365  1150.503904  562509.865820
14366  1150.583995  562520.922094
14367  1150.664086  562531.974507
14368  1150.744177  562543.023055
14369  1150.824268  562554.067736
14370  1150.904358  562565.108546
14371  1150.984449  562576.145482
14372  1151.064540  562587.178540
14373  1151.144631  562598.207716
14374  1151.224721  562609.233008
14375  1151.304812  562620.254412
14376  1151.384903  562631.271924
14377  1151.464994  562642.285542
14378  1151.545084  562653.295261
14379  1151.625175  562664.301079
14380  1151.705266  562675.302991
14381  1151.785357  562686.300995
14382  1151.865448  562697.295087
14383  1151.945538  562708.285265
14384  1152.025629  562719.271523
14385  1152.105720  562730.253860
14386  1152.185811  562741.232271
14387  1152.265901  562752.206754
14388  1152.345992  562763.177305
14389  1152.426083  562774.143920
14390  1152.506174  562785.106597
14391  1152.586264  562796.065331
14392  1152.666355  562807.020121
14393  1152.746446  562817.970961
14394  1152.826537  562828.917850
14395  1152.906628  562839.860783
14396  1152.986718  562850.799758
14397  1153.066809  562861.734770
14398  1153.146900  562872.665818
14399  1153.226991  562883.592896
14400  1153.307081  562894.516003
14401  1153.387172  562905.435135
14402  1153.467263  562916.350288
14403  1153.547354  562927.261459
14404  1153.627444  562938.168645
14405  1153.707535  562949.071843
14406  1153.787626  562959.971049
14407  1153.867717  562970.866260
14408  1153.947808  562981.757473
14409  1154.027898  562992.644684
14410  1154.107989  563003.527891
14411  1154.188080  563014.407090
14412  1154.268171  563025.282278
14413  1154.348261  563036.153451
14414  1154.428352  563047.020606
14415  1154.508443  563057.883741
14416  1154.588534  563068.742851
14417  1154.668624  563079.597934
14418  1154.748715  563090.448987
14419  1154.828806  563101.296005
14420  1154.908897  563112.138987
14421  1154.988988  563122.977928
14422  1155.069078  563133.812825
14423  1155.149169  563144.643676
14424  1155.229260  563155.470477
14425  1155.309351  563166.293225
14426  1155.389441  563177.111917
14427  1155.469532  563187.926550
14428  1155.549623  563198.737119
14429  1155.629714  563209.543623
14430  1155.709804  563220.346058
14431  1155.789895  563231.144421
14432  1155.869986  563241.938709
14433  1155.950077  563252.728918
14434  1156.030168  563263.515045
14435  1156.110258  563274.297088
14436  1156.190349  563285.075043
14437  1156.270440  563295.848907
14438  1156.350531  563306.618677
14439  1156.430621  563317.384350
14440  1156.510712  563328.145922
14441  1156.590803  563338.903391
14442  1156.670894  563349.656753
14443  1156.750984  563360.406005
14444  1156.831075  563371.151145
14445  1156.911166  563381.892169
14446  1156.991257  563392.629074
14447  1157.071348  563403.361856
14448  1157.151438  563414.090514
14449  1157.231529  563424.815043
14450  1157.311620  563435.535441
14451  1157.391711  563446.251704
14452  1157.471801  563456.963831
14453  1157.551892  563467.671816
14454  1157.631983  563478.375658
14455  1157.712074  563489.075354
14456  1157.792164  563499.770900
14457  1157.872255  563510.462293
14458  1157.952346  563521.149531
14459  1158.032437  563531.832609
14460  1158.112528  563542.511526
14461  1158.192618  563553.186279
14462  1158.272709  563563.856863
14463  1158.352800  563574.523277
14464  1158.432891  563585.185517
14465  1158.512981  563595.843580
14466  1158.593072  563606.497464
14467  1158.673163  563617.147164
14468  1158.753254  563627.792679
14469  1158.833344  563638.434006
14470  1158.913435  563649.071140
14471  1158.993526  563659.704080
14472  1159.073617  563670.332823
14473  1159.153708  563680.957364
14474  1159.233798  563691.577703
14475  1159.313889  563702.193835
14476  1159.393980  563712.805757
14477  1159.474071  563723.413467
14478  1159.554161  563734.016962
14479  1159.634252  563744.616239
14480  1159.714343  563755.211295
14481  1159.794434  563765.802126
14482  1159.874524  563776.388731
14483  1159.954615  563786.971106
14484  1160.034706  563797.549249
14485  1160.114797  563808.123155
14486  1160.194888  563818.692824
14487  1160.274978  563829.258251
14488  1160.355069  563839.819433
14489  1160.435160  563850.376369
14490  1160.515251  563860.929055
14491  1160.595341  563871.477488
14492  1160.675432  563882.021665
14493  1160.755523  563892.561583
14494  1160.835614  563903.097241
14495  1160.915704  563913.628634
14496  1160.995795  563924.155760
14497  1161.075886  563934.678616
14498  1161.155977  563945.197200
14499  1161.236068  563955.711508
14500  1161.316158  563966.221538
14501  1161.396249  563976.727287
14502  1161.476340  563987.228752
14503  1161.556431  563997.725930
14504  1161.636521  564008.218819
14505  1161.716612  564018.707416
14506  1161.796703  564029.191717
14507  1161.876794  564039.671721
14508  1161.956884  564050.147424
14509  1162.036975  564060.618824
14510  1162.117066  564071.085918
14511  1162.197157  564081.548703
14512  1162.277248  564092.007176
14513  1162.357338  564102.461336
14514  1162.437429  564112.911178
14515  1162.517520  564123.356700
14516  1162.597611  564133.797900
14517  1162.677701  564144.234775
14518  1162.757792  564154.667322
14519  1162.837883  564165.095538
14520  1162.917974  564175.519422
14521  1162.998064  564185.938969
14522  1163.078155  564196.354177
14523  1163.158246  564206.765044
14524  1163.238337  564217.171568
14525  1163.318428  564227.573744
14526  1163.398518  564237.971571
14527  1163.478609  564248.365047
14528  1163.558700  564258.754167
14529  1163.638791  564269.138930
14530  1163.718881  564279.519334
14531  1163.798972  564289.895375
14532  1163.879063  564300.267050
14533  1163.959154  564310.634358
14534  1164.039244  564320.997296
14535  1164.119335  564331.355860
14536  1164.199426  564341.710049
14537  1164.279517  564352.059860
14538  1164.359608  564362.405290
14539  1164.439698  564372.746336
14540  1164.519789  564383.082997
14541  1164.599880  564393.415268
14542  1164.679971  564403.743149
14543  1164.760061  564414.066636
14544  1164.840152  564424.385727
14545  1164.920243  564434.700420
14546  1165.000334  564445.010710
14547  1165.080424  564455.316597
14548  1165.160515  564465.618078
14549  1165.240606  564475.915150
14550  1165.320697  564486.207810
14551  1165.400788  564496.496056
14552  1165.480878  564506.779886
14553  1165.560969  564517.059297
14554  1165.641060  564527.334286
14555  1165.721151  564537.604852
14556  1165.801241  564547.870991
14557  1165.881332  564558.132701
14558  1165.961423  564568.389980
14559  1166.041514  564578.642825
14560  1166.121604  564588.891233
14561  1166.201695  564599.135203
14562  1166.281786  564609.374732
14563  1166.361877  564619.609817
14564  1166.441968  564629.840456
14565  1166.522058  564640.066646
14566  1166.602149  564650.288385
14567  1166.682240  564660.505672
14568  1166.762331  564670.718502
14569  1166.842421  564680.926874
14570  1166.922512  564691.130786
14571  1167.002603  564701.330235
14572  1167.082694  564711.525218
14573  1167.162784  564721.715733
14574  1167.242875  564731.901779
14575  1167.322966  564742.083352
14576  1167.403057  564752.260450
14577  1167.483148  564762.433071
14578  1167.563238  564772.601213
14579  1167.643329  564782.764873
14580  1167.723420  564792.924048
14581  1167.803511  564803.078737
14582  1167.883601  564813.228937
14583  1167.963692  564823.374646
14584  1168.043783  564833.515861
14585  1168.123874  564843.652581
14586  1168.203964  564853.784802
14587  1168.284055  564863.912524
14588  1168.364146  564874.035742
14589  1168.444237  564884.154455
14590  1168.524328  564894.268662
14591  1168.604418  564904.378358
14592  1168.684509  564914.483543
14593  1168.764600  564924.584214
14594  1168.844691  564934.680369
14595  1168.924781  564944.772005
14596  1169.004872  564954.859121
14597  1169.084963  564964.941713
14598  1169.165054  564975.019781
14599  1169.245144  564985.093320
14600  1169.325235  564995.162331
14601  1169.405326  565005.226809
14602  1169.485417  565015.286753
14603  1169.565508  565025.342162
14604  1169.645598  565035.393031
14605  1169.725689  565045.439360
14606  1169.805780  565055.481147
14607  1169.885871  565065.518388
14608  1169.965961  565075.551083
14609  1170.046052  565085.579228
14610  1170.126143  565095.602822
14611  1170.206234  565105.621862
14612  1170.286325  565115.636346
14613  1170.366415  565125.646273
14614  1170.446506  565135.651640
14615  1170.526597  565145.652445
14616  1170.606688  565155.648686
14617  1170.686778  565165.640360
14618  1170.766869  565175.627466
14619  1170.846960  565185.610002
14620  1170.927051  565195.587965
14621  1171.007141  565205.561354
14622  1171.087232  565215.530165
14623  1171.167323  565225.494399
14624  1171.247414  565235.454051
14625  1171.327505  565245.409121
14626  1171.407595  565255.359605
14627  1171.487686  565265.305503
14628  1171.567777  565275.246812
14629  1171.647868  565285.183530
14630  1171.727958  565295.115655
14631  1171.808049  565305.043185
14632  1171.888140  565314.966118
14633  1171.968231  565324.884452
14634  1172.048321  565334.798185
14635  1172.128412  565344.707314
14636  1172.208503  565354.611839
14637  1172.288594  565364.511757
14638  1172.368685  565374.407067
14639  1172.448775  565384.297765
14640  1172.528866  565394.183850
14641  1172.608957  565404.065321
14642  1172.689048  565413.942175
14643  1172.769138  565423.814410
14644  1172.849229  565433.682025
14645  1172.929320  565443.545017
14646  1173.009411  565453.403385
14647  1173.089501  565463.257127
14648  1173.169592  565473.106240
14649  1173.249683  565482.950723
14650  1173.329774  565492.790575
14651  1173.409865  565502.625792
14652  1173.489955  565512.456374
14653  1173.570046  565522.282318
14654  1173.650137  565532.103623
14655  1173.730228  565541.920286
14656  1173.810318  565551.732306
14657  1173.890409  565561.539681
14658  1173.970500  565571.342409
14659  1174.050591  565581.140489
14660  1174.130681  565590.933918
14661  1174.210772  565600.722694
14662  1174.290863  565610.506817
14663  1174.370954  565620.286284
14664  1174.451045  565630.061092
14665  1174.531135  565639.831242
14666  1174.611226  565649.596730
14667  1174.691317  565659.357555
14668  1174.771408  565669.113715
14669  1174.851498  565678.865209
14670  1174.931589  565688.612034
14671  1175.011680  565698.354189
14672  1175.091771  565708.091672
14673  1175.171861  565717.824482
14674  1175.251952  565727.552616
14675  1175.332043  565737.276073
14676  1175.412134  565746.994852
14677  1175.492225  565756.708950
14678  1175.572315  565766.418366
14679  1175.652406  565776.123098
14680  1175.732497  565785.823144
14681  1175.812588  565795.518503
14682  1175.892678  565805.209174
14683  1175.972769  565814.895153
14684  1176.052860  565824.576441
14685  1176.132951  565834.253034
14686  1176.213041  565843.924932
14687  1176.293132  565853.592133
14688  1176.373223  565863.254635
14689  1176.453314  565872.912437
14690  1176.533405  565882.565536
14691  1176.613495  565892.213932
14692  1176.693586  565901.857622
14693  1176.773677  565911.496606
14694  1176.853768  565921.130881
14695  1176.933858  565930.760445
14696  1177.013949  565940.385299
14697  1177.094040  565950.005439
14698  1177.174131  565959.620864
14699  1177.254221  565969.231573
14700  1177.334312  565978.837563
14701  1177.414403  565988.438835
14702  1177.494494  565998.035385
14703  1177.574585  566007.627213
14704  1177.654675  566017.214316
14705  1177.734766  566026.796694
14706  1177.814857  566036.374345
14707  1177.894948  566045.947267
14708  1177.975038  566055.515459
14709  1178.055129  566065.078920
14710  1178.135220  566074.637647
14711  1178.215311  566084.191640
14712  1178.295401  566093.740896
14713  1178.375492  566103.285415
14714  1178.455583  566112.825195
14715  1178.535674  566122.360235
14716  1178.615765  566131.890532
14717  1178.695855  566141.416086
14718  1178.775946  566150.936896
14719  1178.856037  566160.452959
14720  1178.936128  566169.964274
14721  1179.016218  566179.470841
14722  1179.096309  566188.972657
14723  1179.176400  566198.469721
14724  1179.256491  566207.962032
14725  1179.336581  566217.449588
14726  1179.416672  566226.932388
14727  1179.496763  566236.410431
14728  1179.576854  566245.883715
14729  1179.656945  566255.352238
14730  1179.737035  566264.816000
14731  1179.817126  566274.275000
14732  1179.897217  566283.729235
14733  1179.977308  566293.178705
14734  1180.057398  566302.623408
14735  1180.137489  566312.063342
14736  1180.217580  566321.498507
14737  1180.297671  566330.928902
14738  1180.377761  566340.354524
14739  1180.457852  566349.775373
14740  1180.537943  566359.191447
14741  1180.618034  566368.602745
14742  1180.698125  566378.009266
14743  1180.778215  566387.411008
14744  1180.858306  566396.807971
14745  1180.938397  566406.200153
14746  1181.018488  566415.587552
14747  1181.098578  566424.970168
14748  1181.178669  566434.347999
14749  1181.258760  566443.721044
14750  1181.338851  566453.089302
14751  1181.418941  566462.452772
14752  1181.499032  566471.811452
14753  1181.579123  566481.165341
14754  1181.659214  566490.514438
14755  1181.739305  566499.858742
14756  1181.819395  566509.198252
14757  1181.899486  566518.532966
14758  1181.979577  566527.862883
14759  1182.059668  566537.188003
14760  1182.139758  566546.508323
14761  1182.219849  566555.823844
14762  1182.299940  566565.134563
14763  1182.380031  566574.440479
14764  1182.460121  566583.741592
14765  1182.540212  566593.037900
14766  1182.620303  566602.329403
14767  1182.700394  566611.616098
14768  1182.780485  566620.897986
14769  1182.860575  566630.175064
14770  1182.940666  566639.447332
14771  1183.020757  566648.714789
14772  1183.100848  566657.977434
14773  1183.180938  566667.235265
14774  1183.261029  566676.488282
14775  1183.341120  566685.736483
14776  1183.421211  566694.979868
14777  1183.501301  566704.218435
14778  1183.581392  566713.452183
14779  1183.661483  566722.681112
14780  1183.741574  566731.905220
14781  1183.821665  566741.124506
14782  1183.901755  566750.338970
14783  1183.981846  566759.548609
14784  1184.061937  566768.753425
14785  1184.142028  566777.953414
14786  1184.222118  566787.148577
14787  1184.302209  566796.338912
14788  1184.382300  566805.524419
14789  1184.462391  566814.705096
14790  1184.542481  566823.880942
14791  1184.622572  566833.051957
14792  1184.702663  566842.218139
14793  1184.782754  566851.379489
14794  1184.862845  566860.536004
14795  1184.942935  566869.687683
14796  1185.023026  566878.834527
14797  1185.103117  566887.976534
14798  1185.183208  566897.113702
14799  1185.263298  566906.246032
14800  1185.343389  566915.373522
14801  1185.423480  566924.496172
14802  1185.503571  566933.613980
14803  1185.583661  566942.726946
14804  1185.663752  566951.835069
14805  1185.743843  566960.938348
14806  1185.823934  566970.036781
14807  1185.904025  566979.130369
14808  1185.984115  566988.219111
14809  1186.064206  566997.303005
14810  1186.144297  567006.382051
14811  1186.224388  567015.456248
14812  1186.304478  567024.525595
14813  1186.384569  567033.590092
14814  1186.464660  567042.649737
14815  1186.544751  567051.704530
14816  1186.624841  567060.754469
14817  1186.704932  567069.799556
14818  1186.785023  567078.839787
14819  1186.865114  567087.875163
14820  1186.945205  567096.905684
14821  1187.025295  567105.931347
14822  1187.105386  567114.952153
14823  1187.185477  567123.968101
14824  1187.265568  567132.979189
14825  1187.345658  567141.985418
14826  1187.425749  567150.986787
14827  1187.505840  567159.983294
14828  1187.585931  567168.974939
14829  1187.666021  567177.961722
14830  1187.746112  567186.943642
14831  1187.826203  567195.920698
14832  1187.906294  567204.892889
14833  1187.986385  567213.860215
14834  1188.066475  567222.822675
14835  1188.146566  567231.780268
14836  1188.226657  567240.732994
14837  1188.306748  567249.680852
14838  1188.386838  567258.623842
14839  1188.466929  567267.561963
14840  1188.547020  567276.495213
14841  1188.627111  567285.423594
14842  1188.707201  567294.347103
14843  1188.787292  567303.265741
14844  1188.867383  567312.179506
14845  1188.947474  567321.088399
14846  1189.027565  567329.992418
14847  1189.107655  567338.891564
14848  1189.187746  567347.785835
14849  1189.267837  567356.675230
14850  1189.347928  567365.559750
14851  1189.428018  567374.439394
14852  1189.508109  567383.314161
14853  1189.588200  567392.184051
14854  1189.668291  567401.049063
14855  1189.748381  567409.909196
14856  1189.828472  567418.764451
14857  1189.908563  567427.614826
14858  1189.988654  567436.460321
14859  1190.068745  567445.300936
14860  1190.148835  567454.136670
14861  1190.228926  567462.967523
14862  1190.309017  567471.793493
14863  1190.389108  567480.614582
14864  1190.469198  567489.430787
14865  1190.549289  567498.242109
14866  1190.629380  567507.048547
14867  1190.709471  567515.850102
14868  1190.789562  567524.646771
14869  1190.869652  567533.438556
14870  1190.949743  567542.225454
14871  1191.029834  567551.007467
14872  1191.109925  567559.784594
14873  1191.190015  567568.556834
14874  1191.270106  567577.324186
14875  1191.350197  567586.086651
14876  1191.430288  567594.844228
14877  1191.510378  567603.596917
14878  1191.590469  567612.344717
14879  1191.670560  567621.087628
14880  1191.750651  567629.825649
14881  1191.830742  567638.558780
14882  1191.910832  567647.287022
14883  1191.990923  567656.010372
14884  1192.071014  567664.728832
14885  1192.151105  567673.442401
14886  1192.231195  567682.151077
14887  1192.311286  567690.854862
14888  1192.391377  567699.553755
14889  1192.471468  567708.247756
14890  1192.551558  567716.936863
14891  1192.631649  567725.621077
14892  1192.711740  567734.300398
14893  1192.791831  567742.974825
14894  1192.871922  567751.644358
14895  1192.952012  567760.308997
14896  1193.032103  567768.968742
14897  1193.112194  567777.623591
14898  1193.192285  567786.273545
14899  1193.272375  567794.918605
14900  1193.352466  567803.558768
14901  1193.432557  567812.194036
14902  1193.512648  567820.824408
14903  1193.592738  567829.449883
14904  1193.672829  567838.070462
14905  1193.752920  567846.686145
14906  1193.833011  567855.296930
14907  1193.913102  567863.902819
14908  1193.993192  567872.503810
14909  1194.073283  567881.099903
14910  1194.153374  567889.691099
14911  1194.233465  567898.277398
14912  1194.313555  567906.858798
14913  1194.393646  567915.435300
14914  1194.473737  567924.006903
14915  1194.553828  567932.573609
14916  1194.633918  567941.135415
14917  1194.714009  567949.692323
14918  1194.794100  567958.244332
14919  1194.874191  567966.791442
14920  1194.954282  567975.333653
14921  1195.034372  567983.870964
14922  1195.114463  567992.403377
14923  1195.194554  568000.930889
14924  1195.274645  568009.453502
14925  1195.354735  568017.971216
14926  1195.434826  568026.484030
14927  1195.514917  568034.991944
14928  1195.595008  568043.494958
14929  1195.675098  568051.993072
14930  1195.755189  568060.486286
14931  1195.835280  568068.974600
14932  1195.915371  568077.458014
14933  1195.995462  568085.936528
14934  1196.075552  568094.410142
14935  1196.155643  568102.878855
14936  1196.235734  568111.342668
14937  1196.315825  568119.801581
14938  1196.395915  568128.255594
14939  1196.476006  568136.704706
14940  1196.556097  568145.148918
14941  1196.636188  568153.588230
14942  1196.716278  568162.022641
14943  1196.796369  568170.452152
14944  1196.876460  568178.876763
14945  1196.956551  568187.296474
14946  1197.036642  568195.711285
14947  1197.116732  568204.121195
14948  1197.196823  568212.526205
14949  1197.276914  568220.926316
14950  1197.357005  568229.321526
14951  1197.437095  568237.711837
14952  1197.517186  568246.097247
14953  1197.597277  568254.477758
14954  1197.677368  568262.853370
14955  1197.757458  568271.224081
14956  1197.837549  568279.589893
14957  1197.917640  568287.950806
14958  1197.997731  568296.306820
14959  1198.077822  568304.657934
14960  1198.157912  568313.004149
14961  1198.238003  568321.345466
14962  1198.318094  568329.681883
14963  1198.398185  568338.013402
14964  1198.478275  568346.340022
14965  1198.558366  568354.661744
14966  1198.638457  568362.978568
14967  1198.718548  568371.290493
14968  1198.798638  568379.597521
14969  1198.878729  568387.899651
14970  1198.958820  568396.196883
14971  1199.038911  568404.489218
14972  1199.119002  568412.776656
14973  1199.199092  568421.059197
14974  1199.279183  568429.336841
14975  1199.359274  568437.609588
14976  1199.439365  568445.877439
14977  1199.519455  568454.140394
14978  1199.599546  568462.398453
14979  1199.679637  568470.651616
14980  1199.759728  568478.899883
14981  1199.839818  568487.143256
14982  1199.919909  568495.381733
14983  1200.000000  568495.381733